prescription_id,prescription_date,prescription_time,fill_date,refill_number,days_supply,medicine_name,generic_name,ndc_code,dosage,dosage_form,quantity_prescribed,quantity_dispensed,unit_price,total_price,ingredient_cost,dispensing_fee,controlled_substance_class,pharmacist_id,pharmacist_name,pharmacist_license,pharmacist_license_state,pharmacist_years_experience,pharmacy_id,pharmacy_name,pharmacy_chain,pharmacy_address,pharmacy_city,pharmacy_state,pharmacy_zip,pharmacy_phone,pharmacy_license,pharmacy_npi,pharmacy_dea,doctor_id,doctor_name,doctor_npi,doctor_dea,doctor_license,doctor_specialty,doctor_address,doctor_city,doctor_state,doctor_zip,doctor_phone,doctor_years_practice,patient_id,patient_age,patient_gender,patient_zip,patient_state,insurance_company,insurance_plan_id,insurance_group_number,insurance_bin,insurance_pcn,copay_amount,insurance_paid,patient_paid,diagnosis_code,diagnosis_description,therapeutic_class,indication,submission_clarification_code,days_since_last_fill,early_refill_days,prescription_origin,transmission_type,doctor_pharmacy_distance_miles,patient_pharmacy_distance_miles,prescriptions_by_doctor_this_month,prescriptions_to_pharmacy_this_month,doctor_pharmacy_referral_count,unusual_dosage_flag,duplicate_therapy_flag,price_variance_from_average,multiple_prescribers_same_drug,pharmacy_shopping_indicator,doctor_shopping_indicator,day_of_week,time_of_day,rush_prescription,prior_authorization_required,prior_authorization_approved,formulary_status,generic_available,daw_code,payment_method,claim_status,rejection_code,reversal_indicator,allergies_checked,drug_interaction_checked,counseling_provided,medication_therapy_management,fraud_risk_score,abuse_risk_score,cost_variance_score,is_fraud
RX00000001,2024-06-10,09:37:27,2025-11-18,0,30,Omeprazole,Amlodipine,76237-716-13,250mg,Capsule,176,149,210.05,2251.55,1255.47,44.12,Schedule II,PH0179,Pharmacist_109,RPH456778,TX,10,PHM0014,Prime Pharmacy,Walgreens,1774 Main St,Houston,CA,57052,(552) 818-5333,PHL15695,8429141456,FR3094235,DOC0033,Dr. Brown C,7665963761,AU7067228,MD705397,Dermatology,1239 Medical Blvd,Los Angeles,TX,20458,(438) 303-7227,18,PAT003715,64,M,58520,TX,Cigna,INS97841,GRP5374,835911,PCN2169,60.91,770.12,364.56,J44.9,Arthritis,Antidiabetic,Chronic Disease,04,112,13,Electronic,Electronic,14.04,11.53,17,825,140,1,1,-24.38,2,1,3,Friday,Evening,0,1,1,Non-Formulary,0,2,Cash,Rejected,88,1,1,1,1,0,24.49,99.73,-72.33,0
RX00000002,2024-10-14,17:04:24,2024-11-25,9,60,Rosuvastatin,Gabapentin,82512-981-11,500mg,Tablet,147,78,384.42,1707.48,1324.28,12.12,None,PH0185,Pharmacist_185,RPH376183,IL,12,PHM0033,HealthPlus Pharmacy,Independent,4989 Park St,Phoenix,NY,30032,(582) 980-3646,PHL80697,4944899549,FT6438436,DOC0407,Dr. Brown A,8760038701,AH1971823,MD352572,Endocrinology,1390 Medical Blvd,Houston,CA,79822,(984) 328-3103,31,PAT004504,39,F,79163,OH,Self-Pay,INS65461,GRP4470,665492,PCN4295,71.29,1795.47,335.84,E78.5,Arthritis,Psychotherapeutic,Acute Condition,00,126,-16,Written,Phone,62.78,1.15,284,236,440,0,0,148.02,0,10,0,Tuesday,Morning,0,1,0,Tier 2,1,3,Cash,Rejected,88,1,0,1,1,0,10.96,9.43,31.8,0
RX00000003,2025-09-11,08:25:46,2025-01-07,12,30,Amlodipine,Omeprazole,34931-649-67,20mg,Injection,56,81,231.58,4373.68,343.86,41.36,Schedule V,PH0026,Pharmacist_13,RPH783823,IL,1,PHM0006,Express Meds,CVS,2824 Washington St,Houston,FL,38016,(610) 260-3697,PHL59672,6971815972,FZ8633773,DOC0231,Dr. Williams N,3090237817,AG5977931,MD328275,Cardiology,9589 Medical Blvd,Chicago,CA,16572,(798) 688-9238,34,PAT001290,25,Other,20500,OH,Aetna,INS18981,GRP2113,808011,PCN4853,40.38,4237.18,284.84,R51,Asthma,Cardiovascular,Preventive,00,214,12,Electronic,Phone,67.37,10.29,367,322,442,0,1,196.04,3,2,4,Thursday,Evening,0,0,1,Tier 1,0,4,Cash,Pending,75,1,0,0,1,1,72.91,15.77,66.75,0
RX00000004,2024-02-10,09:56:08,2025-03-25,1,30,Oxycodone,Albuterol,30374-378-46,250mg,Capsule,97,62,343.9,4266.03,2276.81,16.3,None,PH0024,Pharmacist_163,RPH544151,OH,18,PHM0003,TrustedMeds,Independent,5564 Oak St,Philadelphia,TX,31178,(959) 652-8007,PHL83519,1041531046,FC3500715,DOC0334,Dr. Jones B,8879525611,AS3484601,MD550664,Orthopedics,785 Clinic Blvd,Chicago,CA,56898,(415) 898-5088,7,PAT002898,89,F,91351,PA,Aetna,INS41029,GRP3662,938742,PCN3900,88.14,111.54,368.28,E78.5,Arthritis,Analgesic,Chronic Disease,01,359,-24,Fax,Electronic,66.82,42.94,114,205,334,1,1,88.65,2,3,3,Monday,Afternoon,1,1,1,Tier 1,1,2,Check,Reversed,88,1,0,0,1,0,52.89,58.06,96.71,0
RX00000005,2024-07-15,09:24:57,2024-05-09,3,60,Ibuprofen,Tramadol,67154-101-76,250mg,Capsule,103,120,35.45,3324.55,1489.25,19.13,None,PH0185,Pharmacist_77,RPH631756,TX,27,PHM0021,TrustedMeds,Rite Aid,4944 Park St,Los Angeles,NY,65108,(880) 588-3851,PHL90676,7739255769,FM1006810,DOC0020,Dr. Williams J,6197695041,AZ6406444,MD587575,Internal Medicine,7344 Hospital Blvd,Phoenix,FL,32241,(874) 286-5649,33,PAT002746,29,M,98184,TX,Cigna,INS36100,GRP3414,125611,PCN1757,24.48,2138.11,424.87,I10,Arthritis,Antidiabetic,Preventive,01,356,-6,Fax,Fax,1.64,12.27,336,705,276,0,0,140.93,3,3,2,Sunday,Night,0,0,0,Non-Formulary,0,3,Check,Pending,79,1,1,0,1,1,91.86,25.92,-50.55,1
RX00000006,2023-12-21,12:15:17,2025-01-11,5,90,Metformin,Atorvastatin,29769-336-59,500mg,Capsule,64,26,207.73,1661.1,2099.33,7.8,Schedule IV,PH0100,Pharmacist_198,RPH712451,PA,2,PHM0049,TrustedMeds,Independent,6332 Washington St,New York,TX,49139,(971) 599-7865,PHL80545,6242173772,FH5579094,DOC0413,Dr. Brown P,5419627962,AK7783308,MD859359,Orthopedics,7757 Hospital Blvd,Phoenix,IL,13534,(603) 806-1444,6,PAT003512,35,F,33819,CA,Humana,INS59689,GRP6363,321941,PCN8449,32.68,3425.53,189.56,F33.1,Arthritis,Antibiotic,Pain,03,9,17,Written,Phone,24.0,11.29,36,800,266,0,0,59.97,1,3,0,Friday,Afternoon,0,0,1,Tier 1,0,3,Credit Card,Pending,75,0,0,1,0,0,48.46,92.89,15.16,0
RX00000007,2024-03-18,11:06:44,2025-02-15,10,90,Lisinopril,Methylprednisolone,15383-455-78,100mg,Syrup,27,139,323.95,73.13,1893.16,27.06,Schedule IV,PH0093,Pharmacist_163,RPH968962,FL,10,PHM0028,Family Pharmacy,CVS,8648 Maple St,Phoenix,OH,80539,(993) 695-8616,PHL67091,7839626408,FK5118725,DOC0213,Dr. Miller C,2936179853,AY8796514,MD697530,Endocrinology,6309 Clinic Blvd,New York,FL,52600,(386) 699-4475,23,PAT002117,61,F,88139,PA,Humana,INS82848,GRP1166,641722,PCN4130,8.56,3240.34,244.29,F33.1,Diabetes,Antidiabetic,Acute Condition,03,8,-25,Electronic,Paper,7.69,20.28,125,314,482,1,1,122.65,4,8,5,Thursday,Evening,1,1,1,Tier 3,1,1,Insurance,Rejected,76,0,0,0,0,1,71.5,27.65,17.92,0
RX00000008,2025-02-14,08:45:34,2025-08-13,4,30,Ibuprofen,Albuterol,48290-814-26,500mg,Injection,36,13,287.25,2352.29,1984.91,13.3,None,PH0065,Pharmacist_123,RPH219629,OH,5,PHM0026,City Pharmacy,Rite Aid,1313 Park St,Philadelphia,PA,17026,(355) 352-5978,PHL21164,5268845844,FD7982241,DOC0326,Dr. Jones T,7539399243,AO8427625,MD411797,Endocrinology,7125 Clinic Blvd,Phoenix,IL,17894,(824) 957-2625,14,PAT001729,51,Other,20641,NY,Cigna,INS32782,GRP2229,264136,PCN1043,40.85,3102.17,234.96,E11.9,Diabetes,Antibiotic,Chronic Disease,03,36,13,Phone,Phone,29.7,39.41,321,604,51,0,1,40.22,0,8,3,Saturday,Afternoon,1,0,0,Tier 1,0,2,Check,Pending,79,0,1,1,1,1,83.26,50.05,-1.24,0
RX00000009,2024-01-30,17:37:01,2024-02-01,4,90,Ibuprofen,Morphine,32962-581-76,500mg,Injection,81,56,498.47,2185.07,3665.03,48.61,Schedule IV,PH0090,Pharmacist_105,RPH449499,TX,7,PHM0011,TrustedMeds,Walgreens,6844 Washington St,Chicago,PA,62488,(978) 763-1601,PHL69614,5673181221,FI6423634,DOC0002,Dr. Smith Y,5243939720,AV8750676,MD533321,Cardiology,3173 Clinic Blvd,Phoenix,FL,91973,(652) 978-1845,14,PAT002188,88,M,47752,FL,Medicare,INS25915,GRP1472,760626,PCN4920,70.98,1398.38,6.84,K21.9,Hypertension,Analgesic,Pain,03,60,11,Phone,Fax,1.33,46.64,150,522,476,1,1,63.7,3,7,3,Thursday,Afternoon,1,0,0,Tier 1,1,3,Credit Card,Pending,None,1,1,1,0,1,79.67,53.86,-30.98,1
RX00000010,2025-04-20,17:24:14,2024-10-26,0,60,Oxycodone,Escitalopram,59968-495-94,500mg,Capsule,136,19,63.56,4827.11,1497.32,9.52,Schedule IV,PH0026,Pharmacist_135,RPH579123,CA,10,PHM0027,Family Pharmacy,CVS,1325 Washington St,Chicago,TX,91691,(909) 607-2315,PHL53065,8556573246,FR1602286,DOC0299,Dr. Jones C,5683143581,AD2686231,MD565230,Orthopedics,5006 Medical Blvd,New York,TX,17355,(500) 567-7141,28,PAT001193,49,Other,64008,IL,Aetna,INS32280,GRP3868,182804,PCN7267,61.97,1083.73,456.41,J44.9,Diabetes,Antidiabetic,Chronic Disease,03,130,12,Written,Fax,86.97,45.07,347,560,233,0,0,195.19,3,5,4,Saturday,Night,1,1,1,Tier 2,1,3,Insurance,Rejected,79,1,1,1,0,1,93.29,27.45,13.19,0
RX00000011,2025-03-02,11:38:51,2024-12-25,3,90,Omeprazole,Ciprofloxacin,42850-794-94,500mg,Capsule,170,34,451.75,3235.24,1393.65,24.84,Schedule V,PH0094,Pharmacist_188,RPH237795,CA,19,PHM0021,HealthPlus Pharmacy,Rite Aid,2977 Oak St,Los Angeles,OH,80701,(574) 743-9221,PHL45720,4566852761,FI9084065,DOC0402,Dr. Miller J,5789617427,AC3361510,MD890785,Dermatology,6611 Clinic Blvd,New York,FL,11824,(470) 749-3024,30,PAT003020,51,Other,59941,OH,Kaiser Permanente,INS24201,GRP4830,594379,PCN1410,61.95,4244.26,164.0,R51,Diabetes,Cardiovascular,Acute Condition,02,332,-4,Written,Paper,49.72,2.36,20,312,466,1,0,176.04,0,3,8,Tuesday,Night,1,1,1,Tier 2,1,0,Debit Card,Reversed,76,0,1,0,1,1,60.64,95.06,71.09,0
RX00000012,2024-09-11,09:42:13,2024-03-03,10,90,Amoxicillin,Ibuprofen,53713-349-26,250mg,Capsule,27,151,103.98,1087.6,3914.28,19.79,Schedule II,PH0153,Pharmacist_1,RPH390743,OH,10,PHM0009,Express Meds,Independent,4206 Oak St,New York,PA,13379,(334) 215-6869,PHL41186,7824071339,FA3923366,DOC0012,Dr. Williams B,5567946981,AO7074006,MD638169,Endocrinology,1886 Health Blvd,Phoenix,NY,90623,(244) 944-9543,20,PAT003753,21,M,72781,OH,Anthem,INS65872,GRP2768,614084,PCN8267,7.35,363.56,304.15,I10,Diabetes,Antibiotic,Preventive,04,280,15,Electronic,Fax,1.03,49.73,272,302,131,1,1,68.32,0,1,8,Saturday,Afternoon,1,1,0,Non-Formulary,1,3,Debit Card,Reversed,None,1,1,1,1,1,81.94,95.36,37.36,1
RX00000013,2025-08-09,16:03:37,2024-05-24,8,60,Prednisone,Lisinopril,63845-462-95,100mg,Tablet,83,163,156.57,526.97,2285.82,11.96,Schedule IV,PH0058,Pharmacist_28,RPH467121,OH,24,PHM0008,CarePlus Pharmacy,Walgreens,9506 Oak St,Houston,OH,83526,(985) 836-1430,PHL89822,2148679234,FF5584716,DOC0067,Dr. Garcia Y,6754503097,AA4043480,MD250210,Endocrinology,6666 Medical Blvd,Los Angeles,CA,22026,(964) 743-4524,25,PAT003440,76,F,30631,TX,Humana,INS52517,GRP2391,155164,PCN3549,15.74,2780.27,336.98,F41.9,Arthritis,Antidiabetic,Acute Condition,04,226,-4,Electronic,Paper,9.75,37.77,59,354,43,1,0,134.7,2,10,7,Friday,Evening,0,0,1,Tier 1,0,1,Credit Card,Rejected,75,1,1,1,0,0,9.32,49.74,-13.87,0
RX00000014,2024-11-09,08:27:01,2024-09-06,1,60,Methylprednisolone,Clopidogrel,85156-514-91,100mg,Syrup,39,113,10.92,1630.59,3606.94,32.82,Schedule III,PH0023,Pharmacist_112,RPH985506,CA,16,PHM0028,QuickMeds,Independent,6660 Park St,New York,FL,50668,(963) 547-4630,PHL53655,4346285771,FC9564488,DOC0018,Dr. Garcia D,8628842157,AL3477824,MD347745,Neurology,2499 Clinic Blvd,Los Angeles,NY,88957,(356) 978-2234,12,PAT004048,77,Other,85952,FL,Self-Pay,INS94278,GRP6295,757685,PCN6179,15.1,307.29,221.1,F41.9,Depression,Psychotherapeutic,Pain,02,259,-26,Electronic,Fax,3.37,22.65,30,378,356,1,0,103.13,5,1,8,Thursday,Night,0,1,0,Tier 3,1,4,Cash,Paid,79,0,1,0,0,0,86.76,24.77,-12.45,1
RX00000015,2025-01-08,18:38:03,2024-03-14,10,60,Metformin,Losartan,22387-671-96,100mg,Syrup,74,178,482.22,3017.48,680.93,8.67,Schedule II,PH0090,Pharmacist_80,RPH787923,PA,26,PHM0009,Main Street Pharmacy,Independent,1488 Maple St,Phoenix,FL,94343,(536) 330-9624,PHL22249,2554039848,FL6181912,DOC0288,Dr. Johnson G,8585583166,AG4800761,MD244247,Orthopedics,1364 Clinic Blvd,New York,IL,80748,(956) 739-1618,22,PAT001074,66,M,31266,NY,Self-Pay,INS31697,GRP8170,145814,PCN7731,36.43,3238.14,484.79,R51,Depression,Antidiabetic,Infection,04,122,-11,Fax,Paper,91.8,18.46,485,585,81,1,1,46.85,2,6,8,Friday,Night,0,0,0,Tier 3,0,3,Credit Card,Paid,88,0,1,0,0,1,36.39,44.93,2.67,0
RX00000016,2024-10-22,08:25:32,2024-12-03,3,60,Metformin,Sertraline,39430-128-50,10mg,Syrup,47,45,19.63,4587.81,2128.68,42.4,Schedule IV,PH0115,Pharmacist_158,RPH105506,CA,2,PHM0017,Metro Pharmacy,CVS,2549 Park St,Philadelphia,IL,79176,(633) 313-5720,PHL41147,2293434554,FB5000351,DOC0067,Dr. Brown U,2963288053,AD9385742,MD725726,General Practice,369 Hospital Blvd,Los Angeles,TX,66261,(201) 829-6780,16,PAT004675,71,M,97080,PA,UnitedHealth,INS78614,GRP6908,170966,PCN9618,54.41,3538.86,253.81,E11.9,Arthritis,Antidiabetic,Pain,03,191,-14,Written,Phone,88.47,39.45,177,247,113,0,1,182.62,1,0,5,Friday,Evening,0,1,1,Tier 2,0,0,Debit Card,Paid,76,0,0,0,0,1,81.67,93.34,3.08,0
RX00000017,2025-11-02,18:21:17,2025-08-15,12,60,Clopidogrel,Simvastatin,67637-495-53,20mg,Injection,137,104,462.19,2601.19,3606.16,37.72,None,PH0111,Pharmacist_155,RPH962287,NY,35,PHM0019,Express Meds,Walgreens,1780 Main St,Chicago,PA,48750,(513) 656-7981,PHL31842,8257484586,FL8501590,DOC0299,Dr. Smith X,9581991473,AI1962308,MD178686,Psychiatry,6052 Hospital Blvd,New York,NY,89635,(894) 648-1570,9,PAT000551,48,Other,58015,TX,Anthem,INS84349,GRP1530,734487,PCN3513,67.91,4269.71,186.01,F33.1,Hypertension,Psychotherapeutic,Infection,04,187,-5,Electronic,Phone,64.73,12.56,59,27,129,0,1,21.53,4,6,8,Monday,Evening,1,1,0,Tier 3,1,1,Insurance,Rejected,None,1,0,1,0,1,3.66,66.78,41.91,0
RX00000018,2024-03-07,10:50:23,2024-07-18,3,30,Omeprazole,Atorvastatin,41029-909-73,10mg,Syrup,151,156,184.77,4020.27,2484.65,32.54,None,PH0017,Pharmacist_80,RPH517500,PA,31,PHM0034,Metro Pharmacy,Rite Aid,6808 Park St,New York,NY,51553,(857) 275-8372,PHL71057,2479679716,FY4052834,DOC0169,Dr. Miller E,5952163720,AF3717354,MD438334,Dermatology,5769 Clinic Blvd,New York,TX,35729,(850) 764-5496,9,PAT002481,86,M,75873,PA,Aetna,INS87569,GRP3526,279516,PCN6531,84.25,2536.28,412.62,E11.9,Hypertension,Cardiovascular,Preventive,02,333,-17,Fax,Electronic,71.21,24.95,322,559,153,1,1,181.83,3,3,6,Wednesday,Night,0,0,0,Non-Formulary,1,3,Debit Card,Rejected,76,0,1,1,1,1,85.14,13.08,-25.89,0
RX00000019,2025-10-30,12:24:55,2024-03-30,6,30,Levothyroxine,Losartan,85718-838-50,20mg,Capsule,137,141,233.67,4396.59,2240.68,9.05,Schedule IV,PH0130,Pharmacist_118,RPH352422,NY,23,PHM0004,QuickMeds,Independent,4709 Washington St,Phoenix,OH,95755,(888) 681-5681,PHL80345,5756663747,FE5437118,DOC0184,Dr. Garcia L,8575707116,AL1759041,MD520040,Cardiology,9443 Hospital Blvd,Chicago,IL,47827,(275) 595-9261,29,PAT004505,53,Other,99181,IL,UnitedHealth,INS26864,GRP2584,513037,PCN7114,79.49,1525.88,469.47,F33.1,Diabetes,Analgesic,Preventive,04,205,2,Written,Electronic,45.01,2.04,366,342,238,1,1,-14.78,1,9,8,Tuesday,Evening,1,0,1,Tier 3,1,4,Check,Reversed,88,1,1,0,1,1,12.25,67.38,95.98,0
RX00000020,2025-03-24,18:50:49,2024-05-07,9,30,Oxycodone,Ibuprofen,86483-591-31,250mg,Cream,107,47,410.92,1218.56,2578.7,36.52,Schedule II,PH0005,Pharmacist_113,RPH428930,FL,10,PHM0027,Metro Pharmacy,CVS,6823 Park St,Phoenix,FL,18163,(922) 341-9498,PHL37176,7703957637,FV9025733,DOC0428,Dr. Jones M,6038780151,AR6743294,MD672808,Oncology,4431 Health Blvd,Los Angeles,NY,46569,(771) 505-4684,20,PAT002368,44,Other,74094,TX,Medicare,INS55718,GRP5480,401769,PCN2996,57.35,2444.36,447.88,K21.9,Depression,Analgesic,Chronic Disease,00,147,15,Written,Phone,62.96,46.21,336,263,371,1,0,99.23,1,8,4,Friday,Evening,0,0,0,Tier 2,0,4,Cash,Rejected,None,0,1,1,1,0,87.21,68.12,-72.51,0
RX00000021,2024-02-23,11:48:18,2025-01-26,4,90,Ibuprofen,Morphine,21725-767-83,20mg,Cream,19,54,209.23,4189.65,4202.98,6.64,Schedule IV,PH0127,Pharmacist_48,RPH885386,OH,19,PHM0003,Wellness Pharmacy,Independent,4988 Park St,Phoenix,CA,53914,(491) 665-9901,PHL78723,5031086659,FQ8852085,DOC0496,Dr. Williams G,4473829163,AK3726201,MD866634,Internal Medicine,4315 Hospital Blvd,New York,TX,48669,(781) 890-4164,12,PAT003322,72,Other,52982,CA,Anthem,INS97720,GRP2562,293757,PCN3303,47.75,4211.21,3.42,K21.9,Diabetes,Antidiabetic,Chronic Disease,02,154,7,Written,Phone,88.08,32.72,355,242,208,0,0,68.92,3,4,2,Thursday,Evening,0,1,1,Tier 2,0,1,Debit Card,Rejected,79,1,1,1,0,0,65.29,68.03,19.16,0
RX00000022,2025-10-18,16:57:32,2025-05-27,9,90,Atorvastatin,Levothyroxine,53007-974-76,100mg,Tablet,62,159,244.67,4495.46,2007.44,7.5,Schedule II,PH0132,Pharmacist_107,RPH578987,IL,4,PHM0036,Express Meds,Rite Aid,5149 Main St,Houston,TX,10395,(963) 423-2196,PHL15936,7114733717,FW2069713,DOC0290,Dr. Jones B,9305502799,AB5816582,MD528728,Orthopedics,2318 Health Blvd,Chicago,FL,68790,(586) 584-2314,35,PAT001090,62,M,33392,IL,Anthem,INS79316,GRP3086,863214,PCN4648,83.48,3402.81,489.25,M79.7,Asthma,Antidiabetic,Preventive,03,117,-15,Fax,Phone,7.9,7.84,97,960,270,0,0,91.04,5,6,0,Tuesday,Afternoon,0,0,0,Non-Formulary,0,1,Insurance,Reversed,79,0,0,0,0,1,70.38,23.42,83.28,0
RX00000023,2025-07-27,18:33:14,2024-10-23,4,60,Ibuprofen,Albuterol,87550-852-32,500mg,Injection,152,136,23.92,1728.63,2896.71,22.15,Schedule V,PH0082,Pharmacist_179,RPH536548,FL,10,PHM0020,Main Street Pharmacy,Rite Aid,3112 Park St,Houston,NY,39536,(507) 924-3365,PHL70689,4928783441,FR7923579,DOC0316,Dr. Brown R,3276297510,AM5074489,MD367382,Dermatology,5511 Medical Blvd,Houston,TX,22119,(748) 941-4120,4,PAT002200,66,Other,89294,IL,BlueCross BlueShield,INS19539,GRP4082,943737,PCN4555,47.94,3912.63,166.48,I25.10,Hypertension,Analgesic,Infection,00,245,28,Phone,Paper,32.13,19.89,123,566,395,1,1,25.44,3,7,8,Saturday,Evening,1,1,1,Non-Formulary,1,0,Debit Card,Pending,75,1,1,1,0,0,67.25,74.13,-96.76,0
RX00000024,2024-11-27,17:53:15,2024-07-27,8,90,Prednisone,Losartan,43728-881-72,500mg,Injection,127,53,366.52,1767.36,634.11,29.59,Schedule II,PH0139,Pharmacist_165,RPH161585,IL,3,PHM0005,Main Street Pharmacy,Independent,204 Washington St,Los Angeles,OH,92667,(436) 269-3474,PHL11198,7253513875,FB9106820,DOC0320,Dr. Garcia P,1067567428,AR7901115,MD112426,Cardiology,8773 Clinic Blvd,Phoenix,TX,12246,(714) 914-8054,12,PAT000877,30,Other,29516,NY,Cigna,INS91235,GRP9625,364679,PCN6807,26.73,1786.03,186.53,K21.9,Arthritis,Psychotherapeutic,Infection,01,153,13,Written,Electronic,15.33,4.77,195,387,368,1,0,32.47,5,0,2,Monday,Night,1,1,0,Tier 1,0,1,Check,Reversed,76,0,0,1,0,0,41.76,92.88,-37.1,0
RX00000025,2025-02-17,10:36:15,2024-05-19,6,90,Albuterol,Losartan,60311-873-27,500mg,Tablet,138,98,27.32,2191.07,3774.84,20.33,Schedule V,PH0153,Pharmacist_102,RPH911131,TX,2,PHM0041,Wellness Pharmacy,Walgreens,7481 Washington St,Los Angeles,TX,82487,(584) 642-4043,PHL99088,2632399901,FY5955645,DOC0321,Dr. Miller H,4062777850,AC5495824,MD261712,Psychiatry,2627 Health Blvd,Chicago,TX,23965,(293) 205-6050,29,PAT002949,52,M,27367,CA,Aetna,INS66489,GRP8353,684041,PCN9395,40.8,118.18,176.96,I10,Asthma,Psychotherapeutic,Chronic Disease,03,6,-12,Fax,Fax,82.11,38.98,372,923,385,0,0,182.22,5,6,2,Tuesday,Evening,1,1,1,Tier 2,0,1,Debit Card,Pending,79,1,1,0,1,1,82.07,94.42,44.18,0
RX00000026,2025-01-14,17:24:51,2025-01-17,7,60,Clopidogrel,Azithromycin,87908-239-48,50mg,Cream,61,132,157.43,4823.23,4359.42,18.12,Schedule IV,PH0148,Pharmacist_63,RPH441716,FL,18,PHM0026,QuickMeds,Walgreens,1965 Park St,Los Angeles,IL,81516,(384) 898-1440,PHL70505,6195400294,FZ5887726,DOC0336,Dr. Miller W,8709662258,AV9376917,MD245939,Pediatrics,4065 Clinic Blvd,Los Angeles,FL,59412,(275) 659-8851,38,PAT003284,86,Other,64827,IL,BlueCross BlueShield,INS57124,GRP9796,722665,PCN2392,10.94,1117.04,332.35,J44.9,Asthma,Cardiovascular,Preventive,03,169,20,Fax,Electronic,30.54,0.63,133,228,234,0,1,187.21,2,6,7,Sunday,Afternoon,1,0,1,Tier 1,1,3,Insurance,Paid,75,1,1,1,1,0,10.7,52.11,-30.34,0
RX00000027,2025-01-03,18:06:43,2025-07-05,11,30,Rosuvastatin,Levothyroxine,82339-263-52,250mg,Injection,128,69,398.98,3152.5,842.81,34.58,Schedule IV,PH0008,Pharmacist_189,RPH743937,NY,29,PHM0038,Express Meds,Rite Aid,6470 Main St,Philadelphia,NY,36972,(485) 970-2025,PHL85674,6097953682,FK4306357,DOC0015,Dr. Brown D,8999963054,AQ6258048,MD725969,Psychiatry,6531 Medical Blvd,Chicago,TX,70012,(832) 376-5873,40,PAT004835,28,Other,27556,TX,UnitedHealth,INS41270,GRP6003,222629,PCN3999,37.33,636.11,194.23,R51,Diabetes,Psychotherapeutic,Acute Condition,03,95,1,Phone,Paper,4.07,24.53,72,192,134,1,1,67.26,4,0,5,Monday,Night,0,0,1,Non-Formulary,1,3,Debit Card,Reversed,79,0,0,0,0,1,79.01,3.27,-55.03,1
RX00000028,2024-06-12,13:34:52,2025-11-08,12,90,Montelukast,Albuterol,38644-535-23,500mg,Capsule,86,18,225.14,1749.4,3676.19,24.76,None,PH0199,Pharmacist_61,RPH320073,OH,23,PHM0046,TrustedMeds,Independent,7115 Oak St,Phoenix,NY,37082,(411) 260-6747,PHL79767,3313993297,FK5909595,DOC0015,Dr. Williams S,1408988968,AY7905438,MD162165,Pediatrics,2178 Hospital Blvd,Los Angeles,NY,52217,(453) 979-7434,32,PAT001165,52,Other,64293,FL,Medicare,INS19898,GRP2525,522419,PCN9447,74.98,3126.17,438.66,M79.7,Arthritis,Antibiotic,Preventive,00,47,16,Fax,Phone,2.91,42.52,408,548,381,1,0,90.18,3,3,7,Wednesday,Evening,1,1,0,Non-Formulary,1,0,Insurance,Paid,79,0,0,0,1,1,85.32,0.07,91.61,1
RX00000029,2024-12-16,12:05:23,2024-02-09,10,30,Ibuprofen,Simvastatin,91999-412-99,20mg,Injection,177,33,352.0,15.42,2148.25,10.97,Schedule II,PH0133,Pharmacist_175,RPH566686,CA,1,PHM0045,Express Meds,Walgreens,2075 Washington St,Philadelphia,NY,72613,(272) 434-7276,PHL21708,1439921366,FK7166661,DOC0005,Dr. Williams E,4755937285,AU3396676,MD171734,General Practice,9328 Medical Blvd,Phoenix,NY,67684,(559) 939-4490,10,PAT003373,74,M,21362,CA,Aetna,INS26142,GRP7291,468611,PCN8035,31.45,629.24,138.48,I10,Diabetes,Psychotherapeutic,Preventive,04,311,-12,Written,Phone,4.4,10.35,311,522,181,0,1,64.0,2,10,0,Sunday,Afternoon,1,1,0,Tier 2,1,4,Insurance,Paid,76,1,0,1,1,1,96.23,54.64,-65.45,1
RX00000030,2025-10-20,14:32:18,2024-03-17,11,90,Morphine,Clopidogrel,65518-818-61,10mg,Cream,147,167,76.76,427.15,360.2,46.44,Schedule II,PH0138,Pharmacist_84,RPH509711,IL,5,PHM0020,MediCare Drug Store,Rite Aid,4009 Main St,Los Angeles,CA,66948,(318) 664-1901,PHL50539,1754393408,FA3302031,DOC0415,Dr. Garcia A,5998623100,AL9774573,MD642347,Pediatrics,2835 Clinic Blvd,Los Angeles,TX,25473,(989) 230-6488,28,PAT002229,85,M,44465,PA,Self-Pay,INS92251,GRP2262,620248,PCN8457,51.08,249.48,429.68,J44.9,Depression,Analgesic,Chronic Disease,00,293,13,Written,Paper,1.48,37.06,2,46,8,0,0,3.94,0,7,5,Thursday,Afternoon,0,0,1,Tier 2,1,1,Debit Card,Pending,76,0,1,0,0,0,58.74,22.32,3.15,0
RX00000031,2025-09-23,16:29:00,2024-12-08,3,60,Methylprednisolone,Hydrochlorothiazide,91620-348-69,50mg,Cream,136,60,366.37,2737.33,3582.9,11.78,Schedule IV,PH0007,Pharmacist_60,RPH667851,TX,1,PHM0022,HealthPlus Pharmacy,Independent,6264 Maple St,New York,NY,79443,(443) 629-9061,PHL17850,2201840395,FB4883465,DOC0013,Dr. Miller Q,9141445255,AO2424426,MD708982,Neurology,8380 Hospital Blvd,Houston,CA,87580,(781) 263-8126,9,PAT001940,55,F,51288,OH,Anthem,INS52762,GRP6211,574751,PCN5455,23.36,4246.0,68.06,F33.1,Asthma,Cardiovascular,Infection,00,84,-2,Fax,Phone,3.89,20.38,275,367,338,0,1,96.6,2,7,4,Sunday,Morning,0,0,1,Tier 1,0,2,Cash,Paid,75,1,1,0,1,1,95.98,82.01,-65.23,1
RX00000032,2025-07-30,09:00:03,2025-05-07,2,30,Simvastatin,Sertraline,99952-745-92,10mg,Cream,160,76,458.76,384.19,4487.24,13.9,Schedule IV,PH0033,Pharmacist_24,RPH988432,OH,22,PHM0008,Express Meds,Independent,7652 Main St,Los Angeles,IL,66774,(941) 604-9128,PHL13864,2832508021,FL4602338,DOC0458,Dr. Johnson I,6496933442,AE1581321,MD743937,Endocrinology,4126 Clinic Blvd,Houston,FL,82179,(690) 262-2437,18,PAT003138,35,F,36143,PA,Medicaid,INS42656,GRP9907,933456,PCN1319,98.94,3518.62,179.56,G89.29,Arthritis,Antibiotic,Preventive,04,164,-6,Electronic,Paper,25.06,1.4,306,225,284,0,1,65.51,0,7,8,Wednesday,Afternoon,0,0,0,Tier 2,1,4,Insurance,Rejected,88,1,1,0,0,0,74.81,59.25,61.24,0
RX00000033,2025-07-28,17:12:53,2024-08-03,8,60,Levothyroxine,Escitalopram,14975-192-17,20mg,Cream,66,15,263.46,13.41,4130.94,14.07,Schedule II,PH0088,Pharmacist_184,RPH286080,OH,21,PHM0004,Main Street Pharmacy,Independent,2520 Park St,Philadelphia,NY,24538,(738) 573-2188,PHL58967,8138835028,FS2695038,DOC0488,Dr. Williams J,2385570227,AF8329435,MD930307,Internal Medicine,5298 Hospital Blvd,Phoenix,IL,56769,(428) 881-3872,25,PAT002514,55,M,33292,PA,BlueCross BlueShield,INS85082,GRP7415,992083,PCN1530,18.21,1431.98,404.4,R51,Diabetes,Psychotherapeutic,Pain,03,72,-9,Written,Paper,35.23,17.41,164,172,14,0,1,91.91,3,0,4,Tuesday,Afternoon,0,1,1,Tier 1,0,0,Debit Card,Reversed,79,0,1,1,1,1,70.35,54.6,-79.71,0
RX00000034,2025-11-16,12:01:20,2025-03-28,1,30,Losartan,Levothyroxine,59212-264-19,250mg,Tablet,96,162,492.65,4467.2,3171.75,24.41,Schedule II,PH0156,Pharmacist_112,RPH264735,CA,7,PHM0022,Main Street Pharmacy,CVS,3212 Washington St,Philadelphia,IL,80795,(471) 876-5612,PHL48980,2020262123,FB7591805,DOC0463,Dr. Jones R,8902114913,AE1914439,MD478356,Cardiology,7105 Medical Blvd,Chicago,IL,72957,(404) 299-1421,14,PAT001400,55,M,72071,OH,UnitedHealth,INS50416,GRP7512,593821,PCN9013,89.49,1192.52,320.93,K21.9,Diabetes,Antibiotic,Acute Condition,02,95,-2,Written,Phone,22.64,22.04,135,232,333,1,0,62.82,1,10,1,Monday,Evening,1,0,0,Non-Formulary,1,4,Debit Card,Rejected,79,1,0,1,0,0,75.82,12.03,51.44,0
RX00000035,2024-10-01,11:52:40,2025-07-22,9,60,Losartan,Oxycodone,18783-189-59,250mg,Injection,151,93,428.38,2603.24,4127.64,5.56,Schedule V,PH0151,Pharmacist_134,RPH919656,FL,8,PHM0027,QuickMeds,CVS,2528 Park St,Phoenix,IL,23133,(308) 776-2654,PHL47498,9075121701,FN5431477,DOC0006,Dr. Brown U,7910439839,AB3889032,MD388792,Psychiatry,2456 Health Blvd,New York,FL,53449,(907) 443-1807,31,PAT002201,65,M,54284,OH,Humana,INS50756,GRP5593,983788,PCN9054,85.82,3081.83,486.25,M54.5,Diabetes,Antibiotic,Acute Condition,02,137,16,Fax,Electronic,2.17,9.48,109,936,198,1,1,198.24,4,5,0,Friday,Afternoon,0,1,1,Tier 2,0,1,Cash,Rejected,None,0,0,1,0,1,73.79,70.46,-45.2,1
RX00000036,2024-08-07,17:28:11,2024-08-22,9,90,Sertraline,Sertraline,31432-957-43,500mg,Tablet,82,17,193.59,822.91,2577.3,48.42,Schedule II,PH0166,Pharmacist_58,RPH810614,NY,18,PHM0042,Family Pharmacy,Rite Aid,8509 Main St,Philadelphia,CA,72140,(335) 862-3837,PHL88792,4439688162,FH5234408,DOC0279,Dr. Jones Z,9345142789,AW5620085,MD544393,Psychiatry,5813 Health Blvd,Chicago,NY,71171,(509) 893-9530,40,PAT003254,31,M,77045,PA,Kaiser Permanente,INS83591,GRP5631,412974,PCN2771,48.17,1513.28,138.24,E78.5,Depression,Antibiotic,Chronic Disease,01,76,3,Phone,Electronic,68.15,40.29,411,830,325,1,1,10.48,5,2,0,Saturday,Night,1,1,1,Non-Formulary,1,0,Check,Rejected,76,0,1,1,1,0,92.31,84.06,75.3,0
RX00000037,2025-06-16,18:57:21,2024-02-19,1,30,Sertraline,Amlodipine,50250-530-52,50mg,Syrup,159,85,232.15,597.73,246.28,33.55,Schedule V,PH0159,Pharmacist_19,RPH595158,NY,33,PHM0008,TrustedMeds,Rite Aid,8780 Maple St,Houston,CA,29762,(340) 405-6614,PHL63633,9532593594,FE6308033,DOC0004,Dr. Miller W,5642049890,AK3966618,MD428638,Cardiology,177 Health Blvd,Chicago,NY,32099,(790) 982-3595,32,PAT000722,34,Other,66847,PA,Anthem,INS62873,GRP8029,600590,PCN7280,0.47,2402.02,365.33,E11.9,Depression,Psychotherapeutic,Infection,00,346,-30,Phone,Paper,3.65,34.71,177,320,165,0,0,133.85,3,8,4,Tuesday,Morning,0,1,1,Non-Formulary,1,3,Cash,Pending,79,1,0,0,1,0,92.23,22.84,45.43,1
RX00000038,2024-03-05,12:49:34,2024-03-22,0,90,Ibuprofen,Prednisone,24170-769-12,10mg,Tablet,116,123,190.44,2740.94,2137.41,11.89,None,PH0078,Pharmacist_108,RPH793805,CA,34,PHM0018,QuickMeds,Independent,2347 Washington St,New York,IL,90962,(320) 489-2867,PHL23928,3137772998,FT4351238,DOC0001,Dr. Miller I,5179517389,AL7874568,MD409698,Orthopedics,745 Health Blvd,Los Angeles,FL,53332,(440) 202-1208,6,PAT000905,81,M,21807,OH,Medicaid,INS19836,GRP2659,368322,PCN4787,45.68,4397.81,132.06,E11.9,Hypertension,Analgesic,Pain,02,184,21,Electronic,Fax,3.29,36.95,49,872,163,0,0,55.6,1,10,2,Wednesday,Evening,1,1,0,Tier 3,1,1,Insurance,Reversed,79,1,1,1,1,1,81.0,64.88,59.38,1
RX00000039,2024-01-26,15:11:39,2024-11-27,12,60,Ciprofloxacin,Amoxicillin,99714-958-26,100mg,Injection,38,115,220.62,326.05,2949.11,5.56,Schedule V,PH0197,Pharmacist_191,RPH704660,PA,15,PHM0043,QuickMeds,Walgreens,8604 Park St,Philadelphia,PA,91033,(297) 643-5072,PHL73167,2653032484,FR1915467,DOC0002,Dr. Smith U,5013094698,AQ8873361,MD993251,Internal Medicine,2809 Medical Blvd,Houston,TX,41574,(538) 484-1824,33,PAT001825,88,Other,59628,FL,Cigna,INS20332,GRP8521,565765,PCN8341,8.8,2243.05,158.03,M79.7,Hypertension,Cardiovascular,Acute Condition,03,18,5,Written,Electronic,2.99,39.61,494,634,153,1,0,170.34,5,10,7,Wednesday,Evening,0,0,1,Tier 3,1,2,Debit Card,Paid,None,0,0,1,1,1,82.48,54.77,-25.22,1
RX00000040,2025-04-04,17:12:12,2025-08-19,6,30,Montelukast,Omeprazole,54293-210-63,10mg,Cream,41,125,228.97,2950.69,2271.37,48.37,None,PH0136,Pharmacist_189,RPH150931,IL,28,PHM0038,TrustedMeds,Rite Aid,8428 Oak St,Philadelphia,IL,32760,(948) 331-2696,PHL60778,9080510951,FN5164755,DOC0006,Dr. Williams M,9433570024,AJ8597490,MD943890,Orthopedics,2363 Health Blvd,Phoenix,IL,49179,(918) 760-6143,36,PAT001781,43,M,91810,PA,Humana,INS99995,GRP6657,805034,PCN3173,98.13,2925.39,479.16,G89.29,Asthma,Antibiotic,Pain,02,287,0,Fax,Phone,3.74,43.89,217,828,171,0,0,111.38,0,6,2,Monday,Morning,0,1,0,Tier 3,1,1,Insurance,Pending,75,0,1,1,0,0,94.66,74.24,12.25,1
RX00000041,2025-02-03,16:03:00,2025-04-07,3,90,Morphine,Montelukast,39563-748-92,50mg,Cream,149,164,98.64,3627.32,874.77,25.2,None,PH0048,Pharmacist_45,RPH870786,IL,8,PHM0025,HealthPlus Pharmacy,Independent,7120 Maple St,Phoenix,TX,27048,(364) 798-5178,PHL10739,6714723660,FW3597208,DOC0010,Dr. Smith E,9283395204,AT1853212,MD911242,Endocrinology,5034 Health Blvd,Phoenix,IL,56934,(274) 924-6207,34,PAT001802,41,Other,18936,OH,Medicaid,INS30889,GRP7814,669460,PCN9798,40.34,1572.31,441.7,J45.909,Depression,Antibiotic,Chronic Disease,02,111,30,Fax,Electronic,4.79,5.82,178,457,295,0,0,196.37,0,10,5,Thursday,Morning,1,1,1,Tier 1,1,4,Check,Reversed,79,0,1,0,1,0,81.63,94.82,-66.52,1
RX00000042,2025-05-16,18:27:53,2025-09-05,3,90,Tramadol,Oxycodone,67047-762-19,500mg,Capsule,16,127,358.58,199.05,334.25,13.01,Schedule III,PH0143,Pharmacist_19,RPH702891,OH,15,PHM0017,Corner Pharmacy,Rite Aid,6457 Washington St,Philadelphia,FL,66757,(523) 217-7381,PHL98250,9615270274,FX2060950,DOC0296,Dr. Miller X,3515167269,AW2217848,MD475075,General Practice,1838 Clinic Blvd,Chicago,IL,21338,(488) 983-8170,25,PAT003237,21,F,30489,IL,Cigna,INS27875,GRP7406,935474,PCN9941,29.5,2853.21,149.03,I25.10,Depression,Cardiovascular,Preventive,04,72,-23,Written,Electronic,21.16,28.68,202,551,3,0,1,107.38,1,5,3,Thursday,Afternoon,0,0,0,Tier 3,0,0,Cash,Paid,88,1,0,1,0,1,62.69,9.82,45.12,0
RX00000043,2025-10-10,11:20:31,2024-09-15,5,90,Prednisone,Hydrochlorothiazide,86568-256-82,250mg,Syrup,90,119,84.74,1572.94,3536.54,37.05,Schedule IV,PH0071,Pharmacist_93,RPH240829,PA,22,PHM0031,Central Drug Store,Rite Aid,7396 Maple St,Chicago,FL,82308,(311) 379-2343,PHL46780,3313346852,FI2282825,DOC0190,Dr. Garcia C,4831562592,AQ1523352,MD952117,Endocrinology,9584 Health Blvd,Phoenix,NY,14804,(764) 466-9904,35,PAT003868,37,F,61445,NY,Self-Pay,INS48141,GRP3193,587274,PCN9210,51.04,1785.53,251.08,J45.909,Diabetes,Psychotherapeutic,Infection,04,71,-2,Phone,Paper,23.53,28.36,290,676,65,0,1,21.28,2,0,3,Sunday,Night,0,0,1,Tier 3,0,0,Cash,Pending,79,1,1,0,0,1,67.13,10.32,93.69,0
RX00000044,2024-02-20,14:23:37,2024-02-20,1,90,Gabapentin,Simvastatin,39215-628-61,50mg,Syrup,134,133,443.64,42.92,3969.74,24.8,Schedule II,PH0020,Pharmacist_132,RPH774734,TX,14,PHM0010,CarePlus Pharmacy,CVS,2678 Maple St,Phoenix,PA,25509,(876) 435-7793,PHL53283,4093474499,FP9033176,DOC0161,Dr. Brown G,3537427612,AU7893744,MD123536,Dermatology,806 Hospital Blvd,Phoenix,IL,31119,(337) 844-9399,3,PAT004689,36,M,31802,TX,Aetna,INS77717,GRP7642,728471,PCN1305,87.85,3275.88,410.65,I10,Diabetes,Antidiabetic,Preventive,03,246,-20,Phone,Fax,54.48,30.08,407,597,379,0,1,-6.54,1,10,5,Thursday,Morning,0,1,1,Tier 2,0,0,Cash,Reversed,75,0,0,1,0,0,26.33,9.32,31.88,0
RX00000045,2024-07-04,14:23:55,2025-11-06,11,90,Clopidogrel,Amlodipine,73192-908-58,50mg,Cream,157,35,213.03,1280.04,3447.54,45.95,None,PH0073,Pharmacist_154,RPH670143,FL,17,PHM0013,CarePlus Pharmacy,Independent,216 Park St,Phoenix,CA,78126,(207) 584-4365,PHL51405,7050943542,FD3596753,DOC0297,Dr. Brown U,7809113110,AI9994347,MD544136,Endocrinology,6090 Clinic Blvd,Houston,NY,64162,(765) 770-8904,12,PAT003033,89,Other,73407,TX,Humana,INS85713,GRP6641,911801,PCN7522,73.58,3847.5,329.64,N18.3,Diabetes,Antidiabetic,Infection,00,109,2,Fax,Phone,77.51,40.06,315,714,0,0,0,112.31,3,10,0,Sunday,Morning,0,1,1,Tier 1,0,2,Cash,Pending,None,0,1,1,1,0,89.7,94.57,64.05,0
RX00000046,2025-06-04,08:50:38,2024-07-16,8,90,Amlodipine,Ciprofloxacin,32214-790-14,50mg,Capsule,177,10,487.84,443.35,1245.34,22.97,Schedule IV,PH0104,Pharmacist_151,RPH310040,IL,1,PHM0048,HealthPlus Pharmacy,Independent,1577 Park St,Chicago,PA,83284,(796) 556-6693,PHL46242,5136298935,FO7777264,DOC0245,Dr. Jones A,2121448210,AN9493265,MD211636,General Practice,1285 Clinic Blvd,Chicago,CA,77277,(463) 750-5098,29,PAT003090,90,F,41886,OH,Kaiser Permanente,INS70142,GRP8548,715332,PCN1448,48.2,1160.19,191.34,F33.1,Diabetes,Analgesic,Chronic Disease,03,180,3,Written,Phone,93.08,12.49,48,409,103,1,0,79.54,4,2,7,Wednesday,Evening,0,1,0,Tier 2,1,1,Cash,Rejected,76,0,0,0,0,1,85.06,15.6,-78.66,0
RX00000047,2025-11-07,15:23:39,2025-02-01,7,90,Gabapentin,Escitalopram,33969-882-75,50mg,Injection,66,157,64.56,2633.42,1907.18,47.28,None,PH0129,Pharmacist_89,RPH512842,OH,12,PHM0030,Community Health Pharmacy,Independent,8590 Washington St,Chicago,PA,11103,(212) 890-4452,PHL59732,3495411322,FK7066680,DOC0367,Dr. Jones I,2128928014,AI8907862,MD742865,Oncology,6095 Hospital Blvd,Houston,FL,37594,(629) 917-7099,24,PAT003282,53,F,33578,IL,Aetna,INS85483,GRP4744,953740,PCN2636,72.08,3618.39,277.67,M25.551,Arthritis,Analgesic,Infection,01,242,21,Written,Paper,76.45,21.13,69,915,252,1,1,85.37,2,4,8,Sunday,Morning,1,0,0,Tier 1,0,2,Debit Card,Paid,79,1,1,1,1,1,61.38,34.41,-17.65,0
RX00000048,2025-03-04,13:20:43,2024-07-16,7,90,Montelukast,Metformin,59947-728-46,100mg,Capsule,52,173,403.95,1693.57,2842.57,30.72,None,PH0021,Pharmacist_42,RPH460317,NY,21,PHM0021,Main Street Pharmacy,Walgreens,4482 Park St,Philadelphia,FL,45553,(655) 999-6950,PHL86928,7228942343,FF4085098,DOC0368,Dr. Miller A,4220107677,AG3800292,MD516332,Neurology,1665 Medical Blvd,Houston,IL,17055,(226) 989-7504,34,PAT000682,31,F,91015,NY,UnitedHealth,INS95830,GRP7387,424398,PCN4757,24.74,1278.79,313.24,J44.9,Asthma,Analgesic,Pain,00,339,-8,Electronic,Fax,65.02,23.41,446,554,101,1,1,84.61,1,8,2,Friday,Night,1,1,1,Non-Formulary,0,0,Debit Card,Pending,76,1,1,0,1,0,57.69,0.01,63.08,0
RX00000049,2024-08-19,12:00:49,2024-10-06,12,60,Ciprofloxacin,Amlodipine,10946-661-57,20mg,Injection,153,121,197.68,824.71,3318.34,22.54,Schedule IV,PH0057,Pharmacist_68,RPH183057,FL,16,PHM0034,City Pharmacy,Independent,4554 Maple St,Philadelphia,PA,79722,(475) 622-4080,PHL18973,1783432867,FJ2851472,DOC0197,Dr. Garcia O,7948094928,AI9254323,MD296911,Oncology,417 Hospital Blvd,New York,IL,12900,(390) 304-5622,18,PAT001025,74,Other,11075,NY,UnitedHealth,INS29750,GRP1241,617555,PCN4558,34.19,1402.1,399.73,E78.5,Arthritis,Cardiovascular,Chronic Disease,00,74,-27,Electronic,Fax,68.81,3.66,241,186,240,0,1,72.98,3,0,1,Sunday,Afternoon,1,1,0,Tier 1,0,3,Insurance,Rejected,79,1,1,1,0,0,53.51,74.47,9.92,0
RX00000050,2025-08-27,11:40:27,2025-01-22,0,30,Gabapentin,Methylprednisolone,25682-505-41,10mg,Tablet,158,131,344.36,783.41,3469.73,16.19,Schedule IV,PH0024,Pharmacist_176,RPH748696,TX,4,PHM0004,Express Meds,Walgreens,2621 Park St,New York,NY,73942,(438) 524-6690,PHL67503,4149022054,FA7337911,DOC0016,Dr. Williams X,5873637580,AB9142018,MD840951,Internal Medicine,9259 Clinic Blvd,Phoenix,FL,34874,(780) 391-9906,23,PAT002652,77,F,88470,OH,Medicaid,INS31016,GRP2128,656937,PCN3539,44.94,3687.38,270.8,M79.7,Hypertension,Psychotherapeutic,Acute Condition,01,9,9,Electronic,Paper,0.36,16.1,33,675,201,1,0,150.0,4,10,7,Sunday,Afternoon,1,1,1,Tier 3,0,0,Check,Paid,None,0,0,0,0,0,80.81,48.54,-80.25,1
RX00000051,2025-10-31,13:14:38,2025-10-09,0,30,Azithromycin,Escitalopram,20480-579-91,10mg,Syrup,152,116,411.1,3973.31,267.06,32.76,Schedule V,PH0011,Pharmacist_188,RPH173807,OH,20,PHM0005,Family Pharmacy,CVS,8611 Main St,New York,PA,40279,(744) 594-4104,PHL35312,8152161448,FD3798595,DOC0449,Dr. Miller F,7657050979,AQ6662526,MD789472,Orthopedics,8847 Health Blvd,Chicago,TX,82100,(532) 580-7755,28,PAT002650,48,Other,81516,NY,Anthem,INS82120,GRP5162,477496,PCN8412,44.75,1786.91,363.16,F41.9,Asthma,Cardiovascular,Preventive,01,154,-30,Electronic,Paper,62.43,10.82,162,23,336,1,0,97.58,0,0,7,Wednesday,Afternoon,0,1,1,Tier 2,0,2,Credit Card,Paid,88,1,0,0,1,1,48.99,17.29,65.14,0
RX00000052,2024-05-09,14:05:49,2025-10-24,12,60,Sertraline,Clopidogrel,64594-988-25,20mg,Cream,12,172,388.82,1918.61,1375.0,6.85,Schedule V,PH0145,Pharmacist_39,RPH442707,IL,15,PHM0010,CarePlus Pharmacy,Independent,6536 Washington St,Phoenix,IL,76155,(292) 427-8076,PHL47982,8672393427,FE3217764,DOC0316,Dr. Williams C,4201103712,AR7697318,MD375311,Neurology,6629 Health Blvd,Los Angeles,NY,73035,(772) 402-8993,26,PAT004681,43,Other,90739,PA,Medicaid,INS42275,GRP4970,175124,PCN5362,77.68,1455.35,462.07,I10,Hypertension,Antidiabetic,Acute Condition,02,178,-18,Electronic,Phone,64.26,29.73,13,789,464,1,0,-40.66,2,9,7,Friday,Afternoon,1,0,0,Tier 2,1,1,Insurance,Paid,None,0,0,1,0,1,9.54,69.38,-77.74,0
RX00000053,2025-03-31,16:30:39,2025-07-29,11,90,Prednisone,Amoxicillin,59362-696-94,250mg,Tablet,75,53,30.52,1011.47,3135.89,17.21,Schedule IV,PH0168,Pharmacist_3,RPH169832,FL,18,PHM0043,Central Drug Store,Walgreens,1867 Main St,Chicago,OH,95119,(595) 436-7237,PHL76655,6649840375,FT9918107,DOC0032,Dr. Smith F,9447304615,AR1360516,MD141683,Dermatology,8773 Clinic Blvd,Chicago,FL,61563,(962) 360-1301,23,PAT002883,63,Other,49626,NY,Medicaid,INS46159,GRP2015,756190,PCN5221,87.87,4006.81,407.43,E11.9,Asthma,Antibiotic,Infection,01,174,27,Fax,Paper,21.27,4.48,196,534,107,0,1,86.61,1,9,2,Thursday,Evening,1,1,0,Tier 2,0,4,Check,Rejected,75,1,0,1,0,0,74.0,31.75,11.47,0
RX00000054,2025-01-28,14:26:19,2024-09-23,11,90,Oxycodone,Gabapentin,29917-897-34,10mg,Capsule,57,16,381.34,3063.79,1204.55,30.52,Schedule II,PH0153,Pharmacist_60,RPH342129,PA,2,PHM0023,Wellness Pharmacy,Independent,7908 Oak St,Phoenix,OH,89260,(680) 929-7126,PHL34114,8954835349,FP8949832,DOC0081,Dr. Johnson F,1830044665,AB7854988,MD901677,Cardiology,4521 Health Blvd,Los Angeles,NY,36812,(267) 381-8197,40,PAT004014,59,F,42346,FL,Anthem,INS15482,GRP7232,855185,PCN6126,39.42,4226.13,285.97,G89.29,Asthma,Cardiovascular,Preventive,00,231,-1,Written,Paper,14.64,25.98,203,753,162,0,1,-42.63,4,10,0,Tuesday,Evening,1,1,1,Tier 3,1,1,Debit Card,Pending,88,0,0,1,1,0,83.95,72.26,-77.37,0
RX00000055,2025-06-20,15:37:57,2023-12-22,3,60,Metformin,Gabapentin,52477-808-93,500mg,Capsule,41,33,57.53,2252.5,1636.43,28.57,Schedule IV,PH0187,Pharmacist_131,RPH741804,NY,25,PHM0036,Prime Pharmacy,Rite Aid,819 Oak St,Chicago,IL,96445,(353) 366-3369,PHL33444,5515344181,FJ6192855,DOC0478,Dr. Garcia Y,9422285317,AJ4031576,MD223264,Orthopedics,3423 Medical Blvd,Phoenix,TX,11600,(669) 709-9169,35,PAT000048,81,M,38426,IL,Medicare,INS69472,GRP7719,563339,PCN2300,60.12,29.58,441.08,F41.9,Asthma,Psychotherapeutic,Infection,00,94,-21,Written,Phone,41.41,1.93,438,34,279,1,1,62.72,0,0,1,Thursday,Afternoon,0,1,0,Non-Formulary,1,0,Insurance,Pending,76,1,1,0,1,0,13.53,29.28,-73.09,0
RX00000056,2025-10-22,09:36:46,2024-03-16,8,30,Escitalopram,Oxycodone,89269-907-46,100mg,Cream,91,76,262.93,4975.17,1595.57,10.84,Schedule V,PH0128,Pharmacist_134,RPH864605,PA,32,PHM0032,Central Drug Store,CVS,3912 Maple St,Los Angeles,CA,25493,(224) 676-2932,PHL37175,9585583837,FN1763232,DOC0161,Dr. Williams L,3738056872,AA4375360,MD823535,Pediatrics,4268 Medical Blvd,Chicago,TX,76412,(763) 531-1100,8,PAT002731,61,F,84569,IL,BlueCross BlueShield,INS33020,GRP4178,446569,PCN6536,92.23,2155.99,237.25,E11.9,Diabetes,Antidiabetic,Infection,03,274,27,Electronic,Fax,21.06,39.22,212,951,269,0,1,2.26,4,10,5,Friday,Morning,0,1,1,Tier 1,0,2,Insurance,Pending,79,0,1,0,0,1,41.38,70.53,-37.1,0
RX00000057,2025-02-14,11:33:19,2025-06-24,1,60,Ibuprofen,Morphine,36489-194-66,250mg,Tablet,133,138,77.46,1707.18,2178.21,44.32,Schedule III,PH0199,Pharmacist_84,RPH250255,OH,7,PHM0034,HealthPlus Pharmacy,CVS,3461 Main St,Houston,FL,78464,(318) 204-6095,PHL15771,5668955416,FO1774096,DOC0014,Dr. Smith Q,8497100471,AA6236888,MD769883,Dermatology,5357 Hospital Blvd,Los Angeles,TX,46261,(745) 526-8227,8,PAT002234,37,M,45866,CA,BlueCross BlueShield,INS91650,GRP9422,207348,PCN4384,54.25,2472.15,135.53,N18.3,Depression,Psychotherapeutic,Infection,01,36,-11,Electronic,Fax,1.92,2.63,15,483,354,0,0,174.42,3,0,1,Thursday,Night,0,1,1,Tier 3,1,1,Check,Paid,79,0,0,1,0,1,96.31,31.04,28.88,1
RX00000058,2024-12-13,14:11:44,2024-02-08,5,60,Montelukast,Escitalopram,13966-166-70,10mg,Syrup,132,128,422.96,1418.46,1572.03,30.86,Schedule V,PH0027,Pharmacist_104,RPH957266,PA,7,PHM0021,QuickMeds,Independent,1262 Maple St,Phoenix,FL,62535,(804) 623-4908,PHL91379,7366750668,FC6716235,DOC0261,Dr. Johnson W,7833164976,AZ8304023,MD694764,Oncology,9021 Hospital Blvd,Los Angeles,CA,85260,(698) 317-8584,21,PAT004548,30,F,33091,TX,Anthem,INS19123,GRP2781,818807,PCN7208,32.74,2902.45,30.74,M54.5,Diabetes,Psychotherapeutic,Pain,01,338,-21,Fax,Phone,86.12,19.56,296,458,485,0,0,104.24,5,5,4,Friday,Evening,1,1,0,Tier 1,1,1,Credit Card,Paid,76,0,0,1,0,1,22.38,86.57,-52.95,0
RX00000059,2025-05-18,18:11:30,2025-07-31,3,90,Simvastatin,Sertraline,64687-257-46,500mg,Capsule,44,12,36.34,88.38,3247.42,26.9,Schedule IV,PH0035,Pharmacist_22,RPH243885,PA,27,PHM0030,Community Health Pharmacy,Independent,7074 Park St,Los Angeles,FL,76770,(634) 765-8373,PHL60425,2526032931,FF8126489,DOC0222,Dr. Jones A,7777194242,AX4972005,MD846722,General Practice,4511 Health Blvd,Phoenix,IL,58099,(234) 238-8917,24,PAT000928,79,Other,20494,NY,Medicaid,INS46624,GRP8617,642060,PCN2281,52.34,2745.32,122.62,J45.909,Hypertension,Psychotherapeutic,Preventive,02,313,-27,Electronic,Electronic,40.66,23.5,263,928,162,1,1,58.8,3,5,4,Wednesday,Afternoon,0,1,1,Tier 1,1,4,Cash,Paid,76,0,1,1,0,0,71.18,50.56,70.29,0
RX00000060,2025-06-25,17:47:09,2024-02-15,7,60,Levothyroxine,Gabapentin,40958-596-33,250mg,Tablet,97,31,483.69,2981.77,3698.65,42.69,Schedule IV,PH0198,Pharmacist_99,RPH349505,PA,29,PHM0047,Express Meds,CVS,3554 Park St,Philadelphia,OH,55229,(255) 857-5331,PHL25203,1225585432,FO7689827,DOC0005,Dr. Brown J,6298534979,AV7544296,MD597643,Pediatrics,2478 Health Blvd,New York,TX,68827,(591) 894-6172,34,PAT000337,30,Other,93548,TX,Anthem,INS90017,GRP5466,451238,PCN5429,26.71,442.25,327.17,K21.9,Arthritis,Analgesic,Preventive,01,266,-9,Phone,Phone,0.17,27.43,345,9,240,0,0,66.73,3,1,8,Monday,Night,1,0,1,Tier 3,0,0,Insurance,Paid,None,0,0,0,0,0,95.74,37.6,52.77,1
RX00000061,2024-02-13,09:40:29,2025-03-12,12,60,Tramadol,Prednisone,52389-363-30,10mg,Syrup,25,107,194.6,4979.83,1165.78,41.58,Schedule II,PH0113,Pharmacist_18,RPH615607,NY,26,PHM0012,Wellness Pharmacy,Rite Aid,1876 Oak St,Phoenix,OH,66525,(423) 828-2740,PHL67878,8367588279,FD1584868,DOC0432,Dr. Smith C,2915048861,AP3497360,MD784578,Cardiology,719 Health Blvd,Chicago,NY,53231,(600) 788-1060,33,PAT004020,79,F,62941,OH,UnitedHealth,INS80795,GRP4700,103468,PCN7298,95.42,3680.89,241.03,R51,Asthma,Antibiotic,Chronic Disease,02,205,-27,Written,Phone,18.51,26.78,492,349,458,0,1,23.64,2,10,3,Tuesday,Morning,1,0,1,Non-Formulary,0,2,Debit Card,Paid,79,0,0,0,0,0,11.08,71.97,18.59,0
RX00000062,2024-09-16,08:02:21,2025-10-24,5,90,Ibuprofen,Simvastatin,25491-316-93,500mg,Cream,127,147,74.9,2900.94,4162.05,6.66,Schedule II,PH0126,Pharmacist_168,RPH119989,FL,3,PHM0016,TrustedMeds,CVS,335 Oak St,Philadelphia,CA,50283,(299) 667-3796,PHL87469,4511008639,FD9340683,DOC0053,Dr. Jones Z,3644104389,AC4399754,MD546915,Oncology,6686 Clinic Blvd,New York,IL,81550,(340) 529-4493,3,PAT004859,40,F,18286,CA,Humana,INS28512,GRP7801,276214,PCN7060,55.34,1973.98,462.84,E11.9,Diabetes,Cardiovascular,Preventive,03,80,-29,Fax,Electronic,50.02,0.42,92,949,276,0,1,191.24,3,7,2,Tuesday,Afternoon,1,1,1,Tier 2,0,4,Insurance,Rejected,79,0,1,1,1,0,64.34,55.77,-61.62,0
RX00000063,2024-09-01,18:42:13,2025-03-12,0,30,Lisinopril,Atorvastatin,99816-964-70,100mg,Capsule,50,21,27.49,1827.32,947.11,16.31,Schedule V,PH0195,Pharmacist_117,RPH145421,CA,4,PHM0035,Main Street Pharmacy,CVS,2689 Main St,Houston,IL,25212,(272) 440-8287,PHL87687,7785025154,FN4334495,DOC0069,Dr. Garcia V,9153448896,AH2847722,MD441974,Dermatology,1706 Hospital Blvd,Houston,NY,59221,(425) 275-8716,38,PAT003969,24,F,28997,NY,Self-Pay,INS69636,GRP3917,506145,PCN7119,13.64,3239.2,316.01,F41.9,Diabetes,Antibiotic,Infection,00,354,6,Written,Phone,98.68,6.91,437,477,185,1,1,76.89,1,5,3,Wednesday,Afternoon,0,0,0,Non-Formulary,1,1,Check,Reversed,79,1,0,1,0,0,86.27,32.73,15.89,0
RX00000064,2025-11-09,15:46:49,2024-07-22,0,60,Rosuvastatin,Simvastatin,72818-929-99,10mg,Injection,136,71,42.0,3767.86,3120.75,23.3,Schedule II,PH0034,Pharmacist_92,RPH410158,NY,6,PHM0002,Wellness Pharmacy,Rite Aid,5094 Oak St,Philadelphia,FL,84760,(965) 797-1399,PHL69616,8314908641,FF7214624,DOC0323,Dr. Garcia O,3694254580,AM6585238,MD656710,Cardiology,4959 Health Blvd,Chicago,IL,81098,(789) 412-2326,40,PAT002751,25,Other,98428,TX,BlueCross BlueShield,INS24544,GRP7274,483349,PCN8624,61.91,1645.07,87.63,G89.29,Hypertension,Psychotherapeutic,Infection,01,171,-15,Written,Fax,0.61,36.9,386,595,467,0,0,195.05,2,5,4,Friday,Night,1,0,0,Tier 3,1,3,Debit Card,Paid,79,1,1,1,0,0,57.37,89.19,-8.43,0
RX00000065,2024-07-30,10:55:13,2024-07-05,10,30,Hydrochlorothiazide,Clopidogrel,99443-654-26,100mg,Syrup,117,123,368.99,117.2,854.83,5.99,Schedule II,PH0134,Pharmacist_166,RPH452192,FL,22,PHM0042,Express Meds,Walgreens,8065 Park St,Philadelphia,PA,79489,(761) 655-8503,PHL49856,3436327339,FZ6142132,DOC0006,Dr. Johnson Z,2116723521,AP7239485,MD402143,Cardiology,2530 Clinic Blvd,Chicago,FL,31805,(833) 364-9770,19,PAT001494,40,Other,97340,OH,Aetna,INS31135,GRP4897,222596,PCN1674,99.38,2585.36,220.44,E78.5,Diabetes,Analgesic,Preventive,00,340,-10,Electronic,Paper,1.45,18.71,277,999,139,0,1,154.56,0,0,6,Thursday,Afternoon,1,1,0,Tier 1,1,2,Debit Card,Pending,88,0,1,1,0,1,73.28,90.02,-72.12,1
RX00000066,2025-01-20,08:38:41,2025-06-04,9,90,Amlodipine,Morphine,46428-300-12,10mg,Cream,124,32,487.93,1978.17,2209.64,32.14,Schedule V,PH0015,Pharmacist_171,RPH478603,FL,10,PHM0046,HealthPlus Pharmacy,Rite Aid,6156 Washington St,Chicago,CA,47309,(553) 559-6047,PHL68402,1376233267,FX8452780,DOC0178,Dr. Garcia N,8746770248,AJ3747945,MD944809,Psychiatry,6886 Hospital Blvd,Phoenix,IL,21282,(347) 412-5968,31,PAT004304,60,M,87421,OH,Anthem,INS21593,GRP1108,529350,PCN5478,41.45,2501.16,355.12,F33.1,Diabetes,Analgesic,Infection,03,148,5,Fax,Electronic,22.11,41.16,155,855,205,1,1,39.35,4,7,3,Monday,Morning,0,1,1,Non-Formulary,0,2,Debit Card,Rejected,79,0,0,0,1,1,61.75,99.43,-86.66,0
RX00000067,2024-01-10,09:23:32,2024-05-10,0,60,Levothyroxine,Methylprednisolone,17669-249-50,100mg,Capsule,101,51,26.92,1812.21,2864.93,47.98,None,PH0075,Pharmacist_75,RPH655338,PA,5,PHM0033,Express Meds,CVS,3102 Main St,Phoenix,OH,31906,(756) 530-6180,PHL99780,8730413737,FI7082121,DOC0318,Dr. Smith R,7786248655,AE1216386,MD243601,General Practice,4710 Clinic Blvd,Houston,FL,54605,(366) 304-4569,10,PAT004124,46,M,83224,IL,Medicaid,INS79742,GRP2867,537619,PCN8544,91.6,524.55,65.62,E11.9,Arthritis,Antibiotic,Chronic Disease,02,71,22,Fax,Phone,25.87,8.69,156,30,289,0,0,121.48,1,2,3,Wednesday,Afternoon,0,0,0,Non-Formulary,0,0,Insurance,Reversed,79,0,0,0,0,0,43.61,46.91,81.71,0
RX00000068,2024-04-28,11:11:42,2024-12-26,0,30,Atorvastatin,Oxycodone,46356-693-54,50mg,Capsule,138,166,121.29,2855.47,450.48,31.02,None,PH0136,Pharmacist_56,RPH850582,NY,19,PHM0011,HealthPlus Pharmacy,Independent,170 Main St,Los Angeles,IL,72221,(575) 914-4033,PHL67627,1460955243,FL7368883,DOC0010,Dr. Brown G,3208691233,AN2893232,MD898395,Oncology,2125 Health Blvd,New York,IL,27814,(707) 980-6918,19,PAT004565,23,M,53006,FL,UnitedHealth,INS60434,GRP5646,579142,PCN6111,68.7,3784.91,112.94,K21.9,Depression,Antidiabetic,Infection,00,243,30,Electronic,Paper,0.71,0.74,346,504,486,0,1,140.27,3,8,1,Monday,Afternoon,1,1,0,Tier 2,0,2,Cash,Pending,75,1,0,0,1,1,72.9,27.85,42.7,1
RX00000069,2024-02-07,17:25:31,2024-07-15,4,30,Morphine,Montelukast,24160-225-42,100mg,Injection,69,170,471.23,158.32,3321.4,42.36,Schedule IV,PH0174,Pharmacist_7,RPH287795,FL,21,PHM0010,TrustedMeds,Walgreens,1678 Main St,Philadelphia,OH,78150,(985) 704-8635,PHL36467,7433427406,FQ5390014,DOC0160,Dr. Jones K,4281204295,AN2998738,MD502265,Internal Medicine,5253 Health Blvd,Houston,FL,14716,(233) 381-5965,11,PAT004027,73,M,50954,PA,Anthem,INS73891,GRP2792,696487,PCN9037,66.01,3084.18,286.11,M79.7,Asthma,Analgesic,Preventive,00,200,-14,Fax,Fax,94.33,30.89,181,785,404,1,1,39.02,0,0,0,Tuesday,Evening,1,0,1,Non-Formulary,0,3,Credit Card,Pending,79,1,0,0,0,0,80.1,64.81,18.51,0
RX00000070,2025-11-12,15:42:55,2024-10-14,9,90,Clopidogrel,Gabapentin,12674-812-70,250mg,Tablet,91,106,285.39,1618.88,444.28,26.98,Schedule II,PH0087,Pharmacist_128,RPH627191,OH,22,PHM0011,CarePlus Pharmacy,Independent,5007 Maple St,Houston,NY,75136,(850) 277-9779,PHL38059,6529150040,FB5988206,DOC0054,Dr. Jones M,4455743663,AT2542796,MD852570,Endocrinology,1652 Clinic Blvd,Chicago,CA,84242,(743) 686-7997,14,PAT002846,27,Other,49563,IL,Humana,INS66742,GRP9846,428574,PCN4278,41.43,1130.69,257.68,J45.909,Asthma,Analgesic,Pain,04,95,6,Fax,Paper,17.06,33.07,422,761,156,1,1,84.6,5,8,6,Friday,Morning,0,1,1,Tier 2,0,1,Credit Card,Reversed,79,1,0,0,1,1,11.45,82.37,29.21,0
RX00000071,2025-02-06,15:31:35,2024-09-30,6,90,Ibuprofen,Omeprazole,30887-379-27,10mg,Syrup,81,178,275.58,3225.03,194.83,37.51,None,PH0015,Pharmacist_22,RPH429153,IL,20,PHM0005,QuickMeds,Rite Aid,6054 Main St,Houston,OH,28423,(441) 314-9196,PHL25812,6376474657,FC4994266,DOC0020,Dr. Jones D,6641054403,AS7542286,MD944986,Dermatology,7028 Hospital Blvd,Los Angeles,CA,32957,(419) 481-8200,27,PAT002084,25,F,79922,TX,UnitedHealth,INS51482,GRP9941,544366,PCN8780,68.27,4334.92,439.72,I25.10,Diabetes,Antibiotic,Acute Condition,02,157,-29,Written,Electronic,0.83,34.57,404,688,307,0,1,54.16,4,6,4,Saturday,Evening,0,0,1,Non-Formulary,0,3,Credit Card,Pending,None,0,1,0,0,1,77.15,63.14,75.89,1
RX00000072,2024-08-04,15:47:26,2025-01-14,11,60,Lisinopril,Levothyroxine,44205-618-18,50mg,Injection,164,150,369.02,2271.78,127.94,7.34,Schedule II,PH0162,Pharmacist_114,RPH929443,PA,9,PHM0001,TrustedMeds,Rite Aid,3378 Maple St,Chicago,IL,20778,(313) 361-5089,PHL77681,9329737841,FO9025640,DOC0229,Dr. Miller X,5868387535,AF6495887,MD938366,Pediatrics,3354 Medical Blvd,Houston,TX,33840,(602) 586-4677,2,PAT000189,89,Other,90216,PA,Cigna,INS21662,GRP8576,307897,PCN5289,70.13,759.4,200.52,K21.9,Asthma,Antibiotic,Infection,00,188,-20,Written,Electronic,8.1,35.96,223,792,17,1,1,144.86,0,3,3,Tuesday,Evening,1,1,1,Tier 2,1,1,Check,Rejected,76,0,1,0,1,0,27.4,2.88,95.23,0
RX00000073,2024-08-27,10:55:20,2024-01-11,6,90,Omeprazole,Tramadol,60265-825-64,500mg,Cream,75,28,48.09,303.17,1501.22,15.57,Schedule III,PH0156,Pharmacist_172,RPH941218,IL,3,PHM0001,QuickMeds,Walgreens,8366 Park St,Houston,TX,61733,(887) 579-3166,PHL83342,9766565058,FF5366969,DOC0015,Dr. Johnson Q,3010409194,AC6323702,MD844756,General Practice,7193 Hospital Blvd,Chicago,CA,51060,(245) 330-9179,18,PAT002954,73,F,44500,IL,Humana,INS77760,GRP6128,556943,PCN3703,31.55,4475.54,381.84,J44.9,Asthma,Antidiabetic,Pain,01,76,-27,Phone,Paper,3.27,1.89,134,168,289,1,1,62.86,0,7,0,Thursday,Evening,1,1,1,Tier 1,0,0,Credit Card,Paid,75,1,0,0,1,0,87.49,58.35,94.33,1
RX00000074,2025-09-15,13:01:18,2024-01-23,10,30,Simvastatin,Sertraline,87376-208-51,20mg,Tablet,30,127,415.43,3301.1,2045.98,47.98,Schedule V,PH0169,Pharmacist_2,RPH445429,CA,29,PHM0021,Wellness Pharmacy,Independent,2218 Oak St,New York,OH,94363,(489) 530-1909,PHL19269,7881789697,FC7691735,DOC0313,Dr. Williams F,2713336599,AA4493397,MD270855,Psychiatry,6692 Clinic Blvd,Los Angeles,CA,49131,(702) 642-6080,39,PAT001076,63,Other,22597,OH,Kaiser Permanente,INS77194,GRP4274,613406,PCN8298,88.54,2143.98,281.53,K21.9,Hypertension,Antidiabetic,Chronic Disease,04,95,-3,Fax,Electronic,24.69,2.12,175,997,213,1,0,74.53,5,10,2,Thursday,Morning,1,1,1,Tier 1,1,2,Cash,Rejected,76,0,1,1,0,0,92.04,91.73,2.68,0
RX00000075,2025-04-04,17:05:49,2024-07-23,0,30,Oxycodone,Prednisone,70670-283-33,100mg,Tablet,31,116,438.44,1495.26,2644.5,25.47,Schedule IV,PH0160,Pharmacist_68,RPH457915,OH,12,PHM0014,MediCare Drug Store,CVS,1381 Park St,Chicago,OH,98265,(308) 644-9755,PHL12348,5320080287,FD1223214,DOC0232,Dr. Johnson U,7344181536,AW7796309,MD789666,Endocrinology,8074 Clinic Blvd,Phoenix,IL,57281,(907) 889-7471,20,PAT000718,34,M,11818,NY,UnitedHealth,INS12082,GRP4083,128117,PCN4428,48.11,653.19,120.89,M25.551,Asthma,Analgesic,Pain,02,237,-21,Fax,Fax,56.89,1.19,86,925,237,0,1,13.35,3,7,0,Sunday,Night,0,0,1,Non-Formulary,0,2,Insurance,Paid,79,1,1,1,0,1,66.09,39.97,2.67,0
RX00000076,2024-06-28,08:27:36,2025-01-31,8,30,Gabapentin,Azithromycin,64675-584-24,100mg,Cream,175,98,224.44,2186.79,730.19,37.68,Schedule IV,PH0089,Pharmacist_113,RPH343377,IL,15,PHM0038,Community Health Pharmacy,Walgreens,9964 Washington St,Los Angeles,TX,61166,(626) 889-6902,PHL71908,4627234243,FT4476383,DOC0499,Dr. Williams W,4218022734,AV9101545,MD235367,Orthopedics,3368 Hospital Blvd,Phoenix,FL,23225,(625) 705-5975,16,PAT001716,89,M,12376,TX,Humana,INS56798,GRP3598,283201,PCN9248,3.2,286.5,215.31,R51,Diabetes,Cardiovascular,Preventive,01,249,-14,Electronic,Phone,48.84,38.49,395,899,463,1,0,128.57,5,8,1,Saturday,Morning,1,1,0,Tier 1,0,4,Insurance,Paid,75,0,0,1,0,1,81.67,70.82,52.39,0
RX00000077,2025-05-28,15:26:49,2025-12-14,3,60,Losartan,Hydrochlorothiazide,76194-275-20,50mg,Syrup,116,102,314.91,1234.8,3390.66,28.83,Schedule II,PH0036,Pharmacist_110,RPH533491,FL,30,PHM0034,MediCare Drug Store,Walgreens,587 Washington St,Los Angeles,OH,11303,(934) 729-2140,PHL21112,6747970335,FM3756910,DOC0466,Dr. Brown B,9749250957,AU3532555,MD702466,Cardiology,8616 Clinic Blvd,Houston,FL,99243,(917) 766-5986,21,PAT002820,19,F,79178,IL,Aetna,INS62944,GRP8310,775156,PCN4360,88.76,2809.62,309.09,M79.7,Depression,Antidiabetic,Infection,02,43,-28,Electronic,Fax,33.53,36.28,379,901,78,0,1,-15.56,1,1,8,Friday,Evening,1,0,0,Tier 1,1,1,Credit Card,Reversed,88,0,0,1,1,1,64.71,12.38,51.31,0
RX00000078,2024-05-04,17:45:57,2024-03-18,10,90,Ciprofloxacin,Amlodipine,55919-406-46,500mg,Cream,45,106,260.07,1245.69,1478.67,31.21,Schedule III,PH0117,Pharmacist_26,RPH253672,PA,28,PHM0027,City Pharmacy,Independent,1611 Main St,Houston,NY,72423,(419) 656-2279,PHL58404,8639993987,FI9368933,DOC0250,Dr. Garcia N,9574952781,AW9213136,MD867260,Psychiatry,2768 Hospital Blvd,Phoenix,NY,73539,(928) 668-3119,33,PAT004335,33,Other,37871,FL,Medicare,INS14273,GRP3569,686181,PCN7051,92.17,534.45,426.16,I10,Hypertension,Antibiotic,Preventive,02,20,3,Phone,Electronic,45.37,18.64,192,311,293,1,1,195.74,0,2,2,Sunday,Night,0,1,1,Tier 2,0,3,Insurance,Paid,88,1,0,0,1,1,73.69,57.31,13.15,0
RX00000079,2025-08-01,16:40:29,2024-09-16,10,60,Atorvastatin,Oxycodone,52626-191-89,500mg,Cream,114,109,116.79,1983.03,2436.77,48.11,Schedule IV,PH0189,Pharmacist_72,RPH777292,CA,11,PHM0046,Family Pharmacy,Independent,9471 Maple St,Phoenix,PA,26224,(859) 772-2395,PHL35221,4253932355,FS9753576,DOC0421,Dr. Johnson Y,4852002754,AD9923120,MD288474,Cardiology,4604 Hospital Blvd,Los Angeles,IL,68226,(286) 746-6249,26,PAT004825,23,F,13049,TX,Anthem,INS33659,GRP7798,125225,PCN9649,31.74,1157.3,57.32,I10,Asthma,Analgesic,Chronic Disease,01,93,-14,Written,Paper,83.38,15.41,209,695,243,0,0,-16.8,4,5,2,Monday,Morning,1,1,0,Tier 3,0,3,Credit Card,Pending,79,0,0,0,0,0,83.45,49.3,50.48,0
RX00000080,2025-11-21,14:40:14,2025-12-01,4,90,Methylprednisolone,Prednisone,23305-352-81,500mg,Capsule,87,155,203.67,428.7,2862.92,14.16,Schedule II,PH0096,Pharmacist_139,RPH276358,OH,16,PHM0035,City Pharmacy,Rite Aid,9195 Washington St,New York,CA,70902,(835) 496-3742,PHL10071,9254114170,FI5209218,DOC0079,Dr. Miller V,3715308155,AS9561890,MD394976,Cardiology,2744 Medical Blvd,Chicago,CA,61813,(915) 325-3288,36,PAT002290,73,M,90012,IL,Kaiser Permanente,INS99404,GRP6613,766023,PCN5282,97.96,3184.89,136.51,J45.909,Depression,Antibiotic,Infection,03,306,-9,Written,Paper,55.36,32.36,2,624,31,1,0,-33.64,0,10,2,Thursday,Night,1,0,0,Tier 1,1,0,Credit Card,Reversed,88,1,1,0,0,0,31.83,46.27,87.25,0
RX00000081,2025-06-07,09:52:39,2024-03-20,4,90,Amlodipine,Amlodipine,74724-471-14,50mg,Injection,165,63,4.06,4921.48,2874.77,9.99,Schedule III,PH0146,Pharmacist_129,RPH618008,NY,13,PHM0043,Prime Pharmacy,Independent,9979 Park St,Los Angeles,CA,87091,(331) 963-2065,PHL26702,8654717096,FG1387847,DOC0134,Dr. Garcia V,2949597857,AN1870113,MD995336,Oncology,7186 Health Blvd,Chicago,CA,99151,(730) 677-9119,24,PAT004238,23,Other,39431,CA,Humana,INS65058,GRP9723,570665,PCN6181,0.52,875.74,40.9,R51,Hypertension,Analgesic,Acute Condition,00,127,-18,Phone,Phone,68.09,15.61,321,641,10,0,0,127.3,3,6,0,Friday,Evening,1,0,0,Non-Formulary,0,2,Insurance,Pending,88,0,0,1,0,1,75.84,57.89,-82.89,0
RX00000082,2025-10-18,15:03:19,2024-04-04,10,60,Metformin,Lisinopril,98809-157-81,10mg,Syrup,107,112,48.37,3762.3,1052.84,31.98,Schedule V,PH0003,Pharmacist_117,RPH502569,FL,28,PHM0040,TrustedMeds,Independent,1759 Maple St,Philadelphia,PA,13404,(664) 729-6377,PHL87045,1826700966,FD1206168,DOC0002,Dr. Jones W,9880035879,AZ4248312,MD701056,Orthopedics,8437 Clinic Blvd,Chicago,FL,73097,(942) 835-8284,12,PAT001992,35,M,17928,NY,Humana,INS86614,GRP8140,638051,PCN6861,31.12,3983.5,387.75,J44.9,Arthritis,Antibiotic,Preventive,02,149,-7,Written,Paper,3.5,2.96,260,839,260,0,1,167.4,2,3,3,Saturday,Afternoon,0,1,0,Non-Formulary,1,4,Credit Card,Pending,88,1,1,1,0,0,96.7,45.43,57.84,1
RX00000083,2025-04-20,15:47:49,2025-01-15,12,90,Simvastatin,Omeprazole,62469-288-10,50mg,Tablet,28,101,15.49,584.79,1311.14,13.75,Schedule V,PH0196,Pharmacist_93,RPH146037,CA,13,PHM0013,HealthPlus Pharmacy,Walgreens,2953 Oak St,Chicago,PA,32843,(547) 767-5029,PHL33401,1841760174,FF5392083,DOC0008,Dr. Smith A,5884423780,AU2861751,MD454820,Dermatology,5098 Health Blvd,Los Angeles,TX,58804,(876) 375-9633,40,PAT003554,26,M,28931,NY,Cigna,INS35124,GRP9725,496566,PCN7131,31.8,1932.93,318.07,I25.10,Hypertension,Psychotherapeutic,Preventive,01,274,-12,Phone,Phone,1.23,12.43,323,815,427,1,0,143.59,4,9,7,Tuesday,Morning,1,0,0,Non-Formulary,1,3,Check,Reversed,75,1,1,1,1,1,76.69,26.83,-19.81,1
RX00000084,2025-04-24,14:13:19,2024-10-11,6,90,Levothyroxine,Sertraline,43361-663-20,20mg,Tablet,85,123,259.65,1158.59,189.94,28.05,Schedule III,PH0110,Pharmacist_116,RPH590262,FL,27,PHM0024,Community Health Pharmacy,Rite Aid,5294 Maple St,Houston,CA,33536,(652) 439-5351,PHL94587,5620905678,FC5941189,DOC0319,Dr. Miller Q,3764474604,AZ5637641,MD338804,Neurology,2042 Medical Blvd,Chicago,CA,81568,(405) 541-4221,22,PAT002049,56,Other,99592,OH,Humana,INS34987,GRP3258,996531,PCN9898,91.24,38.4,149.74,M25.551,Depression,Antidiabetic,Acute Condition,04,335,-30,Fax,Paper,89.5,43.29,117,233,18,0,1,63.02,1,8,8,Sunday,Night,1,1,0,Tier 3,0,3,Debit Card,Rejected,79,1,0,1,0,0,20.72,30.56,47.56,0
RX00000085,2024-11-02,16:19:20,2024-04-28,0,90,Ibuprofen,Atorvastatin,30144-438-82,500mg,Cream,165,156,433.54,4901.06,922.9,22.58,Schedule V,PH0099,Pharmacist_49,RPH597840,CA,22,PHM0037,CarePlus Pharmacy,Rite Aid,5091 Main St,Los Angeles,CA,98458,(766) 381-1525,PHL89084,3098578259,FF4338644,DOC0358,Dr. Smith M,2218987399,AH5883940,MD791609,General Practice,1246 Health Blvd,New York,TX,77964,(211) 375-6353,27,PAT003204,38,M,26926,IL,Anthem,INS72685,GRP2126,507888,PCN4382,12.99,925.55,216.1,N18.3,Arthritis,Analgesic,Preventive,04,158,7,Phone,Fax,41.97,13.84,4,147,181,1,0,121.44,3,9,3,Friday,Evening,1,1,1,Tier 1,0,2,Debit Card,Pending,76,1,0,1,0,0,33.98,90.0,46.65,0
RX00000086,2025-11-06,11:56:55,2025-07-12,4,90,Albuterol,Hydrochlorothiazide,97380-168-99,500mg,Capsule,136,115,496.2,2768.59,4478.95,8.44,None,PH0130,Pharmacist_197,RPH917376,TX,27,PHM0029,Community Health Pharmacy,CVS,4241 Oak St,Phoenix,CA,70577,(227) 274-8567,PHL59958,6129924345,FB1180143,DOC0487,Dr. Williams D,5881146883,AV8788747,MD608306,Internal Medicine,1217 Medical Blvd,Phoenix,NY,67373,(343) 682-5573,11,PAT001398,20,Other,23174,NY,Humana,INS26272,GRP9759,877462,PCN7403,16.85,3021.26,5.61,F41.9,Diabetes,Antidiabetic,Chronic Disease,01,110,15,Written,Paper,9.64,22.16,25,857,93,0,1,124.66,5,4,7,Monday,Morning,0,1,0,Tier 2,1,1,Cash,Paid,None,1,0,0,1,0,69.85,68.0,-87.37,0
RX00000087,2024-10-21,16:06:52,2025-01-20,5,90,Azithromycin,Omeprazole,91877-312-79,100mg,Injection,40,69,107.28,1789.32,785.43,23.1,Schedule III,PH0004,Pharmacist_100,RPH323103,FL,15,PHM0005,TrustedMeds,Walgreens,6145 Main St,New York,NY,63883,(508) 985-9185,PHL23344,3444717125,FI2589550,DOC0070,Dr. Jones K,8285619035,AV3230219,MD448176,Orthopedics,5309 Health Blvd,New York,TX,12313,(823) 799-8354,25,PAT004187,47,Other,87000,PA,BlueCross BlueShield,INS40488,GRP1347,746288,PCN3032,30.88,3320.61,378.62,R51,Hypertension,Cardiovascular,Infection,02,255,-12,Phone,Paper,16.87,18.85,329,39,427,0,1,-8.24,5,5,2,Wednesday,Evening,0,1,1,Tier 1,0,2,Credit Card,Rejected,75,0,0,0,1,1,83.05,18.35,25.96,0
RX00000088,2025-08-14,09:11:37,2024-06-06,12,30,Amlodipine,Rosuvastatin,20245-536-69,50mg,Capsule,60,72,212.3,3033.2,1367.44,30.94,Schedule II,PH0070,Pharmacist_124,RPH183902,TX,26,PHM0025,HealthPlus Pharmacy,CVS,7812 Washington St,Houston,IL,89874,(952) 643-3553,PHL73176,6933150768,FC6037049,DOC0016,Dr. Jones R,4120930408,AI7382895,MD586173,Pediatrics,7531 Clinic Blvd,Houston,IL,89432,(692) 273-6459,9,PAT003845,43,M,34854,CA,BlueCross BlueShield,INS75627,GRP7131,615326,PCN7628,92.57,4231.28,485.25,E78.5,Arthritis,Antidiabetic,Chronic Disease,04,36,-4,Written,Electronic,4.96,19.3,290,167,198,0,1,190.74,2,5,8,Saturday,Night,1,0,1,Non-Formulary,0,1,Debit Card,Paid,76,0,0,1,1,0,71.56,25.43,20.43,1
RX00000089,2024-11-22,14:45:37,2025-09-29,8,30,Clopidogrel,Levothyroxine,65950-358-98,50mg,Cream,146,178,443.38,2934.54,3304.03,38.86,None,PH0028,Pharmacist_163,RPH700426,OH,23,PHM0010,Wellness Pharmacy,Walgreens,3532 Washington St,Philadelphia,TX,10841,(372) 703-1025,PHL22697,8285624787,FQ7993453,DOC0451,Dr. Garcia J,8443359717,AF3959522,MD492850,Orthopedics,2300 Hospital Blvd,Houston,NY,75878,(312) 661-4482,12,PAT001647,25,Other,33950,OH,Cigna,INS43993,GRP7697,562139,PCN2789,86.84,747.57,146.56,K21.9,Hypertension,Antibiotic,Pain,02,15,7,Phone,Fax,9.32,24.31,390,104,6,0,0,127.9,2,0,0,Monday,Afternoon,0,1,1,Non-Formulary,1,2,Check,Reversed,76,1,1,1,0,1,11.67,66.51,-24.31,0
RX00000090,2025-07-31,08:38:07,2024-06-25,4,90,Morphine,Amlodipine,58290-562-89,500mg,Injection,141,115,330.28,25.61,2873.14,47.39,Schedule III,PH0005,Pharmacist_163,RPH477702,OH,3,PHM0048,Express Meds,Walgreens,7379 Oak St,Phoenix,FL,62450,(956) 827-2333,PHL55656,9292914000,FV2685367,DOC0012,Dr. Garcia M,3167397784,AE9353796,MD935527,Neurology,5037 Health Blvd,Los Angeles,FL,25162,(693) 878-9858,16,PAT001994,45,M,96474,PA,UnitedHealth,INS23824,GRP8125,850534,PCN1478,16.02,4180.35,451.32,F33.1,Depression,Analgesic,Chronic Disease,03,343,-23,Phone,Fax,4.37,4.61,355,341,151,0,0,110.27,5,5,6,Saturday,Night,1,0,0,Tier 3,0,2,Insurance,Paid,None,1,0,0,1,0,70.09,85.33,90.81,1
RX00000091,2024-10-13,13:49:23,2024-01-25,12,30,Rosuvastatin,Prednisone,88855-704-38,10mg,Injection,12,147,426.25,1586.47,3673.59,18.36,Schedule II,PH0128,Pharmacist_175,RPH577924,NY,19,PHM0010,City Pharmacy,Independent,9912 Maple St,Chicago,IL,26182,(480) 923-8836,PHL92716,4559184883,FP5890476,DOC0021,Dr. Garcia M,8774793517,AE4533501,MD989265,Dermatology,961 Hospital Blvd,Houston,FL,49203,(875) 363-1353,36,PAT003214,61,F,98853,FL,Kaiser Permanente,INS61296,GRP7407,175312,PCN9648,72.68,1270.64,461.53,N18.3,Asthma,Antidiabetic,Pain,01,165,18,Written,Phone,19.07,22.93,84,592,31,0,1,47.04,5,7,4,Tuesday,Afternoon,0,0,0,Tier 3,0,1,Debit Card,Reversed,75,0,0,1,1,0,59.01,94.51,-76.53,0
RX00000092,2025-11-16,09:15:25,2024-08-07,4,90,Ciprofloxacin,Levothyroxine,95563-863-58,500mg,Tablet,128,176,191.36,3165.34,2005.81,5.52,None,PH0022,Pharmacist_32,RPH612982,PA,33,PHM0015,Main Street Pharmacy,Independent,9714 Park St,Phoenix,FL,45877,(910) 963-2549,PHL87709,6072771245,FP8275548,DOC0194,Dr. Williams S,1537886416,AK2065324,MD848440,General Practice,3129 Health Blvd,New York,FL,82883,(749) 742-9004,5,PAT004251,86,Other,95419,CA,Cigna,INS96321,GRP2922,289440,PCN3948,0.53,2012.55,157.15,E11.9,Diabetes,Psychotherapeutic,Infection,01,44,5,Electronic,Electronic,62.73,4.32,64,519,222,1,1,51.0,4,2,6,Saturday,Morning,0,1,0,Tier 3,1,1,Check,Reversed,76,1,0,0,0,0,96.97,3.67,-71.67,0
RX00000093,2024-03-23,14:04:35,2025-04-03,4,60,Azithromycin,Levothyroxine,62436-567-20,50mg,Injection,46,147,102.28,3151.55,1215.95,33.49,Schedule II,PH0183,Pharmacist_96,RPH691021,PA,33,PHM0039,Wellness Pharmacy,CVS,6976 Oak St,Chicago,OH,66836,(588) 226-5055,PHL20161,2160179042,FR2845328,DOC0131,Dr. Garcia R,2747112232,AK2492738,MD480443,Oncology,4576 Hospital Blvd,Los Angeles,TX,11292,(300) 586-4640,25,PAT000861,33,M,79006,PA,Humana,INS87178,GRP9021,200181,PCN9666,34.89,2574.71,141.0,F41.9,Asthma,Cardiovascular,Pain,01,162,30,Fax,Paper,59.22,17.32,380,695,308,1,1,19.35,4,2,4,Monday,Afternoon,0,0,1,Tier 3,0,2,Cash,Reversed,79,0,1,1,1,1,55.21,27.58,-14.45,0
RX00000094,2025-02-11,14:49:20,2025-09-19,10,30,Metformin,Oxycodone,41462-195-31,250mg,Tablet,31,83,277.3,2469.32,3935.22,48.3,Schedule IV,PH0174,Pharmacist_131,RPH866296,NY,31,PHM0032,Metro Pharmacy,Independent,8822 Main St,Houston,CA,90777,(394) 963-1119,PHL65702,8514766634,FH9860239,DOC0472,Dr. Garcia T,9771852156,AO3827503,MD807287,General Practice,3787 Hospital Blvd,New York,TX,27474,(726) 561-1834,28,PAT004060,66,M,58927,CA,Kaiser Permanente,INS99006,GRP5092,972128,PCN9832,85.08,3860.13,145.03,M79.7,Depression,Antibiotic,Infection,00,323,6,Fax,Paper,63.6,46.16,476,956,416,0,1,-28.26,4,7,0,Wednesday,Morning,1,1,1,Tier 3,0,0,Credit Card,Rejected,79,1,0,0,1,1,22.88,19.75,5.82,0
RX00000095,2025-05-03,15:25:23,2025-02-17,5,60,Levothyroxine,Albuterol,45321-211-66,500mg,Injection,51,45,177.19,2175.46,1619.77,44.17,Schedule II,PH0029,Pharmacist_49,RPH398739,CA,9,PHM0026,MediCare Drug Store,Rite Aid,5526 Main St,Los Angeles,PA,36082,(690) 881-5354,PHL25570,7103557930,FR9314244,DOC0231,Dr. Miller V,4067985169,AK7708806,MD626236,Psychiatry,2253 Medical Blvd,New York,CA,26531,(359) 552-9192,1,PAT001938,24,Other,54845,FL,Self-Pay,INS11052,GRP8116,603518,PCN5742,28.22,371.77,214.48,R51,Diabetes,Psychotherapeutic,Infection,01,143,19,Written,Phone,15.65,49.71,127,683,467,1,0,114.16,3,1,8,Friday,Afternoon,0,0,0,Tier 1,0,3,Insurance,Pending,75,0,1,0,0,0,48.74,86.44,-23.93,0
RX00000096,2024-10-09,18:03:19,2025-08-30,4,60,Gabapentin,Sertraline,64797-352-50,10mg,Capsule,20,10,26.54,3726.33,957.84,26.24,Schedule V,PH0026,Pharmacist_111,RPH293818,TX,32,PHM0024,Community Health Pharmacy,Walgreens,5086 Main St,New York,PA,11790,(899) 765-3134,PHL53412,8774042176,FX9872833,DOC0379,Dr. Jones L,2185183112,AS7443279,MD191468,Neurology,2237 Medical Blvd,New York,IL,95767,(395) 397-8303,7,PAT000614,87,Other,54944,TX,Medicare,INS36476,GRP9741,855781,PCN3517,4.38,862.68,275.25,F41.9,Asthma,Antibiotic,Chronic Disease,03,322,15,Written,Fax,42.66,3.48,215,537,118,0,0,-34.66,4,4,2,Wednesday,Morning,0,0,1,Non-Formulary,0,1,Debit Card,Reversed,88,1,1,1,0,0,22.18,0.36,14.38,0
RX00000097,2024-07-01,12:19:54,2025-05-09,4,90,Gabapentin,Albuterol,25611-275-38,10mg,Cream,70,84,20.03,749.22,3976.79,46.73,Schedule III,PH0014,Pharmacist_165,RPH361103,OH,14,PHM0035,Metro Pharmacy,Independent,122 Maple St,Philadelphia,IL,58380,(532) 285-9999,PHL44608,4101308249,FN5947522,DOC0025,Dr. Williams B,2526788512,AX5692416,MD285320,Pediatrics,356 Medical Blvd,Houston,TX,92081,(849) 818-4377,29,PAT001808,59,F,36728,IL,Anthem,INS30400,GRP8308,342979,PCN8109,36.86,4059.76,46.85,J44.9,Arthritis,Analgesic,Infection,01,291,1,Phone,Phone,45.6,1.15,84,907,475,0,1,126.94,5,9,3,Monday,Afternoon,0,1,0,Non-Formulary,1,0,Check,Rejected,None,0,1,1,0,0,79.06,82.66,52.69,0
RX00000098,2024-04-15,08:50:00,2025-09-03,8,90,Losartan,Tramadol,21136-307-27,100mg,Cream,123,51,154.04,2399.75,1100.92,29.46,Schedule III,PH0161,Pharmacist_140,RPH229054,CA,3,PHM0007,Wellness Pharmacy,Independent,4961 Main St,Phoenix,OH,64432,(345) 201-4675,PHL13145,6268529625,FM3472567,DOC0043,Dr. Williams U,2231995081,AV7454929,MD820126,Neurology,8157 Hospital Blvd,New York,NY,23334,(488) 565-2249,40,PAT002734,33,F,21115,CA,Self-Pay,INS29805,GRP3917,549449,PCN9691,33.48,816.14,212.62,I25.10,Depression,Psychotherapeutic,Chronic Disease,02,53,-13,Fax,Phone,26.84,46.65,416,929,127,0,0,184.65,1,10,2,Wednesday,Afternoon,1,1,1,Tier 1,0,4,Debit Card,Pending,75,0,1,0,0,1,77.01,35.26,-1.16,0
RX00000099,2025-04-13,14:26:35,2024-07-29,8,90,Escitalopram,Albuterol,80282-941-39,100mg,Tablet,158,117,263.71,3885.2,3651.76,14.87,None,PH0061,Pharmacist_93,RPH103005,NY,2,PHM0024,Main Street Pharmacy,Independent,7864 Oak St,New York,CA,55789,(569) 997-3283,PHL48626,2977353085,FR8064499,DOC0232,Dr. Johnson G,4555467593,AB3311922,MD222930,Orthopedics,6284 Medical Blvd,Houston,TX,17088,(918) 308-2208,31,PAT004866,38,M,29252,TX,Aetna,INS20353,GRP5014,180808,PCN1204,56.92,3661.7,74.86,J44.9,Arthritis,Analgesic,Preventive,02,240,-4,Electronic,Fax,13.91,39.09,356,14,406,1,0,186.01,1,0,0,Friday,Afternoon,0,0,1,Non-Formulary,1,4,Credit Card,Pending,75,1,0,1,0,1,63.66,97.79,-74.97,0
RX00000100,2024-04-10,09:52:44,2024-08-28,7,60,Azithromycin,Azithromycin,63097-947-58,20mg,Tablet,105,175,212.4,1356.9,474.28,21.32,Schedule III,PH0008,Pharmacist_62,RPH395915,NY,35,PHM0007,HealthPlus Pharmacy,Independent,3571 Park St,New York,OH,50516,(392) 764-4305,PHL93674,4990891827,FH5515889,DOC0020,Dr. Smith S,3425783849,AS9116934,MD147899,Cardiology,5254 Medical Blvd,Chicago,CA,56746,(969) 489-7523,33,PAT001597,58,F,56640,NY,UnitedHealth,INS53426,GRP7672,877468,PCN9250,10.1,3633.72,75.09,R51,Arthritis,Antidiabetic,Preventive,00,148,-20,Phone,Fax,4.13,4.03,321,96,212,0,0,196.4,5,10,2,Sunday,Afternoon,1,1,0,Tier 3,1,2,Check,Reversed,None,1,0,0,0,0,81.77,56.69,98.88,1
RX00000101,2025-09-22,15:06:29,2025-02-02,2,60,Levothyroxine,Metformin,46715-690-56,50mg,Tablet,28,55,355.47,2309.1,4437.71,49.03,Schedule IV,PH0167,Pharmacist_36,RPH229988,IL,32,PHM0003,QuickMeds,Walgreens,4796 Washington St,Houston,OH,91223,(896) 332-8222,PHL58068,6642064072,FC7932248,DOC0001,Dr. Jones O,3931553951,AT1957285,MD877039,Dermatology,9288 Medical Blvd,Los Angeles,CA,48097,(584) 362-7541,5,PAT001828,67,F,97706,CA,Kaiser Permanente,INS71063,GRP8675,773693,PCN9767,90.01,2091.84,42.91,N18.3,Hypertension,Antidiabetic,Acute Condition,01,205,-9,Written,Phone,2.78,17.19,310,498,492,0,1,195.34,0,4,7,Monday,Afternoon,1,0,0,Tier 3,0,4,Debit Card,Paid,76,1,1,0,0,0,96.11,86.8,90.53,1
RX00000102,2025-09-28,12:55:45,2024-09-14,6,90,Omeprazole,Prednisone,44006-288-16,10mg,Injection,97,86,82.68,1752.89,1888.86,26.4,Schedule II,PH0179,Pharmacist_112,RPH471921,PA,25,PHM0001,City Pharmacy,Independent,9883 Oak St,New York,PA,97551,(792) 831-3369,PHL52432,8443722173,FA3525076,DOC0159,Dr. Brown E,2358961337,AZ7818036,MD375568,General Practice,160 Health Blvd,Los Angeles,FL,93744,(792) 299-1597,14,PAT001538,71,Other,81576,OH,Aetna,INS88766,GRP7185,326636,PCN6703,20.98,860.22,339.81,E11.9,Depression,Antibiotic,Pain,02,157,2,Written,Fax,14.26,32.48,234,424,325,1,1,18.48,2,8,6,Friday,Evening,0,0,1,Non-Formulary,1,1,Check,Rejected,88,1,1,1,1,1,17.61,70.21,87.58,0
RX00000103,2024-10-25,09:31:47,2024-03-22,8,30,Azithromycin,Montelukast,75976-695-14,500mg,Syrup,117,64,111.83,2278.6,1717.95,13.8,Schedule IV,PH0032,Pharmacist_90,RPH932308,FL,27,PHM0042,MediCare Drug Store,Rite Aid,224 Maple St,Los Angeles,IL,47172,(474) 874-5333,PHL50291,2037468443,FN1548189,DOC0071,Dr. Smith A,7871714360,AK3859017,MD699982,Psychiatry,4062 Health Blvd,Los Angeles,IL,94467,(602) 252-8030,9,PAT003199,40,F,51697,IL,Aetna,INS67331,GRP4784,204415,PCN3069,50.43,2841.48,392.14,M25.551,Depression,Psychotherapeutic,Infection,02,104,-25,Written,Electronic,9.05,21.93,322,789,412,0,0,-45.89,4,8,1,Friday,Night,0,0,1,Tier 3,0,1,Cash,Pending,75,0,1,1,0,1,83.72,8.3,-71.25,0
RX00000104,2025-03-06,12:57:11,2025-09-16,1,60,Sertraline,Omeprazole,61222-203-72,10mg,Injection,28,134,479.63,390.8,3094.58,21.89,Schedule III,PH0163,Pharmacist_116,RPH947825,NY,12,PHM0020,HealthPlus Pharmacy,Independent,3027 Park St,Philadelphia,IL,14122,(320) 551-6681,PHL73427,1021537349,FQ5269818,DOC0019,Dr. Smith G,3603225974,AR1386516,MD643157,General Practice,2596 Hospital Blvd,Chicago,CA,38437,(230) 535-3270,15,PAT000684,34,F,45870,FL,Cigna,INS22054,GRP6710,842479,PCN5822,46.7,3640.55,218.03,K21.9,Diabetes,Antibiotic,Infection,01,351,24,Electronic,Fax,3.02,5.23,407,785,156,1,0,66.06,1,7,6,Thursday,Night,1,1,0,Non-Formulary,1,1,Check,Pending,76,0,1,0,0,1,83.77,58.69,-41.31,1
RX00000105,2024-10-07,10:22:15,2025-10-07,3,90,Sertraline,Sertraline,29010-898-50,10mg,Tablet,91,12,358.54,1076.72,2555.77,19.47,Schedule II,PH0144,Pharmacist_17,RPH504321,TX,14,PHM0034,Corner Pharmacy,CVS,1786 Park St,Chicago,PA,89679,(887) 276-7909,PHL99408,8542826729,FK6370746,DOC0351,Dr. Johnson G,7416398798,AB5603927,MD541699,Neurology,2133 Health Blvd,Los Angeles,IL,52844,(805) 592-4873,37,PAT000175,54,M,94366,OH,Self-Pay,INS10609,GRP8565,398179,PCN3147,84.16,1812.65,447.91,I25.10,Asthma,Cardiovascular,Chronic Disease,00,35,0,Written,Fax,11.55,36.19,141,325,180,1,1,152.26,0,8,5,Thursday,Morning,1,1,1,Non-Formulary,0,2,Check,Paid,None,0,0,0,0,0,39.83,99.35,72.28,0
RX00000106,2024-06-18,08:59:44,2025-10-28,4,30,Lisinopril,Ibuprofen,49883-176-43,50mg,Cream,107,79,349.48,4625.04,2627.62,10.4,Schedule III,PH0038,Pharmacist_193,RPH712505,OH,27,PHM0041,Wellness Pharmacy,Rite Aid,2104 Park St,Phoenix,NY,85744,(689) 877-9029,PHL46771,8434006782,FH2540137,DOC0136,Dr. Williams Y,5650566007,AR5066398,MD791515,Dermatology,1378 Medical Blvd,Houston,CA,37849,(213) 886-4541,30,PAT003155,42,F,23701,TX,Cigna,INS87401,GRP9644,638891,PCN6134,76.05,1403.21,227.01,J44.9,Asthma,Cardiovascular,Infection,01,186,-6,Fax,Paper,90.24,39.02,97,71,45,1,1,42.22,1,10,4,Sunday,Morning,0,1,0,Tier 1,0,0,Debit Card,Rejected,76,0,1,1,1,1,19.12,11.83,10.06,0
RX00000107,2025-03-16,13:06:03,2024-02-25,6,90,Clopidogrel,Omeprazole,48535-293-61,20mg,Cream,80,145,303.92,2597.91,495.78,7.24,Schedule II,PH0029,Pharmacist_57,RPH220783,CA,3,PHM0037,Wellness Pharmacy,Walgreens,4011 Main St,Phoenix,CA,46105,(431) 835-7628,PHL61368,2687430058,FH5500772,DOC0129,Dr. Brown G,6169317325,AU5831713,MD840140,Endocrinology,4818 Medical Blvd,New York,NY,75960,(917) 837-8811,20,PAT001955,39,F,99318,CA,Aetna,INS34555,GRP6442,577328,PCN3323,96.22,2997.14,213.96,E11.9,Diabetes,Antibiotic,Pain,01,347,18,Written,Phone,50.84,48.48,299,2,203,1,0,-36.71,3,1,0,Sunday,Morning,1,0,0,Tier 2,0,0,Credit Card,Pending,79,1,1,1,1,1,50.22,36.43,-97.29,0
RX00000108,2024-04-19,15:07:17,2024-01-18,8,90,Azithromycin,Amoxicillin,29385-520-38,500mg,Capsule,101,137,15.94,2892.15,3132.65,24.38,Schedule II,PH0191,Pharmacist_23,RPH303258,FL,7,PHM0018,Central Drug Store,Independent,7460 Park St,Los Angeles,TX,99006,(557) 539-7406,PHL87220,9563923030,FJ4197278,DOC0384,Dr. Smith S,3630098083,AN8634097,MD694188,Oncology,4825 Medical Blvd,New York,FL,99853,(350) 677-3461,34,PAT002374,89,Other,31313,TX,Medicare,INS47782,GRP2058,938635,PCN5828,1.56,184.29,141.51,R51,Hypertension,Cardiovascular,Acute Condition,02,2,-3,Electronic,Electronic,66.43,2.59,71,359,456,1,0,166.28,0,4,2,Saturday,Afternoon,1,0,1,Tier 2,0,3,Credit Card,Rejected,79,1,1,0,1,1,51.78,59.7,-65.34,0
RX00000109,2025-08-04,14:35:12,2025-02-15,4,30,Hydrochlorothiazide,Methylprednisolone,92355-572-79,20mg,Injection,121,34,69.74,2215.09,1413.11,47.07,Schedule III,PH0120,Pharmacist_91,RPH548443,FL,27,PHM0027,Central Drug Store,Rite Aid,553 Park St,New York,OH,65170,(290) 973-3303,PHL90636,9189853166,FZ5070918,DOC0469,Dr. Jones Q,2602500198,AT5921482,MD156136,Psychiatry,2163 Health Blvd,New York,FL,77896,(671) 255-2387,4,PAT002214,31,F,87901,CA,Humana,INS84113,GRP8888,824139,PCN6428,86.43,546.49,292.31,G89.29,Hypertension,Analgesic,Preventive,01,287,17,Fax,Paper,68.36,11.25,346,656,411,0,1,-0.12,5,4,0,Sunday,Night,0,0,0,Tier 1,0,4,Insurance,Paid,75,0,0,1,0,1,57.82,39.07,85.21,0
RX00000110,2024-01-23,15:54:42,2024-03-29,1,60,Atorvastatin,Azithromycin,12838-289-28,500mg,Capsule,53,140,370.96,2737.94,2145.33,18.05,None,PH0151,Pharmacist_127,RPH485183,PA,18,PHM0026,QuickMeds,Rite Aid,1858 Washington St,Houston,OH,65683,(351) 228-5643,PHL69910,2672586542,FS6079496,DOC0016,Dr. Smith U,2909024435,AL3337125,MD590636,Internal Medicine,4636 Medical Blvd,Los Angeles,TX,75619,(715) 415-6715,34,PAT003200,83,M,32871,PA,Aetna,INS56119,GRP6558,581801,PCN3294,27.83,3431.73,151.46,K21.9,Hypertension,Antidiabetic,Acute Condition,03,310,12,Phone,Phone,2.78,6.56,166,603,220,1,1,173.25,0,0,0,Sunday,Afternoon,0,0,0,Non-Formulary,1,2,Cash,Rejected,None,0,1,1,0,0,95.25,61.19,-77.11,1
RX00000111,2025-06-25,13:06:44,2024-09-16,6,30,Azithromycin,Methylprednisolone,82937-304-35,50mg,Injection,122,83,113.14,3713.35,1956.11,28.78,Schedule II,PH0023,Pharmacist_150,RPH125420,PA,7,PHM0014,Express Meds,Independent,2402 Main St,Chicago,OH,63480,(781) 759-2179,PHL54657,3131057424,FG8947918,DOC0058,Dr. Jones L,4665417862,AZ2126668,MD560197,Psychiatry,6262 Medical Blvd,Phoenix,CA,26671,(729) 505-2653,8,PAT004086,47,M,88838,IL,Kaiser Permanente,INS12954,GRP4670,961224,PCN5749,92.23,1131.22,351.64,I10,Diabetes,Antibiotic,Pain,04,294,-15,Electronic,Fax,63.17,30.97,280,715,390,0,1,-42.64,2,10,0,Monday,Evening,1,1,0,Tier 3,0,1,Cash,Pending,None,0,1,0,0,1,37.43,98.11,89.98,0
RX00000112,2025-11-08,09:02:31,2024-07-19,3,90,Sertraline,Clopidogrel,72599-410-39,10mg,Tablet,16,60,267.33,4302.87,3070.33,38.21,Schedule V,PH0124,Pharmacist_14,RPH505929,OH,25,PHM0045,Metro Pharmacy,CVS,7140 Washington St,Phoenix,NY,25149,(648) 320-7024,PHL56109,6126668956,FN1971778,DOC0334,Dr. Johnson H,9985032096,AA4810540,MD533130,General Practice,9406 Medical Blvd,New York,NY,17455,(278) 258-3076,29,PAT001480,54,M,51173,TX,Self-Pay,INS95879,GRP5001,406616,PCN3125,60.61,2154.16,61.19,I10,Hypertension,Antibiotic,Preventive,01,253,15,Electronic,Paper,47.93,22.23,155,965,41,1,1,-17.63,5,3,8,Wednesday,Evening,0,0,1,Non-Formulary,1,2,Insurance,Rejected,75,0,1,0,0,1,88.75,72.49,57.59,0
RX00000113,2025-11-16,12:17:37,2024-11-22,4,30,Ibuprofen,Gabapentin,89920-493-73,10mg,Injection,108,123,22.69,1036.59,834.0,24.4,None,PH0170,Pharmacist_79,RPH132826,IL,23,PHM0002,TrustedMeds,Independent,5608 Maple St,Phoenix,NY,13584,(549) 943-8111,PHL66039,4231536511,FZ2832243,DOC0008,Dr. Jones M,7591749938,AN9705913,MD372735,Orthopedics,6347 Health Blvd,Los Angeles,NY,11990,(487) 898-5495,6,PAT002048,87,F,54241,IL,Anthem,INS15060,GRP5493,479264,PCN5403,65.92,3520.92,405.13,R51,Hypertension,Cardiovascular,Chronic Disease,04,338,-10,Electronic,Paper,4.77,22.25,9,451,432,0,1,53.19,0,5,7,Saturday,Afternoon,1,0,0,Tier 3,1,0,Debit Card,Rejected,76,1,1,1,0,0,92.93,63.03,-70.62,1
RX00000114,2024-09-26,17:20:02,2024-06-02,11,30,Ibuprofen,Tramadol,43954-363-12,500mg,Syrup,148,21,300.49,1755.15,353.27,24.97,Schedule V,PH0020,Pharmacist_61,RPH313953,TX,24,PHM0044,QuickMeds,Rite Aid,1269 Washington St,Chicago,NY,13236,(534) 821-6902,PHL53907,9482984894,FU7286684,DOC0046,Dr. Brown J,3671110493,AF7179080,MD146777,Pediatrics,2558 Medical Blvd,New York,IL,37719,(520) 723-9326,38,PAT002819,45,F,86373,CA,Aetna,INS59950,GRP2285,181066,PCN4679,56.54,4490.16,315.16,N18.3,Arthritis,Psychotherapeutic,Pain,04,26,8,Fax,Fax,18.51,15.92,100,857,58,1,0,76.68,2,3,5,Tuesday,Night,1,0,0,Non-Formulary,1,2,Insurance,Pending,88,0,1,1,0,1,65.46,78.63,-54.05,0
RX00000115,2024-02-08,10:38:16,2025-03-02,5,60,Lisinopril,Metformin,63543-531-74,20mg,Cream,136,171,440.78,998.54,813.72,25.43,Schedule II,PH0031,Pharmacist_108,RPH376169,OH,31,PHM0048,Metro Pharmacy,Independent,2170 Main St,Houston,CA,31880,(274) 335-9436,PHL79377,9240423051,FN6945304,DOC0085,Dr. Johnson M,2260108602,AK6647890,MD720209,Endocrinology,1865 Medical Blvd,New York,TX,68837,(618) 845-8368,28,PAT002370,79,Other,27643,PA,Aetna,INS87274,GRP9345,187859,PCN3494,89.56,2670.99,184.94,J45.909,Arthritis,Antidiabetic,Chronic Disease,03,90,2,Electronic,Electronic,90.94,11.69,253,350,275,0,1,118.53,2,5,6,Wednesday,Afternoon,0,0,0,Non-Formulary,1,4,Check,Pending,None,1,1,0,0,1,24.49,27.38,-12.22,0
RX00000116,2024-02-07,12:09:06,2025-05-23,8,90,Morphine,Levothyroxine,13584-712-15,250mg,Cream,59,11,244.44,4113.77,1666.08,17.68,Schedule V,PH0110,Pharmacist_188,RPH566432,IL,9,PHM0030,Metro Pharmacy,Walgreens,1895 Main St,Houston,FL,74651,(469) 288-3241,PHL46497,9929525100,FZ4731953,DOC0168,Dr. Garcia C,2404951301,AQ6626024,MD389520,Internal Medicine,8502 Medical Blvd,Chicago,CA,66803,(302) 922-9540,21,PAT001560,89,Other,92061,CA,BlueCross BlueShield,INS42232,GRP3242,714825,PCN7163,87.21,990.94,97.84,M79.7,Diabetes,Antidiabetic,Infection,03,144,-22,Phone,Electronic,75.37,47.55,439,741,132,0,0,181.13,3,1,7,Friday,Afternoon,0,0,1,Tier 3,1,4,Cash,Pending,79,0,1,0,1,1,98.88,49.02,26.01,0
RX00000117,2025-03-01,14:28:20,2025-04-11,10,60,Lisinopril,Levothyroxine,70913-426-94,10mg,Syrup,111,42,386.95,2423.86,3622.22,27.01,Schedule IV,PH0176,Pharmacist_61,RPH130369,TX,18,PHM0033,Express Meds,CVS,6801 Main St,Phoenix,OH,52361,(467) 891-6203,PHL63900,7193134742,FM5373809,DOC0299,Dr. Smith I,6235342653,AU1765519,MD423496,Internal Medicine,6814 Hospital Blvd,Phoenix,NY,80256,(411) 998-2807,40,PAT002701,34,Other,80748,CA,BlueCross BlueShield,INS59700,GRP2478,918343,PCN6460,91.22,3450.79,276.45,J45.909,Hypertension,Psychotherapeutic,Infection,02,274,-18,Phone,Fax,11.33,43.0,118,298,151,0,1,170.22,2,6,3,Friday,Afternoon,0,0,0,Tier 1,1,3,Insurance,Rejected,76,1,0,0,0,0,9.65,27.25,-75.27,0
RX00000118,2025-10-03,09:32:46,2023-12-31,12,90,Clopidogrel,Amoxicillin,11932-860-79,250mg,Capsule,34,160,396.41,979.48,2727.58,19.05,Schedule III,PH0109,Pharmacist_132,RPH879598,CA,20,PHM0018,Family Pharmacy,Rite Aid,3420 Main St,Chicago,PA,85523,(682) 585-5771,PHL66299,1399699943,FN5673426,DOC0356,Dr. Brown J,6345576602,AA9338861,MD862899,Psychiatry,6206 Medical Blvd,Houston,NY,85743,(225) 606-4802,29,PAT003030,79,Other,24280,PA,Humana,INS53572,GRP3355,949011,PCN2370,9.54,761.65,432.41,M79.7,Asthma,Analgesic,Pain,01,206,9,Fax,Paper,87.67,3.04,253,259,67,1,1,165.5,5,5,2,Monday,Evening,1,0,1,Tier 2,1,4,Debit Card,Pending,75,1,1,1,0,0,81.83,42.57,-84.5,0
RX00000119,2025-08-26,08:56:27,2024-07-31,2,90,Rosuvastatin,Escitalopram,28332-866-80,100mg,Injection,12,85,59.23,4978.76,3241.14,44.61,Schedule III,PH0134,Pharmacist_83,RPH744979,TX,11,PHM0010,QuickMeds,Walgreens,8672 Oak St,Phoenix,PA,58660,(731) 819-5116,PHL71880,2988055189,FK3270615,DOC0001,Dr. Johnson Q,3035257974,AK7984404,MD287931,Orthopedics,7808 Medical Blvd,New York,TX,34598,(404) 910-2537,35,PAT003757,60,M,18009,IL,Medicare,INS87916,GRP3563,170015,PCN6741,63.63,3975.04,172.48,E11.9,Diabetes,Antibiotic,Chronic Disease,03,299,16,Electronic,Phone,0.91,31.26,207,957,366,1,0,115.64,0,9,2,Monday,Afternoon,1,0,1,Tier 1,0,4,Check,Reversed,76,1,1,0,0,0,92.44,78.34,97.82,1
RX00000120,2025-10-28,10:32:51,2024-09-26,6,90,Escitalopram,Losartan,49656-612-25,20mg,Cream,110,106,387.07,3534.16,1600.69,42.74,Schedule III,PH0136,Pharmacist_21,RPH734787,OH,14,PHM0011,QuickMeds,Walgreens,2441 Washington St,Phoenix,FL,74237,(911) 456-2970,PHL83125,9159416252,FU6841499,DOC0020,Dr. Johnson A,9015003556,AO6804775,MD863878,Psychiatry,3602 Hospital Blvd,Houston,TX,33462,(965) 210-4208,29,PAT002958,85,M,10735,IL,Humana,INS53050,GRP2541,486785,PCN5157,50.28,58.48,136.51,J45.909,Depression,Antidiabetic,Acute Condition,00,356,15,Electronic,Phone,4.39,31.3,498,586,173,0,1,98.5,4,10,7,Thursday,Afternoon,1,0,0,Tier 3,0,4,Cash,Rejected,75,0,1,0,0,1,74.94,63.75,-87.53,1
RX00000121,2024-02-01,13:57:45,2025-06-30,9,90,Sertraline,Rosuvastatin,11857-780-61,100mg,Tablet,26,59,412.61,2512.61,3281.66,8.78,Schedule IV,PH0012,Pharmacist_71,RPH738088,NY,33,PHM0027,Express Meds,CVS,152 Maple St,Chicago,IL,55964,(320) 549-8639,PHL84471,9959710804,FO2479112,DOC0018,Dr. Smith C,1371160993,AK1337345,MD903966,Orthopedics,271 Hospital Blvd,Chicago,FL,20652,(941) 452-6042,13,PAT001088,57,M,59716,PA,Humana,INS33331,GRP5570,247247,PCN6169,41.4,3758.74,136.4,M54.5,Diabetes,Antibiotic,Chronic Disease,03,135,-25,Fax,Phone,3.71,28.98,179,791,199,1,0,99.9,0,9,6,Tuesday,Afternoon,1,1,1,Tier 2,1,4,Check,Pending,None,0,1,0,1,1,89.65,3.14,-76.94,1
RX00000122,2024-02-15,17:57:02,2025-01-24,11,30,Azithromycin,Sertraline,11035-262-63,100mg,Syrup,96,175,451.54,943.69,1614.23,12.32,Schedule V,PH0048,Pharmacist_193,RPH122806,FL,30,PHM0038,Express Meds,Independent,7226 Washington St,Houston,OH,41927,(458) 940-7114,PHL88766,6746143382,FV7730232,DOC0116,Dr. Williams B,4768544804,AY9505390,MD213094,Psychiatry,7077 Clinic Blvd,Phoenix,FL,87735,(229) 367-9391,11,PAT002463,85,M,84447,OH,Aetna,INS27025,GRP6458,926874,PCN1881,97.03,1391.73,382.91,F33.1,Depression,Antidiabetic,Acute Condition,01,235,-30,Phone,Paper,32.37,44.16,155,315,71,0,0,90.94,1,3,6,Monday,Afternoon,0,1,0,Non-Formulary,0,2,Insurance,Reversed,88,1,0,1,1,1,46.72,70.62,52.61,0
RX00000123,2025-03-06,18:46:55,2024-10-12,9,60,Albuterol,Metformin,55464-600-95,500mg,Cream,16,66,442.85,899.02,1062.03,21.3,Schedule V,PH0001,Pharmacist_157,RPH728275,OH,26,PHM0005,Express Meds,CVS,2362 Washington St,Los Angeles,CA,37686,(509) 645-2521,PHL54510,6067527304,FE5780904,DOC0005,Dr. Williams M,3064384875,AI8075570,MD288238,Orthopedics,6624 Medical Blvd,Houston,CA,55388,(902) 950-2661,26,PAT000101,38,F,26874,IL,Medicaid,INS60330,GRP8449,112151,PCN8964,65.38,3015.88,211.23,E11.9,Depression,Antidiabetic,Chronic Disease,00,309,21,Fax,Phone,2.06,39.07,365,344,490,1,0,99.07,1,6,8,Sunday,Night,0,0,0,Tier 3,1,1,Check,Reversed,79,0,1,1,0,0,98.06,86.79,-7.95,1
RX00000124,2025-11-26,16:17:11,2025-02-23,5,60,Amoxicillin,Montelukast,52550-404-91,10mg,Cream,38,101,366.09,2661.03,1785.98,12.89,Schedule V,PH0025,Pharmacist_33,RPH862091,NY,32,PHM0028,Express Meds,Walgreens,5758 Washington St,Philadelphia,IL,41994,(950) 736-8510,PHL15326,5623687550,FL1642355,DOC0020,Dr. Johnson T,4788319600,AM9600542,MD860636,Neurology,5634 Clinic Blvd,Houston,FL,12933,(388) 964-5208,6,PAT003551,32,M,84828,TX,Humana,INS90685,GRP9422,665347,PCN4993,69.43,219.74,286.67,M54.5,Arthritis,Antibiotic,Infection,02,256,12,Written,Fax,3.41,45.5,348,292,229,1,0,165.03,3,3,0,Sunday,Night,0,1,1,Non-Formulary,1,0,Cash,Rejected,None,1,0,0,1,1,82.77,58.79,26.95,1
RX00000125,2024-09-21,10:29:54,2024-07-28,3,90,Tramadol,Levothyroxine,98209-499-42,100mg,Tablet,179,156,483.88,3160.61,2528.16,20.54,Schedule II,PH0192,Pharmacist_136,RPH487125,TX,19,PHM0049,Express Meds,Walgreens,7497 Washington St,New York,NY,91902,(798) 370-6761,PHL84041,7148377945,FY1392726,DOC0220,Dr. Miller J,6303075864,AR3209515,MD496811,Endocrinology,2123 Medical Blvd,Houston,NY,37696,(313) 784-5740,12,PAT001304,69,Other,63545,TX,Cigna,INS64811,GRP5569,434918,PCN6950,63.03,2989.06,343.42,J45.909,Depression,Psychotherapeutic,Preventive,04,200,-16,Fax,Fax,34.36,37.87,147,846,476,1,0,29.91,1,6,4,Monday,Evening,1,0,0,Non-Formulary,1,3,Debit Card,Rejected,None,0,0,0,1,0,55.77,32.5,-50.01,0
RX00000126,2024-02-20,14:35:32,2025-06-06,2,60,Sertraline,Oxycodone,41367-279-70,500mg,Capsule,92,43,146.84,4473.28,935.5,25.75,Schedule II,PH0176,Pharmacist_155,RPH565204,NY,12,PHM0030,Community Health Pharmacy,Independent,1921 Park St,Chicago,OH,30875,(450) 673-2144,PHL10902,4215249373,FV7817366,DOC0262,Dr. Miller Q,9570755634,AM2180539,MD921079,Psychiatry,4360 Medical Blvd,Phoenix,IL,13109,(649) 692-1979,19,PAT003264,23,F,62354,PA,Medicaid,INS92479,GRP8209,549407,PCN3032,10.36,3811.82,378.97,R51,Hypertension,Analgesic,Chronic Disease,03,336,-9,Phone,Paper,2.37,39.8,108,271,46,0,1,100.34,5,1,7,Saturday,Night,0,1,1,Tier 3,1,2,Debit Card,Pending,88,1,0,0,0,1,95.18,2.59,76.03,0
RX00000127,2024-08-21,15:43:18,2025-07-15,11,90,Atorvastatin,Atorvastatin,89619-399-59,50mg,Capsule,17,64,291.82,750.33,59.24,21.39,Schedule V,PH0191,Pharmacist_133,RPH525558,FL,11,PHM0023,City Pharmacy,CVS,9719 Park St,Chicago,IL,59068,(587) 696-3770,PHL78843,3070399674,FP7373200,DOC0386,Dr. Smith V,5067111801,AK4771940,MD424333,Dermatology,3775 Hospital Blvd,Chicago,IL,25675,(865) 401-6840,32,PAT003763,90,Other,11599,OH,Medicaid,INS39933,GRP4318,481220,PCN1538,39.85,444.78,164.76,I10,Depression,Psychotherapeutic,Preventive,04,40,21,Written,Fax,15.91,28.38,127,251,157,1,0,108.47,5,10,3,Tuesday,Night,0,0,1,Tier 3,0,1,Insurance,Rejected,88,1,0,0,0,0,94.48,58.57,16.25,0
RX00000128,2024-08-18,09:28:05,2024-08-20,3,30,Albuterol,Methylprednisolone,38179-712-72,50mg,Cream,12,158,215.16,4525.89,3241.32,24.92,Schedule II,PH0151,Pharmacist_163,RPH744259,OH,30,PHM0001,Metro Pharmacy,Walgreens,6771 Park St,Chicago,FL,92723,(380) 536-9311,PHL73344,7503440495,FU6027079,DOC0295,Dr. Williams R,6364508651,AI9439984,MD423804,Internal Medicine,1926 Hospital Blvd,Houston,CA,51839,(721) 681-9122,11,PAT001465,26,F,98208,TX,UnitedHealth,INS68090,GRP6610,768868,PCN9824,82.26,871.18,54.36,M54.5,Diabetes,Antibiotic,Preventive,02,163,19,Fax,Electronic,79.02,34.27,475,625,400,0,0,-31.74,2,2,3,Sunday,Night,0,0,0,Tier 3,1,4,Debit Card,Pending,75,1,1,1,1,0,5.11,30.62,45.34,0
RX00000129,2024-11-02,08:26:22,2024-02-28,12,30,Montelukast,Morphine,45940-119-35,20mg,Syrup,85,105,12.33,2143.22,1723.92,30.11,Schedule II,PH0056,Pharmacist_159,RPH627374,FL,18,PHM0007,Express Meds,Independent,4083 Oak St,Chicago,PA,72872,(938) 807-8698,PHL16029,8329312966,FH5700013,DOC0182,Dr. Jones S,2610694200,AD1941446,MD770699,Oncology,4622 Clinic Blvd,Houston,TX,24553,(683) 337-2212,21,PAT003390,37,M,87307,TX,Self-Pay,INS36213,GRP2441,559550,PCN5017,32.78,2459.63,330.35,G89.29,Asthma,Antibiotic,Pain,01,34,25,Electronic,Phone,39.41,45.26,229,766,157,0,0,54.28,2,7,3,Thursday,Evening,1,0,1,Tier 3,0,1,Insurance,Reversed,79,1,1,0,0,1,42.53,1.62,-12.56,0
RX00000130,2025-10-04,17:05:35,2025-08-27,8,30,Rosuvastatin,Metformin,85225-579-88,500mg,Capsule,28,120,408.97,2333.92,4002.65,49.75,Schedule II,PH0167,Pharmacist_85,RPH176573,NY,22,PHM0030,Express Meds,Independent,7184 Main St,Houston,IL,48510,(206) 838-7388,PHL12473,1036670023,FK8166381,DOC0017,Dr. Johnson I,4674665074,AS6479762,MD658224,Internal Medicine,3382 Clinic Blvd,Phoenix,NY,34752,(991) 351-4377,20,PAT001488,30,M,79916,IL,BlueCross BlueShield,INS26688,GRP9848,465449,PCN2134,32.75,1419.01,115.05,M54.5,Diabetes,Antibiotic,Infection,03,138,-16,Phone,Phone,2.92,1.46,450,921,375,1,0,145.16,3,0,7,Sunday,Afternoon,1,0,1,Non-Formulary,1,1,Cash,Reversed,88,0,0,0,0,0,84.76,75.66,-75.93,1
RX00000131,2025-09-19,16:23:30,2025-04-03,8,30,Montelukast,Amoxicillin,10951-489-63,100mg,Tablet,100,102,472.89,4184.31,1956.5,43.15,Schedule III,PH0059,Pharmacist_180,RPH188553,PA,25,PHM0031,Central Drug Store,Independent,4600 Maple St,New York,NY,42636,(381) 778-1151,PHL26770,3227464625,FE8882149,DOC0330,Dr. Miller B,9852706965,AZ4520289,MD875788,Pediatrics,6189 Health Blvd,Los Angeles,FL,32599,(378) 731-3480,12,PAT002991,32,M,13929,FL,Cigna,INS50116,GRP7613,755687,PCN7114,90.9,1193.32,160.54,F33.1,Hypertension,Antibiotic,Pain,03,17,17,Phone,Fax,41.57,2.42,194,781,383,0,0,2.58,0,0,5,Tuesday,Morning,1,0,0,Non-Formulary,1,3,Check,Reversed,75,0,1,1,1,1,99.54,12.82,31.27,0
RX00000132,2024-05-15,11:08:14,2024-07-11,2,30,Amlodipine,Prednisone,20772-861-22,500mg,Injection,82,167,53.06,1138.85,834.9,34.67,Schedule III,PH0182,Pharmacist_119,RPH800822,IL,34,PHM0034,Community Health Pharmacy,Independent,4470 Oak St,Chicago,FL,59121,(877) 348-1560,PHL60466,3713904908,FZ4320146,DOC0335,Dr. Johnson A,4413520679,AF7656588,MD438199,Cardiology,9473 Health Blvd,Houston,TX,34608,(843) 791-7646,29,PAT001760,76,Other,44446,IL,Medicare,INS25442,GRP5576,787300,PCN9429,92.39,1517.65,446.26,F41.9,Depression,Antidiabetic,Preventive,03,339,-24,Electronic,Phone,49.33,3.25,188,437,366,0,0,157.77,0,3,7,Sunday,Morning,0,1,0,Tier 3,1,3,Debit Card,Paid,88,0,1,0,0,0,9.64,77.59,-60.26,0
RX00000133,2024-06-23,13:34:14,2024-01-10,8,30,Sertraline,Levothyroxine,23125-796-31,500mg,Cream,67,48,270.64,4776.1,1910.95,14.1,None,PH0103,Pharmacist_76,RPH508705,IL,27,PHM0031,Main Street Pharmacy,Rite Aid,5374 Oak St,Philadelphia,TX,10046,(276) 457-6105,PHL37361,5120057988,FB7884958,DOC0290,Dr. Johnson E,5201966859,AM3675009,MD777468,Psychiatry,6506 Hospital Blvd,Los Angeles,TX,19244,(431) 482-3300,26,PAT001012,37,M,68114,NY,Humana,INS52922,GRP1176,767687,PCN2921,52.06,2359.08,385.83,R51,Arthritis,Analgesic,Acute Condition,02,63,4,Fax,Paper,86.01,3.61,387,933,399,1,1,81.26,0,6,4,Monday,Night,1,0,1,Tier 3,0,4,Insurance,Paid,88,1,0,1,1,1,15.18,5.67,-78.96,0
RX00000134,2024-10-17,18:53:16,2024-12-20,1,30,Lisinopril,Tramadol,73641-348-84,100mg,Capsule,161,121,332.98,528.79,3515.24,36.88,Schedule V,PH0156,Pharmacist_145,RPH494078,IL,34,PHM0043,Prime Pharmacy,Rite Aid,789 Park St,New York,IL,94237,(300) 789-2555,PHL25397,6319807982,FS8077121,DOC0452,Dr. Miller M,5466185840,AU8386086,MD993631,Internal Medicine,9493 Medical Blvd,Houston,FL,97696,(226) 421-3961,2,PAT002695,30,F,64020,OH,BlueCross BlueShield,INS69850,GRP5153,476007,PCN6636,35.24,4345.15,138.32,F33.1,Hypertension,Antibiotic,Acute Condition,02,82,-17,Electronic,Fax,25.24,37.69,400,836,375,0,1,76.96,0,5,5,Friday,Afternoon,1,1,0,Tier 1,1,2,Check,Reversed,75,1,0,1,1,1,27.59,33.7,-12.45,0
RX00000135,2024-07-20,18:35:18,2024-05-26,8,30,Simvastatin,Ciprofloxacin,19952-303-21,10mg,Cream,179,113,426.18,737.37,1534.04,20.92,Schedule II,PH0099,Pharmacist_27,RPH986056,PA,19,PHM0040,Wellness Pharmacy,Independent,1446 Maple St,Los Angeles,FL,15344,(451) 761-3539,PHL97493,9558483771,FA9296214,DOC0102,Dr. Johnson W,5223079421,AH4788843,MD561746,Dermatology,2481 Medical Blvd,Chicago,NY,12722,(826) 694-8191,27,PAT004558,88,Other,35197,FL,Aetna,INS77970,GRP7547,757724,PCN7342,74.68,3180.36,490.96,F33.1,Depression,Antidiabetic,Chronic Disease,02,120,-10,Electronic,Electronic,19.06,47.91,69,330,165,0,0,27.63,0,8,7,Friday,Evening,0,0,1,Tier 2,1,2,Check,Paid,79,1,1,1,0,0,1.59,2.21,-10.31,0
RX00000136,2025-10-15,12:36:16,2025-11-22,11,90,Escitalopram,Clopidogrel,27479-505-37,500mg,Injection,89,147,348.75,1530.26,1050.38,40.93,Schedule V,PH0105,Pharmacist_37,RPH903524,IL,21,PHM0001,Central Drug Store,Independent,967 Maple St,Phoenix,CA,19307,(828) 265-9679,PHL64225,4136959706,FX4265164,DOC0479,Dr. Johnson T,5250257476,AF1494719,MD780952,Internal Medicine,2057 Clinic Blvd,New York,CA,62894,(787) 917-7347,27,PAT003124,78,M,54996,NY,UnitedHealth,INS50789,GRP6818,286028,PCN8051,87.91,2248.57,92.28,K21.9,Diabetes,Analgesic,Chronic Disease,00,173,-2,Written,Phone,14.87,1.12,311,63,244,0,1,120.5,0,2,0,Friday,Morning,0,1,1,Tier 3,0,4,Check,Pending,None,0,0,1,0,0,86.76,97.58,-80.61,0
RX00000137,2025-06-22,16:09:52,2024-09-21,0,90,Ibuprofen,Albuterol,25765-926-49,50mg,Tablet,99,56,295.26,845.25,453.25,13.69,Schedule II,PH0157,Pharmacist_87,RPH576752,PA,25,PHM0029,Main Street Pharmacy,Independent,9184 Main St,Chicago,NY,57932,(344) 445-9040,PHL34686,8705403082,FB7011635,DOC0100,Dr. Smith P,3232712137,AV6377987,MD652953,Endocrinology,9522 Health Blvd,Phoenix,NY,47035,(528) 338-8338,13,PAT002400,72,F,67034,FL,UnitedHealth,INS74286,GRP1390,615101,PCN2709,32.15,2178.47,194.4,M79.7,Depression,Cardiovascular,Preventive,00,96,30,Written,Phone,89.15,44.62,383,922,191,0,1,126.59,5,0,8,Monday,Morning,1,1,0,Tier 3,0,3,Check,Rejected,88,1,0,0,0,1,57.4,95.0,78.47,0
RX00000138,2025-11-04,14:13:57,2024-01-15,1,60,Amoxicillin,Amlodipine,96454-933-52,20mg,Injection,68,105,458.83,2015.77,705.9,31.94,Schedule V,PH0172,Pharmacist_67,RPH543380,PA,20,PHM0014,Prime Pharmacy,Walgreens,6804 Main St,Houston,OH,64216,(586) 484-4104,PHL73991,9634729829,FW7634860,DOC0058,Dr. Smith W,8589750998,AE4740892,MD173950,Neurology,1988 Hospital Blvd,Houston,CA,34033,(749) 535-3742,17,PAT003263,54,Other,47544,TX,Self-Pay,INS44275,GRP2777,897955,PCN2956,39.49,3985.2,101.06,I10,Asthma,Antidiabetic,Infection,01,265,-28,Fax,Fax,57.16,5.56,118,39,104,1,0,103.25,0,1,3,Thursday,Evening,1,0,1,Tier 1,0,1,Credit Card,Paid,88,0,0,1,1,0,49.53,35.01,-59.87,0
RX00000139,2024-03-18,11:21:42,2024-09-27,0,60,Metformin,Amlodipine,88860-641-46,250mg,Capsule,46,150,482.11,293.0,3083.01,23.45,Schedule V,PH0005,Pharmacist_159,RPH855480,NY,21,PHM0024,Family Pharmacy,Independent,2450 Main St,Philadelphia,NY,10773,(590) 203-1957,PHL60793,3698470384,FS2240239,DOC0221,Dr. Smith U,6953059839,AV7488875,MD571514,Dermatology,8137 Clinic Blvd,Chicago,FL,72800,(356) 665-9789,24,PAT001834,36,F,93505,PA,Aetna,INS60915,GRP5214,268104,PCN7030,74.0,1942.81,149.93,E11.9,Arthritis,Antidiabetic,Preventive,01,205,-22,Electronic,Paper,50.61,47.1,216,905,78,1,1,6.31,5,7,7,Thursday,Night,1,1,1,Non-Formulary,0,4,Cash,Rejected,75,0,0,1,1,1,94.68,37.48,-38.62,0
RX00000140,2024-03-22,14:03:12,2025-05-12,5,90,Levothyroxine,Prednisone,60369-629-65,20mg,Injection,16,62,193.29,3338.3,1233.57,38.57,Schedule V,PH0197,Pharmacist_40,RPH772386,FL,13,PHM0010,MediCare Drug Store,Rite Aid,5285 Washington St,Los Angeles,OH,27112,(980) 698-6180,PHL90000,4762033050,FV2628473,DOC0261,Dr. Miller C,1368293703,AA1885043,MD447611,Neurology,5233 Clinic Blvd,Los Angeles,NY,37919,(514) 267-6946,40,PAT002585,75,F,54383,PA,Aetna,INS47976,GRP5968,206429,PCN3618,90.08,684.08,207.59,G89.29,Asthma,Antidiabetic,Infection,04,282,10,Fax,Phone,30.1,34.53,463,256,277,0,0,158.22,3,1,0,Tuesday,Night,1,1,1,Tier 2,0,4,Credit Card,Reversed,88,0,1,0,1,1,65.22,88.56,97.56,0
RX00000141,2025-08-29,18:12:40,2025-01-26,4,90,Metformin,Sertraline,89011-918-73,10mg,Cream,161,116,495.86,1832.43,1140.96,28.1,Schedule V,PH0007,Pharmacist_126,RPH434042,NY,4,PHM0042,Wellness Pharmacy,CVS,5123 Maple St,Houston,FL,54239,(241) 479-8505,PHL96430,5639613442,FR1526365,DOC0056,Dr. Johnson T,9635795733,AS1322326,MD417414,Psychiatry,3370 Health Blvd,Houston,FL,14716,(911) 888-5428,25,PAT002750,64,Other,65641,FL,Kaiser Permanente,INS27346,GRP6672,854048,PCN5285,55.24,2199.74,133.34,I25.10,Arthritis,Cardiovascular,Chronic Disease,04,58,-29,Phone,Electronic,67.77,12.22,91,383,69,0,0,179.19,4,3,1,Sunday,Morning,0,0,1,Tier 1,0,4,Debit Card,Pending,None,0,0,0,0,0,62.4,18.56,43.65,0
RX00000142,2024-06-26,11:30:52,2025-06-01,11,60,Ciprofloxacin,Tramadol,34387-580-46,500mg,Cream,25,123,92.87,41.5,795.45,13.9,Schedule II,PH0139,Pharmacist_148,RPH298543,PA,8,PHM0045,QuickMeds,Independent,3183 Oak St,Chicago,OH,39847,(366) 604-5861,PHL88846,8046301787,FG8155873,DOC0014,Dr. Williams L,4158704317,AQ1117156,MD786651,Pediatrics,4711 Hospital Blvd,New York,CA,18229,(705) 552-1989,40,PAT003524,28,Other,68449,CA,UnitedHealth,INS51733,GRP6922,831985,PCN2079,56.92,3272.17,159.53,E78.5,Arthritis,Antibiotic,Acute Condition,02,250,-10,Phone,Paper,0.49,29.4,22,708,207,1,1,98.06,3,7,5,Sunday,Night,1,1,1,Tier 2,0,3,Debit Card,Paid,75,1,1,0,1,1,71.5,1.4,58.28,1
RX00000143,2024-08-24,10:17:21,2025-06-01,0,60,Simvastatin,Levothyroxine,49783-949-80,50mg,Capsule,58,134,303.61,2500.69,1960.81,43.32,Schedule IV,PH0171,Pharmacist_16,RPH470534,CA,5,PHM0021,Wellness Pharmacy,Rite Aid,4840 Oak St,Los Angeles,IL,74779,(421) 626-9036,PHL11699,9404635612,FU3660906,DOC0109,Dr. Williams U,7951319487,AT3044259,MD728218,Orthopedics,8777 Clinic Blvd,Chicago,TX,26794,(578) 778-8758,5,PAT000146,75,F,64657,NY,Cigna,INS52755,GRP4824,427718,PCN8801,78.68,2497.48,288.61,E78.5,Diabetes,Analgesic,Chronic Disease,04,117,15,Phone,Paper,21.78,24.48,241,912,303,0,1,-45.9,4,1,6,Sunday,Afternoon,1,0,1,Non-Formulary,1,0,Debit Card,Reversed,75,1,0,1,0,1,94.6,24.66,26.61,0
RX00000144,2024-08-11,13:38:56,2024-06-19,3,90,Omeprazole,Ciprofloxacin,89309-223-47,500mg,Tablet,59,144,399.52,1419.46,3559.24,24.03,None,PH0077,Pharmacist_67,RPH314161,NY,19,PHM0002,Main Street Pharmacy,Independent,7004 Main St,Chicago,FL,29348,(657) 840-7259,PHL82779,2348993465,FI8649458,DOC0443,Dr. Williams G,7242019798,AF3156470,MD438484,Cardiology,2130 Medical Blvd,Chicago,IL,72534,(577) 345-6165,25,PAT004507,21,Other,66919,PA,Kaiser Permanente,INS61843,GRP3916,442475,PCN1565,64.36,1458.06,378.25,E11.9,Asthma,Cardiovascular,Infection,03,32,29,Written,Paper,78.39,7.66,268,168,247,0,0,189.17,2,5,5,Monday,Night,1,0,1,Non-Formulary,0,4,Debit Card,Reversed,75,0,0,1,0,0,56.19,76.28,73.73,0
RX00000145,2025-11-07,11:48:14,2025-07-17,2,90,Losartan,Losartan,60793-874-91,500mg,Injection,14,140,382.89,2466.21,3015.04,36.37,Schedule V,PH0018,Pharmacist_11,RPH309845,IL,3,PHM0014,HealthPlus Pharmacy,CVS,9647 Washington St,New York,TX,20567,(795) 576-9341,PHL31519,2705881515,FE9996446,DOC0002,Dr. Smith U,6503644761,AR7279721,MD635696,Psychiatry,2719 Hospital Blvd,Phoenix,TX,53841,(400) 534-5265,26,PAT000977,54,F,13777,FL,Self-Pay,INS95381,GRP9385,907420,PCN7646,20.46,507.12,193.73,I10,Diabetes,Analgesic,Preventive,02,353,13,Phone,Phone,3.52,18.11,28,664,126,0,1,121.8,1,8,0,Wednesday,Morning,0,0,1,Tier 2,1,3,Credit Card,Reversed,79,0,1,1,1,0,89.29,7.77,-78.55,1
RX00000146,2024-11-25,17:10:06,2025-10-27,5,30,Azithromycin,Omeprazole,65465-859-57,10mg,Syrup,116,177,11.69,3854.51,4043.86,18.59,Schedule III,PH0117,Pharmacist_53,RPH226169,PA,2,PHM0031,HealthPlus Pharmacy,CVS,335 Main St,New York,PA,40776,(666) 793-5475,PHL45398,9686824525,FS9048449,DOC0001,Dr. Smith X,3971264908,AG2093165,MD516849,Psychiatry,589 Medical Blvd,Houston,FL,71040,(622) 379-1217,37,PAT000361,26,F,46905,PA,Medicare,INS36568,GRP5379,125598,PCN5455,96.32,846.31,344.84,F33.1,Hypertension,Cardiovascular,Preventive,03,286,30,Fax,Paper,4.66,35.81,381,49,105,1,1,95.52,0,9,5,Thursday,Night,0,1,1,Tier 2,1,2,Debit Card,Rejected,88,1,1,1,1,1,98.4,14.76,34.53,1
RX00000147,2025-08-02,13:59:22,2024-02-29,7,60,Morphine,Albuterol,99173-268-15,50mg,Cream,170,47,299.6,2705.65,3744.9,12.17,Schedule V,PH0036,Pharmacist_53,RPH964745,PA,26,PHM0006,Corner Pharmacy,Rite Aid,1933 Park St,Phoenix,CA,78100,(306) 789-1066,PHL43386,6733350690,FD6460770,DOC0366,Dr. Garcia Z,9319042718,AQ7590085,MD329713,Endocrinology,5852 Health Blvd,New York,NY,93947,(859) 664-3551,13,PAT000005,82,M,74907,NY,UnitedHealth,INS50180,GRP4962,892514,PCN7653,30.29,941.6,319.12,M25.551,Diabetes,Cardiovascular,Pain,00,151,-23,Phone,Paper,43.23,41.4,349,74,208,0,1,100.54,3,1,6,Wednesday,Night,0,1,1,Non-Formulary,1,1,Credit Card,Reversed,88,1,0,1,0,1,36.03,31.96,-93.79,0
RX00000148,2024-04-28,17:56:22,2024-01-19,7,30,Simvastatin,Ibuprofen,73890-877-21,100mg,Syrup,149,33,41.94,3624.15,3221.66,46.5,Schedule IV,PH0098,Pharmacist_192,RPH453771,NY,31,PHM0003,TrustedMeds,Walgreens,5175 Park St,Philadelphia,OH,69139,(421) 828-7727,PHL22445,9634146764,FE1473717,DOC0461,Dr. Jones O,9886715151,AF8770870,MD388086,Endocrinology,6459 Medical Blvd,Chicago,IL,25423,(914) 729-9046,12,PAT003701,55,M,15218,TX,Self-Pay,INS53439,GRP7991,215002,PCN3536,96.86,345.69,241.07,M54.5,Hypertension,Antidiabetic,Infection,03,22,-11,Phone,Paper,77.0,17.07,350,598,196,1,0,55.68,5,7,1,Monday,Afternoon,0,0,0,Non-Formulary,1,2,Debit Card,Paid,88,1,0,1,1,0,75.29,27.89,11.46,0
RX00000149,2024-07-19,11:58:59,2025-08-02,1,30,Levothyroxine,Metformin,84766-291-95,20mg,Injection,178,149,186.97,1322.4,305.35,40.55,Schedule II,PH0150,Pharmacist_106,RPH221477,IL,3,PHM0015,MediCare Drug Store,CVS,2514 Maple St,Los Angeles,PA,61211,(211) 580-1982,PHL76872,4384808313,FD9800708,DOC0054,Dr. Garcia I,5333009936,AZ3299515,MD435050,Dermatology,7970 Hospital Blvd,Los Angeles,FL,72688,(690) 419-2622,12,PAT003178,88,Other,92186,IL,UnitedHealth,INS29151,GRP3080,999516,PCN9353,14.54,3422.33,238.84,I10,Asthma,Analgesic,Infection,03,320,-7,Phone,Phone,66.5,20.38,386,443,134,0,1,68.66,3,0,3,Saturday,Evening,1,1,0,Tier 2,1,4,Check,Reversed,75,0,1,1,0,1,87.78,59.98,-16.54,0
RX00000150,2024-11-13,12:29:41,2025-01-05,4,90,Ciprofloxacin,Losartan,50388-975-70,250mg,Injection,108,160,347.78,4618.04,2725.4,34.75,Schedule V,PH0036,Pharmacist_121,RPH453449,CA,32,PHM0022,Metro Pharmacy,Independent,8570 Park St,Philadelphia,CA,42976,(844) 474-5444,PHL47872,6273542227,FK5016713,DOC0381,Dr. Jones G,2315753081,AK9685090,MD808942,Psychiatry,4663 Clinic Blvd,Phoenix,FL,97776,(874) 392-3281,19,PAT001557,64,Other,81142,IL,Kaiser Permanente,INS36799,GRP8580,710008,PCN9521,17.34,3260.67,438.07,J45.909,Diabetes,Analgesic,Preventive,02,93,26,Fax,Phone,64.18,12.36,248,735,397,1,1,42.38,4,5,2,Wednesday,Morning,1,0,1,Non-Formulary,0,0,Cash,Pending,79,1,1,1,0,1,14.56,5.1,-14.46,0
RX00000151,2025-08-17,13:48:51,2025-10-26,0,30,Gabapentin,Lisinopril,81891-648-44,20mg,Tablet,118,62,20.45,3304.88,274.16,10.01,Schedule V,PH0185,Pharmacist_71,RPH397992,FL,16,PHM0015,MediCare Drug Store,CVS,9990 Park St,Chicago,IL,56340,(442) 355-1376,PHL82575,7803743630,FY4688845,DOC0325,Dr. Johnson Z,2646140692,AR1292604,MD268187,Neurology,9459 Clinic Blvd,Houston,CA,22541,(452) 616-4620,16,PAT003765,39,M,38880,TX,UnitedHealth,INS10415,GRP4912,803763,PCN6054,43.52,3874.03,424.79,M79.7,Diabetes,Analgesic,Pain,00,209,15,Fax,Fax,31.38,7.6,455,394,243,1,0,-15.07,4,4,3,Saturday,Night,1,1,1,Tier 1,1,4,Check,Reversed,79,0,1,0,0,1,43.72,16.84,-19.2,0
RX00000152,2024-04-15,15:01:43,2024-05-23,3,90,Tramadol,Metformin,69276-830-12,100mg,Cream,98,102,190.79,2459.88,3260.18,45.91,None,PH0112,Pharmacist_66,RPH465145,NY,18,PHM0024,TrustedMeds,Walgreens,7940 Oak St,Los Angeles,NY,86741,(860) 729-9698,PHL35652,4633123805,FM7116500,DOC0012,Dr. Smith Y,1981744437,AW3663444,MD196864,Endocrinology,9157 Medical Blvd,Chicago,CA,78846,(461) 663-3441,19,PAT001161,73,F,34382,NY,Anthem,INS50841,GRP3730,645792,PCN2094,23.18,415.22,26.07,J45.909,Diabetes,Antibiotic,Preventive,03,216,27,Phone,Paper,1.52,0.96,493,201,240,0,0,84.63,0,4,2,Friday,Morning,1,1,0,Tier 2,0,1,Insurance,Pending,75,1,0,0,1,0,77.46,16.7,-6.19,1
RX00000153,2025-04-13,15:11:45,2025-08-30,11,30,Levothyroxine,Azithromycin,89431-872-15,10mg,Injection,44,10,143.96,2649.18,2207.35,38.94,Schedule V,PH0139,Pharmacist_186,RPH523518,IL,30,PHM0042,CarePlus Pharmacy,Independent,5898 Park St,Phoenix,PA,63110,(969) 457-9576,PHL63435,8979734990,FE1610970,DOC0144,Dr. Johnson C,2281799405,AT7919142,MD501156,Psychiatry,5007 Clinic Blvd,New York,TX,73861,(403) 968-1262,14,PAT003568,36,F,87388,OH,Aetna,INS95075,GRP5947,515614,PCN5005,14.23,4052.27,451.83,F41.9,Arthritis,Antidiabetic,Acute Condition,03,190,26,Phone,Fax,57.43,6.61,492,53,311,0,0,19.82,5,1,4,Wednesday,Morning,1,1,1,Non-Formulary,0,4,Credit Card,Pending,88,1,0,1,0,1,83.43,33.15,-37.93,0
RX00000154,2024-07-17,11:40:33,2024-12-05,0,60,Simvastatin,Losartan,90337-571-54,250mg,Syrup,82,104,25.93,2589.82,559.22,24.73,Schedule IV,PH0111,Pharmacist_196,RPH638938,CA,33,PHM0005,MediCare Drug Store,CVS,6291 Maple St,Philadelphia,PA,67653,(949) 939-5376,PHL28868,4929872818,FC7440597,DOC0026,Dr. Williams M,1945913065,AB6081991,MD112703,Orthopedics,3286 Health Blvd,Phoenix,NY,64734,(355) 637-9962,37,PAT002091,44,M,18680,NY,BlueCross BlueShield,INS44800,GRP8907,925242,PCN2082,21.91,4118.1,82.8,J45.909,Arthritis,Cardiovascular,Pain,03,175,9,Electronic,Fax,56.2,47.79,133,591,74,1,1,-35.03,4,2,8,Saturday,Evening,0,0,0,Non-Formulary,1,2,Credit Card,Pending,79,1,0,1,1,0,74.43,82.41,11.0,0
RX00000155,2024-01-06,16:32:23,2024-10-24,11,60,Clopidogrel,Methylprednisolone,53412-406-20,20mg,Capsule,169,133,474.27,3317.78,3488.47,46.68,None,PH0112,Pharmacist_104,RPH954653,FL,10,PHM0027,Metro Pharmacy,Rite Aid,601 Maple St,Chicago,CA,50371,(441) 698-9058,PHL61949,3527258525,FM8215975,DOC0133,Dr. Miller H,2230368944,AT3766469,MD452438,Orthopedics,9897 Clinic Blvd,Phoenix,FL,20863,(303) 284-2348,1,PAT001230,87,F,74572,CA,Aetna,INS16731,GRP1034,594097,PCN3909,3.27,1311.4,421.79,J45.909,Depression,Psychotherapeutic,Pain,00,84,27,Electronic,Phone,90.53,5.09,299,85,489,0,0,181.51,1,2,6,Sunday,Night,0,1,1,Tier 1,1,1,Insurance,Reversed,88,1,0,0,1,0,24.87,68.9,-93.59,0
RX00000156,2025-02-10,12:41:45,2024-11-05,6,30,Hydrochlorothiazide,Prednisone,52809-315-40,100mg,Capsule,49,19,40.19,2942.54,534.14,9.85,Schedule IV,PH0033,Pharmacist_39,RPH857878,CA,19,PHM0050,Wellness Pharmacy,Walgreens,5342 Park St,Los Angeles,PA,73123,(645) 619-3008,PHL94451,4045607582,FP1567676,DOC0361,Dr. Williams F,2678448660,AL2108224,MD151288,Cardiology,4231 Health Blvd,Los Angeles,FL,70752,(874) 607-6301,29,PAT001089,59,Other,65358,PA,Kaiser Permanente,INS84261,GRP4014,107800,PCN3689,95.43,1871.1,243.45,E78.5,Diabetes,Cardiovascular,Infection,01,262,8,Fax,Phone,45.31,45.37,370,185,355,1,0,187.93,0,10,5,Saturday,Evening,1,1,0,Tier 1,1,4,Cash,Rejected,75,1,1,1,0,1,47.27,76.97,46.25,0
RX00000157,2025-12-02,14:37:40,2025-10-17,7,60,Montelukast,Ciprofloxacin,84959-336-50,250mg,Capsule,125,77,150.49,3263.75,179.0,15.33,Schedule V,PH0066,Pharmacist_102,RPH378256,CA,34,PHM0015,Express Meds,Independent,3733 Washington St,Los Angeles,FL,10294,(640) 248-2246,PHL45865,9331879663,FA9417998,DOC0019,Dr. Miller X,5514851131,AS4580502,MD660033,General Practice,4811 Medical Blvd,Los Angeles,FL,83499,(943) 536-3903,35,PAT001641,19,Other,66295,CA,Kaiser Permanente,INS94783,GRP5023,603174,PCN1338,9.95,4189.87,365.51,J44.9,Depression,Antibiotic,Acute Condition,01,218,-17,Phone,Phone,2.34,4.97,478,296,375,1,0,92.67,0,2,1,Sunday,Morning,0,0,1,Tier 2,0,3,Credit Card,Paid,88,1,0,1,1,0,99.9,35.63,-81.59,1
RX00000158,2025-09-23,09:10:09,2025-01-04,2,90,Tramadol,Albuterol,35450-590-90,50mg,Tablet,97,109,396.44,2167.68,3633.7,39.91,Schedule IV,PH0055,Pharmacist_43,RPH299380,IL,31,PHM0050,Express Meds,Independent,1196 Oak St,Philadelphia,OH,74798,(770) 989-8501,PHL60760,2584288034,FB1610346,DOC0007,Dr. Brown G,9605919334,AL1287248,MD796862,Oncology,5649 Health Blvd,New York,TX,70749,(287) 337-2572,39,PAT004265,89,M,87710,NY,Medicare,INS74794,GRP6582,225570,PCN1532,78.61,2871.36,123.02,G89.29,Arthritis,Antibiotic,Pain,00,28,30,Electronic,Paper,4.58,34.83,418,389,471,0,1,170.66,2,6,1,Friday,Evening,0,1,1,Tier 3,1,0,Insurance,Pending,76,0,0,0,0,1,70.55,11.34,94.93,1
RX00000159,2025-04-27,08:17:19,2024-06-05,12,90,Metformin,Tramadol,81950-691-98,250mg,Syrup,151,178,149.12,4477.68,3386.6,6.83,Schedule IV,PH0024,Pharmacist_169,RPH449455,TX,4,PHM0009,Metro Pharmacy,Independent,1645 Park St,New York,CA,72518,(243) 680-6916,PHL63213,3327719428,FI3664338,DOC0183,Dr. Jones R,2063329832,AK3824944,MD294122,Endocrinology,1801 Medical Blvd,Houston,NY,26601,(373) 955-9350,16,PAT003342,18,Other,78547,TX,Self-Pay,INS34582,GRP9071,674162,PCN4897,5.94,949.53,333.44,M54.5,Asthma,Antibiotic,Chronic Disease,01,207,7,Fax,Phone,21.31,13.54,316,877,63,0,1,150.09,2,10,7,Monday,Morning,1,0,1,Tier 2,0,4,Insurance,Rejected,75,0,0,0,0,0,18.26,68.41,-73.41,0
RX00000160,2024-10-23,09:21:13,2024-09-19,2,30,Oxycodone,Azithromycin,26153-989-57,50mg,Injection,106,178,259.67,1382.57,2985.72,43.6,Schedule II,PH0053,Pharmacist_100,RPH470334,NY,16,PHM0032,HealthPlus Pharmacy,Rite Aid,4587 Washington St,New York,TX,10400,(643) 674-3598,PHL18048,4580671460,FX8696507,DOC0004,Dr. Jones J,6170452916,AD5818583,MD247532,Pediatrics,4676 Hospital Blvd,Houston,CA,72027,(980) 742-2069,38,PAT003723,62,F,94443,NY,Medicare,INS36335,GRP5515,980245,PCN8812,96.35,1213.38,240.18,M79.7,Diabetes,Cardiovascular,Infection,03,196,-16,Phone,Electronic,0.64,13.46,190,535,433,1,0,154.43,2,10,8,Sunday,Evening,1,0,0,Tier 1,0,2,Credit Card,Rejected,88,0,1,0,0,0,76.31,32.74,37.93,1
RX00000161,2024-10-11,12:44:51,2025-03-17,9,30,Azithromycin,Simvastatin,97796-962-87,250mg,Cream,101,34,190.27,3126.85,4006.71,19.61,Schedule III,PH0092,Pharmacist_121,RPH895792,NY,35,PHM0022,Central Drug Store,Rite Aid,3828 Washington St,Phoenix,CA,19996,(305) 778-3244,PHL40317,1188449193,FO7918250,DOC0311,Dr. Jones X,1311831661,AV8403469,MD853329,Orthopedics,3716 Hospital Blvd,Los Angeles,TX,22695,(237) 462-1191,38,PAT003352,33,F,94281,IL,Medicare,INS37405,GRP2531,457369,PCN4878,61.18,420.8,125.16,R51,Asthma,Analgesic,Pain,03,352,-13,Phone,Electronic,18.82,46.32,251,837,0,0,1,133.15,2,1,1,Friday,Afternoon,1,0,1,Tier 3,1,3,Check,Rejected,None,0,0,1,0,0,48.1,82.23,-53.16,0
RX00000162,2024-09-16,11:39:08,2025-11-18,1,90,Oxycodone,Omeprazole,58056-742-48,500mg,Injection,49,26,416.89,803.75,1704.5,12.71,None,PH0137,Pharmacist_45,RPH817686,OH,27,PHM0007,QuickMeds,Independent,2681 Oak St,New York,NY,64401,(311) 645-4756,PHL31782,9522965428,FO3640686,DOC0006,Dr. Miller T,3436507567,AO8128409,MD280496,Endocrinology,7392 Clinic Blvd,Chicago,TX,89466,(419) 951-1328,13,PAT003325,55,F,80182,FL,UnitedHealth,INS86205,GRP2889,935297,PCN3077,90.08,1033.82,350.13,M25.551,Hypertension,Psychotherapeutic,Acute Condition,03,332,7,Phone,Electronic,1.55,25.95,276,897,207,0,0,59.19,1,0,8,Sunday,Morning,0,0,1,Tier 1,1,2,Credit Card,Rejected,75,0,1,1,0,0,75.93,80.29,-55.9,1
RX00000163,2025-09-29,13:29:10,2024-01-23,4,60,Amoxicillin,Ibuprofen,11511-898-13,500mg,Tablet,17,31,161.59,3790.22,3636.83,31.36,None,PH0177,Pharmacist_49,RPH604134,OH,7,PHM0029,Wellness Pharmacy,Independent,6187 Main St,Philadelphia,PA,89281,(226) 936-3453,PHL56312,6638622165,FV2932023,DOC0286,Dr. Miller Q,8067828397,AY5901261,MD373472,Orthopedics,1493 Hospital Blvd,Phoenix,IL,80780,(688) 494-9046,34,PAT000628,37,M,47876,IL,Self-Pay,INS15565,GRP6146,497877,PCN8682,4.04,1956.1,13.13,R51,Hypertension,Cardiovascular,Chronic Disease,01,193,-8,Electronic,Electronic,42.27,18.14,265,282,319,0,1,108.46,3,9,1,Tuesday,Night,0,1,0,Tier 3,1,0,Credit Card,Pending,75,1,0,0,1,0,44.23,40.67,-51.92,0
RX00000164,2024-03-21,18:54:59,2024-06-30,2,30,Metformin,Ibuprofen,45102-921-16,10mg,Injection,74,145,62.57,2783.41,2384.16,5.22,Schedule III,PH0165,Pharmacist_46,RPH674071,FL,32,PHM0016,Corner Pharmacy,Independent,3276 Washington St,Philadelphia,OH,34600,(741) 863-2051,PHL62390,2150189847,FE2099420,DOC0335,Dr. Johnson W,8206538713,AX3866741,MD647066,Endocrinology,5138 Health Blvd,Chicago,NY,12714,(448) 629-3138,24,PAT004329,73,M,23643,TX,Humana,INS20769,GRP8568,142759,PCN7392,29.16,4419.94,194.94,E78.5,Depression,Antibiotic,Pain,01,206,20,Phone,Phone,78.67,17.06,350,192,235,1,0,-45.75,5,0,1,Thursday,Night,1,1,1,Tier 3,0,1,Insurance,Pending,75,0,1,1,0,1,61.81,61.01,39.44,0
RX00000165,2025-04-20,11:58:13,2025-05-21,12,60,Omeprazole,Rosuvastatin,43779-701-50,500mg,Tablet,111,66,403.45,4031.68,409.81,37.01,Schedule IV,PH0135,Pharmacist_120,RPH856287,OH,8,PHM0035,HealthPlus Pharmacy,Independent,3354 Oak St,Phoenix,CA,92689,(895) 402-9070,PHL38414,5873529311,FU6419379,DOC0195,Dr. Johnson B,9084772460,AB2289171,MD187939,Endocrinology,8372 Health Blvd,Chicago,FL,22492,(672) 712-7671,36,PAT004297,19,M,34225,NY,BlueCross BlueShield,INS13853,GRP2748,450841,PCN7799,11.2,575.58,298.6,I25.10,Hypertension,Analgesic,Acute Condition,02,241,10,Fax,Phone,5.85,36.49,422,611,148,0,1,163.24,0,9,3,Thursday,Evening,1,0,0,Tier 1,1,4,Insurance,Paid,88,1,0,1,0,0,68.68,39.7,-4.53,0
RX00000166,2025-07-12,11:38:38,2024-07-21,2,30,Amlodipine,Montelukast,46047-443-53,100mg,Tablet,33,75,466.92,3480.13,3858.46,18.23,Schedule V,PH0138,Pharmacist_105,RPH883438,CA,24,PHM0041,Wellness Pharmacy,Independent,5629 Oak St,Houston,FL,66186,(645) 961-1759,PHL78070,3979360096,FD3160678,DOC0321,Dr. Brown Y,4635848624,AB4236972,MD158077,General Practice,3428 Clinic Blvd,Houston,FL,89616,(290) 981-1446,25,PAT001262,76,M,51992,PA,Cigna,INS23100,GRP3875,904881,PCN4581,25.4,1532.4,26.03,K21.9,Asthma,Psychotherapeutic,Infection,03,292,-24,Fax,Fax,19.55,21.28,288,660,387,0,0,153.74,4,4,4,Saturday,Morning,0,0,1,Tier 1,1,1,Credit Card,Pending,75,1,0,1,0,0,99.69,23.37,-25.14,0
RX00000167,2025-11-02,16:23:36,2024-05-05,11,30,Hydrochlorothiazide,Hydrochlorothiazide,85246-286-12,500mg,Injection,75,159,403.76,2020.25,2692.34,30.78,Schedule IV,PH0197,Pharmacist_160,RPH700535,OH,25,PHM0050,MediCare Drug Store,Walgreens,9155 Park St,Phoenix,PA,98592,(894) 979-8474,PHL21751,2269366925,FR7143489,DOC0048,Dr. Jones M,3442810769,AE6542417,MD692801,Neurology,4923 Medical Blvd,Phoenix,TX,84643,(833) 399-3869,13,PAT000888,41,M,48591,OH,Aetna,INS66344,GRP7622,691307,PCN1897,40.78,3148.55,495.01,M79.7,Diabetes,Antidiabetic,Pain,03,213,27,Written,Fax,69.14,8.78,111,317,341,0,0,-45.49,2,10,5,Saturday,Afternoon,0,0,1,Tier 1,1,3,Insurance,Rejected,88,1,1,0,0,1,37.06,59.05,-28.26,0
RX00000168,2025-01-02,14:40:04,2025-05-13,0,90,Escitalopram,Clopidogrel,22878-788-97,20mg,Capsule,145,90,285.97,4902.57,3378.15,16.34,Schedule II,PH0199,Pharmacist_69,RPH518036,IL,10,PHM0016,Community Health Pharmacy,Independent,5191 Park St,Chicago,PA,15316,(230) 368-8838,PHL39325,1004201248,FV9621787,DOC0243,Dr. Brown T,9097017443,AC1925278,MD222456,Psychiatry,8355 Hospital Blvd,New York,CA,97597,(397) 826-6486,2,PAT000393,26,F,79181,CA,Self-Pay,INS94972,GRP5575,183995,PCN5801,62.99,329.23,368.87,E11.9,Arthritis,Antidiabetic,Infection,04,100,25,Fax,Fax,55.11,31.39,26,748,136,1,0,93.23,5,4,4,Monday,Night,1,1,1,Non-Formulary,0,0,Debit Card,Rejected,79,1,0,0,1,0,9.35,55.55,-81.59,0
RX00000169,2025-07-09,17:44:59,2024-04-13,1,60,Amoxicillin,Simvastatin,78679-790-78,50mg,Tablet,59,60,101.73,1168.24,4217.9,47.94,Schedule III,PH0092,Pharmacist_184,RPH279567,NY,23,PHM0026,Community Health Pharmacy,Independent,7754 Park St,New York,FL,11394,(409) 368-2665,PHL20301,3589552483,FA7372482,DOC0392,Dr. Smith H,8517643101,AH9611651,MD802160,Oncology,2268 Health Blvd,Houston,IL,85161,(553) 585-2986,13,PAT001788,75,M,97539,IL,Humana,INS50251,GRP5335,721338,PCN1805,72.6,759.12,289.4,E11.9,Diabetes,Antidiabetic,Chronic Disease,04,22,22,Written,Fax,38.51,13.84,28,243,422,1,0,-38.08,5,4,1,Thursday,Night,0,0,1,Non-Formulary,0,1,Insurance,Paid,75,0,1,0,0,0,47.41,26.11,86.12,0
RX00000170,2024-04-08,15:14:48,2024-10-10,3,90,Amlodipine,Lisinopril,77541-281-79,500mg,Syrup,114,17,169.57,2866.4,2026.15,38.25,Schedule IV,PH0180,Pharmacist_151,RPH671052,PA,28,PHM0026,Corner Pharmacy,Independent,7531 Washington St,Philadelphia,CA,62777,(708) 441-7636,PHL77931,4403349322,FL1037773,DOC0314,Dr. Brown R,1616883914,AV3867901,MD289214,Dermatology,5822 Clinic Blvd,Los Angeles,CA,61558,(895) 875-6997,1,PAT002745,87,F,23749,PA,Humana,INS63075,GRP3463,868071,PCN2193,52.28,3465.41,87.11,R51,Diabetes,Antibiotic,Preventive,03,233,18,Written,Phone,49.18,11.84,320,624,174,1,0,132.81,1,2,0,Sunday,Evening,0,0,1,Tier 3,1,1,Credit Card,Pending,88,0,0,1,1,1,73.45,62.61,1.51,0
RX00000171,2025-06-20,11:57:34,2024-11-04,7,60,Escitalopram,Omeprazole,80683-887-94,20mg,Tablet,167,125,137.81,3903.44,4336.04,7.86,Schedule IV,PH0127,Pharmacist_157,RPH658049,FL,25,PHM0035,Metro Pharmacy,CVS,9514 Washington St,Phoenix,FL,30173,(332) 527-9456,PHL85602,6137440532,FX1640552,DOC0405,Dr. Miller U,7580494069,AV9797750,MD100686,Psychiatry,3151 Hospital Blvd,Chicago,CA,45301,(230) 879-6904,25,PAT003121,60,Other,69852,IL,BlueCross BlueShield,INS14015,GRP3045,276076,PCN5580,89.98,791.58,373.24,M25.551,Depression,Antibiotic,Chronic Disease,01,268,-5,Fax,Fax,44.2,9.89,181,847,18,1,0,39.23,5,3,2,Saturday,Evening,1,0,0,Tier 1,1,3,Cash,Pending,None,1,0,1,1,0,69.53,91.4,-31.33,0
RX00000172,2025-01-03,16:38:50,2024-01-18,5,30,Amlodipine,Rosuvastatin,23921-673-60,50mg,Syrup,16,175,245.07,1321.62,1741.32,43.26,Schedule III,PH0005,Pharmacist_157,RPH436007,OH,32,PHM0050,QuickMeds,Walgreens,4387 Oak St,New York,NY,50189,(843) 838-2965,PHL98529,4575118400,FP9124351,DOC0019,Dr. Johnson B,6308656948,AZ1632342,MD190188,Oncology,3543 Health Blvd,Chicago,CA,52630,(500) 664-2761,21,PAT002686,43,M,38389,PA,Aetna,INS57986,GRP4513,957251,PCN7872,47.59,3806.44,262.26,M54.5,Arthritis,Antidiabetic,Chronic Disease,00,8,9,Electronic,Paper,1.19,34.89,330,822,306,0,1,154.19,0,0,5,Tuesday,Night,1,0,1,Tier 1,0,3,Insurance,Pending,76,0,0,1,1,0,98.38,89.02,87.03,1
RX00000173,2024-05-02,16:26:50,2024-09-16,8,60,Gabapentin,Hydrochlorothiazide,31966-241-73,500mg,Syrup,140,96,491.59,4466.92,1261.86,33.45,Schedule V,PH0109,Pharmacist_94,RPH935298,OH,21,PHM0046,TrustedMeds,Independent,4819 Oak St,Phoenix,NY,49916,(829) 321-2359,PHL66112,9527168338,FA3283803,DOC0488,Dr. Miller A,4790265665,AB3616291,MD940561,Pediatrics,6203 Hospital Blvd,Phoenix,NY,19535,(442) 334-2896,21,PAT002600,26,M,10730,TX,Kaiser Permanente,INS72983,GRP1553,647133,PCN4343,63.34,1915.57,369.08,J45.909,Hypertension,Antibiotic,Chronic Disease,02,266,3,Fax,Fax,5.93,29.36,367,503,397,0,1,31.11,5,3,6,Thursday,Night,1,1,0,Tier 1,0,2,Check,Rejected,76,1,0,0,0,0,42.82,70.76,61.55,0
RX00000174,2024-02-29,08:40:19,2024-03-21,1,30,Simvastatin,Oxycodone,11063-192-76,20mg,Injection,77,135,80.5,3590.55,2087.02,6.09,Schedule II,PH0197,Pharmacist_121,RPH523651,IL,6,PHM0043,QuickMeds,Rite Aid,2999 Oak St,Chicago,FL,70851,(528) 466-6950,PHL83667,7991066567,FP3276108,DOC0005,Dr. Brown E,5046450750,AK3389843,MD748661,Neurology,8471 Health Blvd,Houston,IL,41600,(947) 304-7430,4,PAT004501,41,Other,67610,CA,Medicare,INS33009,GRP2037,579374,PCN4523,19.83,3542.45,364.15,I25.10,Asthma,Psychotherapeutic,Infection,00,166,-19,Phone,Paper,3.07,28.87,291,932,132,0,1,181.8,1,1,6,Sunday,Evening,0,1,0,Tier 2,0,1,Credit Card,Pending,75,0,1,1,1,1,73.79,12.22,44.96,1
RX00000175,2025-11-30,17:21:16,2025-04-05,9,60,Ciprofloxacin,Tramadol,25267-284-67,250mg,Cream,122,10,93.8,879.91,319.12,7.49,Schedule II,PH0171,Pharmacist_153,RPH591269,OH,34,PHM0032,Metro Pharmacy,Independent,3610 Washington St,Philadelphia,OH,52844,(341) 793-9502,PHL41854,1561216205,FA2653502,DOC0401,Dr. Johnson Z,6859655106,AX1910845,MD674598,Dermatology,2938 Medical Blvd,New York,TX,82641,(700) 821-8628,34,PAT004125,82,Other,67458,TX,Cigna,INS58784,GRP9426,474723,PCN4025,23.68,2407.45,462.15,F33.1,Hypertension,Analgesic,Pain,02,154,-15,Fax,Electronic,80.84,40.75,438,814,252,1,0,22.46,3,1,5,Sunday,Afternoon,0,0,0,Tier 2,0,4,Credit Card,Paid,None,1,0,1,1,0,21.89,5.67,64.65,0
RX00000176,2024-04-06,09:09:25,2025-11-01,10,30,Oxycodone,Atorvastatin,25146-312-30,10mg,Injection,114,129,376.45,706.78,522.67,39.71,None,PH0030,Pharmacist_29,RPH501166,FL,7,PHM0009,Family Pharmacy,CVS,785 Main St,Phoenix,PA,14183,(657) 339-6618,PHL96732,2068046073,FT4591821,DOC0316,Dr. Smith J,3456222412,AN7380100,MD453698,Dermatology,8884 Medical Blvd,Los Angeles,FL,95278,(881) 508-9535,7,PAT001226,54,M,23167,CA,Humana,INS12976,GRP7468,755725,PCN9598,14.06,1517.2,4.37,J45.909,Depression,Analgesic,Infection,04,146,-6,Phone,Electronic,68.71,42.02,303,199,240,1,1,74.97,5,6,1,Sunday,Morning,0,1,0,Non-Formulary,0,0,Cash,Reversed,None,0,1,0,1,1,8.26,54.97,7.93,0
RX00000177,2025-07-14,08:09:30,2025-10-26,6,30,Sertraline,Ciprofloxacin,31227-590-39,250mg,Injection,81,25,83.59,3100.93,1996.8,37.47,None,PH0111,Pharmacist_110,RPH719511,CA,27,PHM0015,Metro Pharmacy,CVS,2172 Maple St,Phoenix,PA,24029,(550) 527-5277,PHL30787,3757545045,FH5789153,DOC0411,Dr. Smith H,1251890351,AA7093262,MD525239,Internal Medicine,9347 Health Blvd,Chicago,FL,50404,(837) 266-7076,29,PAT004835,62,F,47361,FL,Aetna,INS42256,GRP5116,602867,PCN2743,13.69,3645.4,230.87,E11.9,Hypertension,Cardiovascular,Preventive,00,60,21,Written,Electronic,2.8,10.44,413,934,66,1,0,185.38,0,7,6,Wednesday,Morning,1,0,1,Tier 1,0,4,Insurance,Pending,79,0,0,0,0,1,21.2,70.43,-7.31,0
RX00000178,2025-01-14,09:03:52,2025-03-01,5,90,Gabapentin,Escitalopram,49352-304-61,20mg,Tablet,60,16,9.21,2181.13,1573.46,43.67,Schedule III,PH0115,Pharmacist_110,RPH837576,FL,17,PHM0032,TrustedMeds,Independent,3451 Main St,Phoenix,CA,53746,(403) 887-4282,PHL89555,2729067297,FZ8373187,DOC0002,Dr. Williams N,9115926978,AN3498354,MD182767,Oncology,9687 Medical Blvd,Phoenix,NY,28117,(916) 686-1310,3,PAT000472,52,F,64369,FL,UnitedHealth,INS50711,GRP6412,757286,PCN1408,75.51,3577.97,25.29,R51,Arthritis,Antidiabetic,Pain,02,19,-29,Electronic,Paper,0.36,27.24,483,566,331,0,1,156.89,4,0,5,Tuesday,Morning,1,0,0,Tier 3,0,4,Credit Card,Reversed,79,1,0,0,0,1,73.05,59.03,37.03,1
RX00000179,2025-09-10,10:13:31,2025-03-02,0,60,Escitalopram,Methylprednisolone,44887-354-39,20mg,Syrup,121,56,105.86,3447.53,2321.67,31.59,Schedule III,PH0150,Pharmacist_146,RPH219473,IL,29,PHM0001,Main Street Pharmacy,Independent,4427 Oak St,Houston,OH,96549,(342) 226-4511,PHL71245,9808895443,FO3877765,DOC0216,Dr. Smith C,2764123125,AF1460189,MD761467,Pediatrics,1657 Medical Blvd,Los Angeles,TX,99698,(918) 968-9404,39,PAT004133,75,M,24674,CA,Medicare,INS12937,GRP9806,628114,PCN5747,92.78,2286.98,407.66,M25.551,Hypertension,Psychotherapeutic,Acute Condition,02,155,4,Phone,Paper,10.3,37.92,232,970,284,1,0,177.02,4,7,8,Wednesday,Night,0,0,0,Tier 1,1,4,Insurance,Reversed,79,1,1,0,0,0,74.99,38.02,-82.97,0
RX00000180,2024-07-27,18:52:37,2025-03-19,12,30,Ciprofloxacin,Prednisone,65505-673-74,20mg,Injection,110,158,471.66,3354.68,3816.46,34.91,None,PH0069,Pharmacist_12,RPH717445,TX,15,PHM0046,TrustedMeds,Independent,4337 Main St,Phoenix,FL,24744,(563) 637-1721,PHL74796,3758772661,FF9179006,DOC0067,Dr. Williams V,3397397574,AK7331500,MD471240,Neurology,7640 Health Blvd,Los Angeles,TX,93885,(246) 819-7908,19,PAT004996,66,F,81669,NY,Humana,INS90190,GRP8033,126865,PCN5352,45.31,1405.77,32.38,E11.9,Diabetes,Psychotherapeutic,Chronic Disease,00,197,-21,Phone,Phone,93.42,29.04,125,846,331,1,1,77.72,4,8,2,Monday,Afternoon,1,1,0,Tier 1,1,1,Credit Card,Reversed,79,0,1,0,1,0,66.8,62.32,-87.32,0
RX00000181,2024-02-12,17:40:52,2025-07-06,3,90,Clopidogrel,Lisinopril,40493-318-70,500mg,Injection,10,97,93.7,1250.64,4132.99,19.45,Schedule V,PH0025,Pharmacist_103,RPH448599,OH,2,PHM0011,HealthPlus Pharmacy,Walgreens,4661 Maple St,Houston,NY,44364,(327) 831-2595,PHL66219,6536866413,FA7985879,DOC0007,Dr. Brown C,8474684331,AX2096115,MD909919,General Practice,2177 Clinic Blvd,Phoenix,IL,85135,(971) 759-1685,35,PAT004433,18,F,70519,OH,Medicaid,INS29065,GRP2587,384686,PCN2304,44.29,1861.65,423.9,I10,Diabetes,Antibiotic,Preventive,01,201,10,Fax,Phone,4.97,27.34,316,680,400,0,1,87.24,5,9,8,Thursday,Evening,1,1,0,Tier 3,1,4,Credit Card,Pending,None,0,0,0,0,0,96.88,84.48,56.21,1
RX00000182,2025-10-09,15:05:27,2024-01-21,11,30,Amlodipine,Ciprofloxacin,80492-870-81,100mg,Capsule,117,90,124.65,4879.56,2916.05,9.5,Schedule V,PH0067,Pharmacist_84,RPH490477,IL,4,PHM0025,Prime Pharmacy,Rite Aid,225 Main St,New York,IL,95991,(866) 786-5933,PHL27810,2074677056,FB5921048,DOC0147,Dr. Brown M,7929459291,AN9346722,MD530398,Cardiology,5455 Health Blvd,Chicago,NY,11881,(518) 522-7940,24,PAT004015,74,F,80453,CA,Self-Pay,INS69063,GRP6054,905312,PCN6225,96.48,865.29,253.21,R51,Hypertension,Antidiabetic,Infection,01,189,-14,Fax,Fax,69.51,39.19,438,649,475,0,1,37.82,2,4,0,Monday,Night,1,1,0,Tier 1,0,3,Cash,Rejected,None,0,0,1,0,1,38.15,42.82,76.27,0
RX00000183,2025-11-22,09:05:11,2025-03-08,11,30,Metformin,Sertraline,75976-934-42,250mg,Cream,173,109,496.69,40.54,4070.45,29.16,None,PH0122,Pharmacist_151,RPH641348,FL,31,PHM0046,City Pharmacy,Rite Aid,9255 Oak St,Los Angeles,OH,20372,(377) 791-6871,PHL68207,4853725451,FZ5583487,DOC0263,Dr. Brown E,8782433453,AC3470860,MD865929,Neurology,2797 Medical Blvd,Los Angeles,IL,42929,(434) 953-8843,22,PAT001868,73,F,87167,PA,Anthem,INS79768,GRP1787,583607,PCN6740,97.37,2860.01,184.25,F41.9,Asthma,Analgesic,Chronic Disease,01,63,12,Phone,Phone,31.67,43.94,186,817,205,1,0,-33.17,0,10,6,Wednesday,Evening,1,1,1,Tier 3,0,1,Insurance,Paid,75,0,0,1,1,1,13.43,68.22,24.16,0
RX00000184,2024-02-09,12:41:41,2024-01-26,11,30,Escitalopram,Levothyroxine,14024-296-81,250mg,Injection,53,28,448.92,1774.61,61.71,29.43,None,PH0156,Pharmacist_100,RPH358933,OH,3,PHM0017,Express Meds,Walgreens,3284 Main St,Houston,IL,40086,(532) 936-9934,PHL75934,4563721269,FI4849318,DOC0064,Dr. Williams H,9079248270,AA1600018,MD999508,Neurology,8532 Medical Blvd,Houston,FL,72150,(717) 493-9424,5,PAT003482,62,M,46549,TX,Humana,INS97821,GRP6889,374362,PCN5290,42.75,3716.33,105.13,G89.29,Depression,Cardiovascular,Acute Condition,04,317,-17,Fax,Electronic,39.87,0.88,352,667,224,1,0,1.57,5,9,1,Tuesday,Night,1,1,1,Tier 2,0,2,Credit Card,Reversed,88,0,1,0,1,1,90.12,68.1,-49.24,0
RX00000185,2024-05-29,18:14:37,2024-09-16,2,90,Amlodipine,Amlodipine,84450-911-23,20mg,Tablet,175,178,275.08,160.12,4140.18,12.07,Schedule V,PH0054,Pharmacist_45,RPH642198,OH,33,PHM0004,TrustedMeds,Independent,9226 Oak St,Los Angeles,NY,25876,(245) 319-1244,PHL34263,1987925992,FA1273090,DOC0003,Dr. Smith W,7537032807,AO8280817,MD497832,Neurology,842 Medical Blvd,Phoenix,IL,98011,(771) 892-8878,25,PAT000997,19,Other,20959,OH,Humana,INS34818,GRP7105,502355,PCN2522,28.88,4127.71,117.62,G89.29,Depression,Antibiotic,Infection,00,301,2,Written,Fax,1.41,13.89,401,770,463,0,0,185.68,2,4,6,Sunday,Evening,0,0,0,Tier 2,0,3,Debit Card,Rejected,None,1,1,1,1,1,77.58,83.41,-33.72,1
RX00000186,2025-09-17,09:00:57,2024-02-27,6,60,Hydrochlorothiazide,Metformin,21835-820-38,50mg,Tablet,124,148,162.3,2000.13,3681.66,46.23,Schedule III,PH0198,Pharmacist_159,RPH592236,CA,34,PHM0040,Family Pharmacy,Independent,6117 Park St,Los Angeles,FL,65009,(761) 407-5820,PHL82608,5899813434,FR7799074,DOC0044,Dr. Johnson M,7901725741,AZ1258815,MD653600,Dermatology,8946 Health Blvd,Phoenix,IL,78162,(850) 779-2938,31,PAT004335,80,Other,19522,TX,BlueCross BlueShield,INS58627,GRP8024,289383,PCN6947,45.35,348.9,227.24,K21.9,Hypertension,Psychotherapeutic,Infection,01,11,30,Written,Paper,66.88,21.64,360,783,221,1,1,55.52,5,8,8,Sunday,Afternoon,1,0,1,Tier 1,0,4,Credit Card,Rejected,None,1,1,1,1,0,97.24,46.06,-8.62,0
RX00000187,2025-10-05,09:34:43,2024-02-29,8,30,Gabapentin,Metformin,89764-829-85,100mg,Capsule,121,78,88.92,713.16,4243.9,20.04,Schedule V,PH0020,Pharmacist_116,RPH155988,OH,17,PHM0047,Prime Pharmacy,Walgreens,4464 Oak St,New York,OH,82555,(554) 897-5811,PHL58869,4586333464,FK8300062,DOC0364,Dr. Miller Q,1542965681,AS3374579,MD232465,Oncology,8241 Medical Blvd,Phoenix,CA,16524,(264) 847-7542,15,PAT002804,70,F,16925,FL,Aetna,INS37691,GRP3228,391971,PCN8700,99.19,2263.94,459.77,R51,Depression,Antibiotic,Pain,00,45,1,Phone,Paper,38.57,34.47,368,464,70,0,0,-3.78,1,6,1,Thursday,Evening,0,1,0,Tier 1,1,4,Insurance,Paid,None,1,0,0,1,0,48.83,98.11,31.39,0
RX00000188,2024-09-25,08:52:36,2025-08-03,3,30,Ibuprofen,Montelukast,19290-929-65,250mg,Syrup,13,11,478.51,1289.56,3154.47,49.46,None,PH0130,Pharmacist_147,RPH923349,TX,21,PHM0045,MediCare Drug Store,Walgreens,3819 Oak St,Phoenix,IL,71384,(623) 807-4495,PHL64018,2480104903,FT5313268,DOC0239,Dr. Williams P,4289906774,AN2477917,MD754736,General Practice,2414 Health Blvd,Los Angeles,TX,80571,(284) 418-2158,3,PAT002113,60,M,30149,TX,Medicaid,INS97030,GRP7607,332552,PCN4001,6.87,4015.81,106.67,I25.10,Depression,Antidiabetic,Chronic Disease,04,123,-9,Phone,Fax,74.41,26.54,208,883,382,1,1,6.85,0,6,7,Tuesday,Afternoon,1,1,0,Tier 3,0,2,Cash,Reversed,76,1,0,0,1,1,88.01,5.31,63.26,0
RX00000189,2024-12-13,14:10:13,2024-05-21,2,90,Amoxicillin,Ciprofloxacin,14458-653-52,50mg,Tablet,20,136,314.66,1554.27,128.87,49.56,None,PH0060,Pharmacist_26,RPH187382,CA,30,PHM0050,HealthPlus Pharmacy,Independent,6455 Main St,Phoenix,PA,12503,(345) 536-5832,PHL68351,8224036926,FB3972043,DOC0381,Dr. Johnson U,5397157474,AW7223492,MD345165,Oncology,4491 Medical Blvd,Los Angeles,CA,20838,(882) 338-3985,29,PAT002571,90,F,17801,CA,Aetna,INS64746,GRP1831,182774,PCN6234,11.1,965.69,359.74,J44.9,Depression,Psychotherapeutic,Chronic Disease,03,324,26,Electronic,Electronic,62.03,21.96,23,979,201,1,0,38.11,3,3,2,Thursday,Morning,1,1,0,Tier 2,0,0,Insurance,Reversed,76,0,1,0,0,0,36.01,0.3,-30.36,0
RX00000190,2025-03-04,09:04:34,2025-02-16,10,90,Lisinopril,Amlodipine,95713-444-88,250mg,Capsule,149,101,173.38,3752.71,4092.32,35.87,Schedule III,PH0038,Pharmacist_12,RPH478898,FL,5,PHM0003,QuickMeds,Independent,6777 Washington St,Phoenix,IL,11710,(859) 219-7517,PHL84867,1252500343,FR7490389,DOC0470,Dr. Garcia O,7345816974,AB5053977,MD602249,General Practice,4475 Hospital Blvd,Los Angeles,NY,84747,(495) 514-7143,15,PAT000169,18,F,74327,FL,Anthem,INS30601,GRP6475,444029,PCN1131,21.8,2847.97,414.22,I10,Arthritis,Analgesic,Acute Condition,02,130,-22,Fax,Paper,61.2,14.36,236,551,219,1,0,193.08,4,0,2,Saturday,Afternoon,0,0,1,Tier 3,0,0,Insurance,Paid,88,0,1,0,1,0,4.56,0.56,52.86,0
RX00000191,2025-08-23,09:24:25,2024-09-22,3,30,Ciprofloxacin,Amoxicillin,46908-794-52,100mg,Syrup,154,152,395.08,2719.72,1458.13,30.45,Schedule II,PH0023,Pharmacist_44,RPH722245,PA,28,PHM0020,Family Pharmacy,CVS,6575 Main St,Los Angeles,OH,41492,(629) 887-3935,PHL11110,5902556142,FL6934489,DOC0488,Dr. Jones F,5628848115,AO8774013,MD125862,Endocrinology,2165 Medical Blvd,Houston,CA,21905,(552) 365-4697,36,PAT000051,41,M,66550,PA,Aetna,INS22972,GRP3800,170805,PCN6776,90.69,2359.95,62.25,R51,Arthritis,Cardiovascular,Chronic Disease,04,48,-3,Written,Electronic,1.49,25.21,109,549,261,1,1,171.6,4,8,1,Saturday,Evening,1,1,0,Tier 1,1,4,Check,Paid,None,1,0,1,0,0,25.33,54.75,-24.91,0
RX00000192,2025-01-15,12:55:03,2024-02-16,1,90,Atorvastatin,Levothyroxine,72491-266-10,10mg,Capsule,151,64,307.71,2687.91,2815.6,42.74,Schedule II,PH0035,Pharmacist_170,RPH263040,CA,17,PHM0006,Metro Pharmacy,Walgreens,4666 Washington St,Chicago,PA,37711,(948) 334-9599,PHL24379,5578602607,FL4293083,DOC0281,Dr. Garcia A,3891055285,AX1218871,MD233778,Cardiology,3505 Medical Blvd,Chicago,NY,38707,(334) 333-8191,32,PAT002943,34,Other,23531,NY,Kaiser Permanente,INS35423,GRP1678,914582,PCN3140,50.33,1880.68,443.17,K21.9,Depression,Antidiabetic,Infection,00,349,22,Written,Phone,17.32,35.79,305,237,297,1,1,77.27,3,5,6,Friday,Morning,0,0,0,Tier 1,0,4,Insurance,Reversed,None,1,1,1,0,0,47.96,58.2,91.16,0
RX00000193,2025-10-13,17:24:25,2025-07-07,2,90,Metformin,Omeprazole,25534-529-72,10mg,Cream,24,103,203.23,4425.14,4359.93,23.8,Schedule IV,PH0118,Pharmacist_193,RPH142550,FL,15,PHM0045,Express Meds,Rite Aid,2606 Main St,Phoenix,IL,61605,(570) 570-1990,PHL49740,7791260377,FY5273756,DOC0001,Dr. Williams U,5450349517,AN7568552,MD305884,Pediatrics,3189 Hospital Blvd,Phoenix,FL,55061,(208) 509-7175,11,PAT003717,42,M,32143,FL,Aetna,INS66864,GRP2924,192756,PCN5841,96.87,1150.77,392.92,J45.909,Diabetes,Antibiotic,Preventive,02,136,13,Phone,Electronic,3.74,33.99,436,526,226,0,1,173.18,4,10,1,Saturday,Night,0,0,1,Tier 1,1,2,Cash,Rejected,88,1,0,0,1,1,95.26,97.41,-62.67,1
RX00000194,2025-11-15,11:04:05,2023-12-28,5,90,Rosuvastatin,Escitalopram,63171-128-57,500mg,Syrup,104,129,389.29,1958.12,3105.78,35.38,Schedule IV,PH0085,Pharmacist_117,RPH520873,IL,18,PHM0047,Central Drug Store,Walgreens,3366 Maple St,Los Angeles,FL,58590,(777) 683-5437,PHL61514,4465580264,FN4500091,DOC0050,Dr. Williams E,1339640247,AK5790745,MD487909,Cardiology,8873 Medical Blvd,Phoenix,TX,91045,(513) 720-2434,22,PAT001519,69,Other,28690,TX,Kaiser Permanente,INS85460,GRP7247,516363,PCN5949,84.42,817.76,426.72,M54.5,Hypertension,Antidiabetic,Chronic Disease,01,122,-7,Written,Phone,24.63,9.16,63,956,272,1,0,187.31,5,4,8,Friday,Afternoon,0,0,1,Tier 1,1,2,Credit Card,Rejected,None,1,1,0,1,0,23.59,10.42,81.49,0
RX00000195,2024-12-21,10:09:59,2025-08-19,1,60,Oxycodone,Albuterol,68541-194-81,50mg,Syrup,50,63,181.69,4847.61,1260.72,45.33,Schedule IV,PH0130,Pharmacist_118,RPH372379,TX,32,PHM0004,Corner Pharmacy,Independent,8246 Oak St,Philadelphia,NY,94948,(892) 225-9667,PHL63860,8716478411,FX3476114,DOC0036,Dr. Johnson O,7282674251,AE8213778,MD519750,Oncology,6763 Hospital Blvd,Los Angeles,FL,10446,(314) 485-2014,3,PAT002926,37,F,80386,CA,BlueCross BlueShield,INS58167,GRP6332,780606,PCN9505,65.83,205.34,12.66,J44.9,Arthritis,Analgesic,Infection,00,158,-19,Electronic,Fax,12.29,33.16,485,200,330,0,1,185.04,0,9,4,Tuesday,Morning,0,1,0,Non-Formulary,0,0,Cash,Paid,75,1,1,1,0,1,68.63,17.6,44.17,0
RX00000196,2025-08-12,13:39:22,2024-02-14,10,30,Amlodipine,Atorvastatin,32148-254-91,500mg,Injection,68,167,95.46,2615.84,2737.62,5.06,Schedule III,PH0122,Pharmacist_177,RPH827179,OH,15,PHM0023,Main Street Pharmacy,CVS,2216 Oak St,Houston,FL,21417,(719) 558-1569,PHL71543,2705514403,FB8702666,DOC0116,Dr. Smith Q,6100005463,AT9352271,MD926185,Neurology,8384 Hospital Blvd,Los Angeles,FL,15056,(301) 214-9050,8,PAT001278,68,M,56428,PA,Medicaid,INS39132,GRP3996,840385,PCN2468,96.37,2218.48,396.88,J45.909,Arthritis,Antibiotic,Preventive,02,206,0,Phone,Phone,48.52,22.19,135,135,371,0,0,11.53,1,2,2,Tuesday,Morning,0,1,1,Tier 2,1,4,Check,Rejected,75,0,1,1,0,1,63.12,18.3,77.69,0
RX00000197,2024-03-10,15:55:51,2025-04-14,1,90,Lisinopril,Albuterol,17264-378-60,500mg,Injection,80,36,413.92,41.5,3012.17,15.31,Schedule V,PH0079,Pharmacist_198,RPH227952,PA,21,PHM0010,QuickMeds,Independent,1275 Oak St,Houston,NY,62598,(876) 258-9334,PHL47594,8146697580,FH8944457,DOC0193,Dr. Garcia L,2658356974,AK5644752,MD929165,Internal Medicine,837 Clinic Blvd,Chicago,TX,84537,(274) 378-2102,24,PAT000709,72,Other,45083,CA,UnitedHealth,INS84216,GRP6606,445975,PCN8016,27.16,2563.09,335.26,R51,Arthritis,Psychotherapeutic,Infection,04,164,-2,Fax,Phone,90.03,40.26,31,489,190,0,0,10.56,0,4,2,Thursday,Afternoon,0,0,1,Tier 1,0,0,Cash,Pending,None,0,0,1,1,1,65.61,53.2,29.45,0
RX00000198,2024-08-12,11:05:51,2024-04-13,12,30,Atorvastatin,Montelukast,95463-498-96,10mg,Injection,96,157,481.94,2678.48,2140.82,29.51,Schedule III,PH0061,Pharmacist_164,RPH318108,PA,20,PHM0013,Corner Pharmacy,Independent,9973 Main St,Philadelphia,OH,60099,(536) 516-4086,PHL14047,8030578839,FF4912025,DOC0310,Dr. Smith E,1196197080,AD2161873,MD469070,Cardiology,5819 Health Blvd,Houston,TX,47065,(776) 855-8472,19,PAT003932,18,Other,16545,CA,Aetna,INS65163,GRP8606,514861,PCN6016,30.92,2994.22,217.63,K21.9,Depression,Psychotherapeutic,Acute Condition,04,230,29,Electronic,Electronic,16.58,21.05,104,395,242,1,1,72.64,5,0,4,Sunday,Evening,0,0,1,Tier 2,1,2,Cash,Reversed,75,0,1,1,1,0,21.56,96.29,-11.72,0
RX00000199,2025-10-31,13:37:29,2025-12-12,2,60,Sertraline,Lisinopril,31169-641-30,100mg,Injection,62,119,150.2,4937.37,3840.7,32.63,Schedule V,PH0159,Pharmacist_144,RPH981323,IL,22,PHM0040,Express Meds,Rite Aid,5812 Maple St,Houston,PA,66967,(453) 505-6413,PHL44304,6245901617,FW5318419,DOC0019,Dr. Miller C,5815999549,AS5103508,MD889558,Endocrinology,4072 Clinic Blvd,Chicago,IL,69099,(491) 431-5417,27,PAT002162,20,Other,98607,OH,Medicaid,INS32457,GRP3393,335435,PCN1782,59.33,2252.27,64.15,N18.3,Arthritis,Analgesic,Preventive,04,328,19,Electronic,Electronic,1.96,12.53,54,991,170,0,1,98.16,1,0,2,Monday,Night,0,1,1,Tier 3,1,1,Credit Card,Reversed,76,1,1,0,0,0,87.08,24.44,-91.42,1
RX00000200,2024-05-19,08:52:01,2025-07-29,11,60,Lisinopril,Atorvastatin,25046-308-69,50mg,Injection,101,145,353.64,1964.12,1491.8,20.18,Schedule IV,PH0001,Pharmacist_143,RPH551143,OH,6,PHM0037,Express Meds,Independent,3678 Main St,Chicago,PA,57250,(765) 505-4099,PHL43996,8283246443,FM7507652,DOC0014,Dr. Johnson C,1311294850,AR7224122,MD150392,Dermatology,4959 Hospital Blvd,Los Angeles,FL,30653,(886) 958-3223,3,PAT002038,42,F,69967,TX,Aetna,INS44750,GRP7661,318011,PCN2765,1.87,1043.96,225.38,R51,Arthritis,Psychotherapeutic,Acute Condition,04,14,-28,Electronic,Paper,0.83,28.5,144,391,295,0,0,141.64,5,1,7,Thursday,Evening,0,1,1,Tier 2,0,2,Cash,Pending,None,0,0,1,0,0,97.87,16.2,11.82,1
RX00000201,2025-07-10,11:12:08,2024-07-06,2,90,Amlodipine,Amoxicillin,27864-116-27,50mg,Injection,156,37,108.16,4390.3,1037.6,14.88,Schedule III,PH0105,Pharmacist_120,RPH562393,CA,8,PHM0043,Family Pharmacy,Rite Aid,7575 Maple St,New York,FL,65950,(345) 994-8837,PHL89910,7914730523,FY6287988,DOC0237,Dr. Johnson X,1243376637,AI7210843,MD320839,Cardiology,1381 Hospital Blvd,Los Angeles,IL,82892,(988) 464-8989,11,PAT001926,21,M,45501,PA,Aetna,INS16116,GRP3081,666423,PCN5849,45.85,4259.47,399.78,F33.1,Hypertension,Cardiovascular,Acute Condition,01,83,12,Phone,Phone,75.19,2.7,192,60,173,1,1,132.46,2,10,8,Thursday,Morning,1,1,1,Tier 3,1,0,Check,Rejected,76,0,1,1,0,1,18.12,15.41,35.53,0
RX00000202,2025-11-09,17:50:44,2025-01-03,6,60,Morphine,Albuterol,46929-829-42,250mg,Capsule,73,134,124.93,946.26,2582.45,47.32,Schedule II,PH0026,Pharmacist_34,RPH188642,CA,4,PHM0008,Corner Pharmacy,Independent,7602 Park St,New York,NY,55436,(904) 766-7814,PHL90503,9804668445,FC8623811,DOC0194,Dr. Miller B,7376872215,AW1604880,MD936698,Dermatology,9901 Hospital Blvd,Chicago,CA,87038,(834) 832-5125,23,PAT001460,58,Other,24338,FL,UnitedHealth,INS32631,GRP3875,249007,PCN9064,94.53,3367.97,124.89,G89.29,Arthritis,Analgesic,Infection,00,184,24,Electronic,Paper,18.07,7.3,193,181,446,1,1,29.16,5,4,6,Sunday,Afternoon,0,0,0,Tier 2,1,2,Credit Card,Reversed,None,1,1,1,0,1,93.11,46.46,60.89,0
RX00000203,2025-02-03,11:50:43,2024-09-18,7,60,Ciprofloxacin,Tramadol,33810-506-64,500mg,Capsule,50,163,370.67,2076.43,1209.69,25.36,Schedule IV,PH0122,Pharmacist_82,RPH933398,NY,11,PHM0023,TrustedMeds,Independent,2616 Main St,Houston,CA,62345,(557) 755-2371,PHL28580,1574757802,FU7188870,DOC0012,Dr. Jones X,4983352173,AE5795558,MD222710,Neurology,5385 Health Blvd,Los Angeles,CA,29875,(805) 525-6174,38,PAT003296,47,F,42029,FL,Aetna,INS94640,GRP7694,280733,PCN5860,66.41,4292.8,21.37,K21.9,Hypertension,Antibiotic,Chronic Disease,04,263,-29,Electronic,Electronic,1.81,9.81,371,110,492,0,0,141.81,0,4,8,Sunday,Afternoon,0,0,0,Tier 2,0,0,Cash,Paid,76,1,0,1,0,1,85.22,54.34,7.16,1
RX00000204,2025-03-27,16:34:03,2024-11-17,4,60,Morphine,Atorvastatin,98305-100-15,100mg,Capsule,155,138,457.83,2494.16,2874.07,26.62,Schedule III,PH0134,Pharmacist_84,RPH913630,PA,25,PHM0041,Metro Pharmacy,Rite Aid,4716 Washington St,Philadelphia,TX,25565,(810) 645-3118,PHL38535,1774350839,FT3364066,DOC0173,Dr. Garcia N,4473182522,AF2260031,MD302698,Orthopedics,380 Clinic Blvd,New York,CA,47266,(367) 826-5144,35,PAT001778,32,F,73648,IL,Self-Pay,INS24669,GRP2475,593941,PCN8315,15.34,3421.58,294.06,R51,Asthma,Antibiotic,Preventive,04,49,11,Phone,Paper,58.33,5.63,282,21,4,0,0,82.71,3,6,6,Monday,Afternoon,0,0,0,Tier 3,0,1,Check,Pending,75,1,0,0,0,1,10.4,63.18,-34.67,0
RX00000205,2025-07-08,14:53:51,2024-03-30,2,90,Morphine,Methylprednisolone,90145-163-17,100mg,Injection,146,120,82.43,2292.37,1965.48,15.98,Schedule II,PH0046,Pharmacist_143,RPH316855,OH,33,PHM0040,QuickMeds,Rite Aid,3439 Oak St,Houston,FL,20918,(717) 544-2868,PHL92720,8593345998,FF7671449,DOC0008,Dr. Brown D,6359398315,AR6112064,MD914713,Neurology,113 Medical Blvd,Los Angeles,NY,97008,(717) 360-4295,15,PAT004988,37,M,98214,IL,Medicaid,INS39334,GRP6723,295910,PCN8554,73.72,3277.45,31.65,M79.7,Depression,Cardiovascular,Acute Condition,03,252,-6,Written,Electronic,4.68,21.18,323,741,381,1,0,132.97,0,10,8,Friday,Morning,1,0,0,Tier 2,1,4,Debit Card,Reversed,None,1,0,1,1,0,91.29,54.1,-40.22,1
RX00000206,2024-01-02,14:24:23,2024-01-08,6,90,Simvastatin,Morphine,32389-726-55,250mg,Tablet,45,92,224.38,1547.16,2285.0,30.45,Schedule II,PH0088,Pharmacist_84,RPH334373,IL,18,PHM0043,Prime Pharmacy,Rite Aid,247 Washington St,Philadelphia,TX,27891,(793) 822-1368,PHL68333,3040880495,FY7912309,DOC0112,Dr. Brown S,2307872543,AY8346285,MD701981,Endocrinology,6593 Health Blvd,New York,IL,10504,(766) 809-8492,20,PAT004080,50,Other,56129,PA,Self-Pay,INS84839,GRP5656,525331,PCN5518,7.53,2290.77,401.36,F33.1,Asthma,Antibiotic,Pain,03,236,-15,Electronic,Fax,71.65,26.0,323,352,345,0,1,132.97,5,9,8,Sunday,Morning,1,1,0,Tier 3,1,2,Insurance,Rejected,88,1,0,1,0,0,1.66,83.57,97.32,0
RX00000207,2025-10-19,08:53:34,2025-06-20,4,90,Gabapentin,Sertraline,78168-206-38,10mg,Cream,148,156,277.99,4375.92,3621.22,19.84,Schedule III,PH0171,Pharmacist_139,RPH677833,NY,31,PHM0017,TrustedMeds,Independent,9165 Maple St,Houston,OH,41006,(214) 352-8324,PHL58569,4930747947,FB1010601,DOC0005,Dr. Johnson B,8214072080,AX7549444,MD896678,Psychiatry,1768 Clinic Blvd,Los Angeles,CA,56849,(596) 499-2590,36,PAT002139,90,M,67445,IL,Humana,INS66622,GRP8353,697145,PCN1848,50.27,2159.34,360.51,E11.9,Hypertension,Psychotherapeutic,Acute Condition,01,212,26,Written,Electronic,1.52,5.74,385,209,120,1,1,140.27,5,1,0,Tuesday,Evening,1,1,1,Tier 2,0,3,Debit Card,Pending,76,1,1,1,0,1,81.9,94.0,-24.43,1
RX00000208,2024-08-18,10:20:59,2024-10-11,12,30,Levothyroxine,Levothyroxine,26368-723-11,50mg,Capsule,65,172,323.93,1481.53,3570.11,16.64,Schedule III,PH0123,Pharmacist_100,RPH418320,IL,19,PHM0044,MediCare Drug Store,Walgreens,6200 Park St,Los Angeles,IL,67288,(534) 374-2579,PHL40377,3295134125,FK1102452,DOC0085,Dr. Brown C,5163752437,AJ6587097,MD864049,Oncology,3674 Medical Blvd,Los Angeles,IL,17386,(203) 958-5081,26,PAT001047,41,M,18911,PA,Medicare,INS41041,GRP3345,764070,PCN8590,49.47,1915.19,135.35,J45.909,Asthma,Analgesic,Preventive,02,284,-10,Electronic,Phone,61.17,8.63,300,685,165,1,0,59.05,5,5,2,Saturday,Evening,0,1,0,Tier 3,1,2,Check,Paid,79,0,0,1,0,0,91.02,36.33,19.86,0
RX00000209,2024-12-20,10:19:28,2024-06-27,11,90,Oxycodone,Hydrochlorothiazide,24697-953-69,10mg,Syrup,158,86,351.31,4900.11,2070.28,16.7,Schedule V,PH0053,Pharmacist_10,RPH449563,NY,32,PHM0033,Express Meds,Independent,596 Oak St,Los Angeles,CA,79448,(422) 631-2362,PHL18997,3956573197,FH9743708,DOC0015,Dr. Jones F,9750714819,AP9489734,MD660933,Orthopedics,9222 Medical Blvd,Chicago,NY,72903,(756) 686-4216,1,PAT002337,89,F,34111,TX,UnitedHealth,INS51085,GRP3974,228164,PCN8293,69.15,1838.67,415.87,M54.5,Depression,Analgesic,Acute Condition,04,25,-24,Written,Phone,3.85,21.3,245,193,237,1,1,145.79,3,7,1,Saturday,Night,1,1,0,Non-Formulary,0,2,Cash,Rejected,79,0,1,1,1,1,84.15,97.17,-31.71,1
RX00000210,2024-04-20,16:21:30,2025-05-01,9,30,Albuterol,Amlodipine,99621-825-53,20mg,Tablet,31,148,297.43,3321.22,1310.84,17.94,Schedule III,PH0100,Pharmacist_71,RPH871880,IL,34,PHM0020,Main Street Pharmacy,Independent,7600 Park St,Chicago,FL,32373,(774) 579-9032,PHL53069,7747456639,FY9722462,DOC0315,Dr. Johnson Q,4186424477,AS1861378,MD287852,Orthopedics,1270 Health Blvd,Phoenix,FL,80623,(823) 876-2212,9,PAT002452,85,Other,34580,PA,Self-Pay,INS69225,GRP2342,584570,PCN1235,92.62,3377.76,264.56,I25.10,Depression,Antibiotic,Pain,02,105,-3,Fax,Paper,3.79,26.2,201,536,404,0,0,-37.94,1,3,0,Tuesday,Evening,1,0,0,Tier 2,1,4,Insurance,Pending,76,0,0,0,0,1,2.9,46.8,-90.6,0
RX00000211,2024-12-03,09:40:53,2024-02-17,5,90,Rosuvastatin,Albuterol,12708-872-69,500mg,Tablet,91,59,63.7,1978.87,3358.85,10.47,Schedule V,PH0062,Pharmacist_150,RPH183697,CA,16,PHM0035,CarePlus Pharmacy,CVS,9496 Washington St,Chicago,NY,94714,(522) 557-2986,PHL41896,8402405967,FB1991043,DOC0307,Dr. Garcia Q,1528353758,AJ6498569,MD163959,Orthopedics,5004 Hospital Blvd,Houston,NY,62489,(271) 551-9698,32,PAT001685,66,F,28331,FL,UnitedHealth,INS38446,GRP6712,634414,PCN7569,56.83,940.44,121.0,R51,Hypertension,Cardiovascular,Chronic Disease,04,164,25,Fax,Electronic,58.56,18.4,490,299,217,1,0,5.25,0,10,5,Sunday,Night,1,0,1,Tier 2,1,2,Insurance,Paid,79,1,0,1,0,0,92.46,83.83,82.2,0
RX00000212,2024-02-24,14:26:00,2025-01-03,3,60,Levothyroxine,Rosuvastatin,20775-486-42,50mg,Tablet,115,29,17.96,533.17,4496.3,25.78,Schedule III,PH0163,Pharmacist_53,RPH451023,IL,20,PHM0027,Express Meds,Walgreens,802 Maple St,New York,CA,34760,(885) 773-9959,PHL10160,5876372381,FG1138790,DOC0114,Dr. Williams E,7384925867,AG8083687,MD240845,General Practice,1778 Clinic Blvd,Chicago,TX,69413,(318) 741-4766,38,PAT002597,45,M,85411,FL,Self-Pay,INS15885,GRP7854,619356,PCN7588,26.01,3402.77,458.72,M25.551,Asthma,Cardiovascular,Preventive,01,88,2,Electronic,Fax,54.52,38.29,447,328,14,1,0,55.46,5,3,5,Friday,Night,0,1,0,Non-Formulary,1,1,Insurance,Reversed,88,0,0,1,1,0,85.53,20.31,89.42,0
RX00000213,2024-09-23,18:47:22,2024-07-14,3,90,Amlodipine,Omeprazole,63045-390-70,100mg,Tablet,74,34,116.66,52.06,60.99,46.09,Schedule III,PH0050,Pharmacist_132,RPH966023,PA,27,PHM0002,Corner Pharmacy,CVS,9028 Oak St,Houston,NY,55702,(470) 370-1647,PHL44336,9881219586,FF4903114,DOC0410,Dr. Smith T,9739615096,AU6974357,MD572079,Internal Medicine,2294 Medical Blvd,Chicago,TX,18688,(220) 257-9105,38,PAT002230,30,Other,38192,NY,Humana,INS58658,GRP4935,981001,PCN2233,5.95,2172.25,308.06,I10,Diabetes,Analgesic,Chronic Disease,04,238,-29,Fax,Paper,49.39,37.25,131,887,461,1,0,87.09,1,2,5,Monday,Night,1,0,0,Tier 3,0,2,Cash,Rejected,79,0,0,0,0,0,6.5,30.55,5.17,0
RX00000214,2024-01-09,18:10:03,2025-07-18,12,30,Ibuprofen,Ciprofloxacin,53938-898-40,100mg,Injection,44,27,285.83,991.0,4313.17,31.25,None,PH0087,Pharmacist_120,RPH598908,IL,21,PHM0002,QuickMeds,Independent,1669 Washington St,Los Angeles,NY,53717,(776) 212-1425,PHL70475,2982037780,FG1580613,DOC0013,Dr. Garcia O,1737296320,AC2831351,MD314112,General Practice,6336 Medical Blvd,Phoenix,FL,19905,(870) 599-9120,10,PAT001521,33,M,43277,TX,Humana,INS63413,GRP2832,620070,PCN2817,56.95,2462.21,496.41,I10,Arthritis,Cardiovascular,Acute Condition,02,156,-15,Fax,Electronic,0.83,49.16,75,845,125,0,1,109.9,2,2,2,Wednesday,Afternoon,0,1,0,Tier 2,1,1,Cash,Pending,None,0,0,1,1,1,84.25,79.78,-5.11,1
RX00000215,2025-01-31,09:14:59,2025-08-09,7,60,Metformin,Azithromycin,71029-717-48,500mg,Cream,16,44,135.54,1731.28,3115.73,31.3,Schedule III,PH0029,Pharmacist_98,RPH138855,NY,7,PHM0007,HealthPlus Pharmacy,Independent,1909 Maple St,Phoenix,IL,21916,(374) 640-9855,PHL63032,8314839086,FX9990249,DOC0020,Dr. Brown I,8191770328,AE4588544,MD586129,Psychiatry,1063 Medical Blvd,Phoenix,IL,45289,(519) 667-5240,2,PAT004188,47,F,96160,IL,UnitedHealth,INS83997,GRP2794,699667,PCN1532,49.07,2788.7,283.63,I10,Arthritis,Antibiotic,Pain,00,206,6,Phone,Fax,2.16,30.44,374,641,206,0,0,143.83,2,3,4,Friday,Evening,1,1,1,Tier 1,0,0,Cash,Reversed,76,1,1,0,0,0,90.23,16.82,99.57,1
RX00000216,2025-05-11,08:03:01,2025-12-02,8,90,Simvastatin,Amlodipine,48232-861-61,100mg,Capsule,161,38,306.29,26.76,2347.31,39.57,Schedule V,PH0024,Pharmacist_32,RPH364369,CA,26,PHM0001,QuickMeds,Independent,9596 Main St,Houston,IL,92283,(355) 440-3275,PHL99851,3123741586,FO9924347,DOC0016,Dr. Miller S,8416359231,AX1750435,MD507062,Cardiology,8976 Clinic Blvd,Chicago,IL,20774,(760) 635-8864,17,PAT003183,49,M,16640,CA,Self-Pay,INS87265,GRP9438,390801,PCN4590,24.9,534.33,48.39,M25.551,Diabetes,Antidiabetic,Pain,00,267,26,Written,Phone,1.71,4.71,310,569,107,1,1,181.8,2,8,2,Sunday,Evening,0,0,0,Tier 3,0,0,Credit Card,Rejected,76,0,1,1,1,0,80.78,44.65,-24.99,1
RX00000217,2024-10-04,15:09:45,2025-10-27,1,30,Albuterol,Atorvastatin,44995-759-12,20mg,Cream,33,139,76.53,697.49,1005.1,25.1,Schedule III,PH0001,Pharmacist_39,RPH510079,NY,3,PHM0034,City Pharmacy,Walgreens,8305 Main St,Houston,TX,52567,(339) 678-4725,PHL56990,6122407316,FJ3680486,DOC0326,Dr. Johnson L,9571662836,AA1141285,MD408972,Neurology,2712 Medical Blvd,Phoenix,NY,82307,(918) 539-2756,36,PAT000952,71,M,92358,NY,Kaiser Permanente,INS55344,GRP1293,400799,PCN7513,11.44,142.68,232.32,J44.9,Diabetes,Cardiovascular,Chronic Disease,03,209,-29,Written,Electronic,70.43,6.48,125,535,145,0,1,165.81,0,0,1,Saturday,Afternoon,0,0,1,Tier 1,1,0,Cash,Paid,76,1,0,1,1,1,58.2,75.14,-55.12,0
RX00000218,2025-11-03,12:41:11,2025-07-26,7,60,Amlodipine,Azithromycin,49301-492-13,10mg,Cream,32,95,118.68,1836.1,3237.71,40.93,Schedule II,PH0188,Pharmacist_80,RPH615708,OH,10,PHM0017,Prime Pharmacy,CVS,5829 Park St,Houston,CA,74378,(619) 747-3770,PHL31388,9333100929,FY2703840,DOC0477,Dr. Garcia V,5091875722,AM8601139,MD103977,General Practice,6522 Health Blvd,Houston,TX,62453,(356) 333-5522,5,PAT003621,70,Other,67933,IL,Humana,INS91729,GRP5807,596296,PCN8652,82.99,2980.76,289.09,J45.909,Diabetes,Antibiotic,Pain,00,211,29,Written,Phone,25.93,25.08,248,309,467,0,0,45.46,1,5,4,Sunday,Afternoon,1,0,1,Non-Formulary,1,4,Cash,Paid,75,0,1,1,1,1,97.36,16.36,-48.64,0
RX00000219,2025-09-21,09:06:42,2023-12-24,9,60,Morphine,Omeprazole,81657-663-20,250mg,Capsule,128,73,1.76,3346.76,1054.59,15.14,Schedule V,PH0074,Pharmacist_129,RPH627108,OH,12,PHM0047,Family Pharmacy,Independent,8754 Park St,Chicago,IL,65020,(749) 223-7638,PHL63104,4324869428,FL2649864,DOC0029,Dr. Miller D,5264744929,AF2528539,MD268818,Oncology,5195 Hospital Blvd,Chicago,CA,34443,(453) 230-2940,26,PAT000418,57,Other,79191,FL,BlueCross BlueShield,INS41420,GRP9137,249188,PCN2646,71.35,2888.37,252.62,E11.9,Hypertension,Analgesic,Infection,00,357,-18,Written,Fax,80.12,27.58,304,638,337,0,0,110.7,0,4,0,Monday,Afternoon,1,1,0,Tier 2,0,3,Insurance,Reversed,88,1,0,0,1,0,69.1,76.06,87.98,0
RX00000220,2025-03-04,18:29:52,2024-07-02,5,60,Amoxicillin,Azithromycin,25791-178-36,100mg,Syrup,67,96,265.29,3533.78,106.74,46.52,Schedule V,PH0136,Pharmacist_174,RPH977784,FL,34,PHM0048,TrustedMeds,Independent,7827 Oak St,Houston,IL,17371,(932) 432-8666,PHL24673,9355830578,FD8159710,DOC0336,Dr. Smith R,7938817989,AE3177321,MD312653,Endocrinology,9735 Health Blvd,Chicago,FL,74279,(993) 323-9773,13,PAT003975,61,M,15284,FL,Anthem,INS83355,GRP2737,107312,PCN3982,79.83,2461.63,336.87,N18.3,Asthma,Antibiotic,Chronic Disease,03,256,-28,Written,Paper,25.91,32.6,343,889,26,1,0,95.46,1,3,6,Tuesday,Afternoon,0,1,0,Non-Formulary,1,4,Credit Card,Reversed,76,1,1,0,1,1,72.18,68.22,-28.7,0
RX00000221,2024-01-07,10:05:20,2025-10-25,11,30,Clopidogrel,Hydrochlorothiazide,29030-497-19,10mg,Injection,12,65,99.21,241.64,4234.87,41.6,Schedule V,PH0197,Pharmacist_67,RPH919745,NY,19,PHM0014,MediCare Drug Store,Independent,8917 Oak St,Phoenix,NY,47821,(754) 499-9247,PHL18645,1946570644,FA6057118,DOC0374,Dr. Smith X,5361411616,AH1786024,MD254518,Neurology,6134 Medical Blvd,Houston,FL,57805,(981) 931-7359,19,PAT003312,49,M,97522,OH,Self-Pay,INS53253,GRP4812,424909,PCN2486,9.35,1466.33,410.09,I25.10,Depression,Antidiabetic,Acute Condition,02,79,1,Fax,Electronic,98.26,16.07,127,566,125,1,1,182.88,5,1,2,Friday,Morning,1,1,1,Tier 1,0,1,Check,Pending,88,1,0,1,1,1,57.81,15.48,70.82,0
RX00000222,2025-12-01,10:18:50,2025-02-24,6,90,Sertraline,Morphine,46724-532-69,100mg,Capsule,19,101,32.8,517.71,2075.81,7.75,Schedule V,PH0119,Pharmacist_32,RPH479221,FL,17,PHM0049,Community Health Pharmacy,Rite Aid,8809 Oak St,Houston,PA,18021,(421) 300-8973,PHL51687,7194633463,FC6061922,DOC0411,Dr. Jones K,8325830467,AV4037815,MD501942,Cardiology,2754 Hospital Blvd,Chicago,TX,61698,(901) 740-7599,10,PAT003694,41,Other,77658,OH,Humana,INS15989,GRP8351,536857,PCN8022,25.07,46.29,326.35,K21.9,Diabetes,Analgesic,Acute Condition,00,361,-17,Electronic,Paper,16.16,36.36,496,943,415,1,1,133.59,3,2,5,Friday,Afternoon,0,1,1,Tier 1,1,0,Credit Card,Reversed,88,0,0,0,1,1,59.86,77.74,-48.06,0
RX00000223,2025-05-30,17:26:47,2025-09-26,5,90,Montelukast,Clopidogrel,43734-895-11,50mg,Capsule,177,92,206.04,298.29,2134.24,31.79,Schedule IV,PH0128,Pharmacist_182,RPH455468,TX,17,PHM0011,Community Health Pharmacy,Rite Aid,1361 Park St,Philadelphia,OH,13620,(447) 739-5254,PHL29288,4629583299,FP4524186,DOC0034,Dr. Miller M,5854334880,AX4460167,MD289018,Cardiology,2984 Hospital Blvd,Los Angeles,FL,23538,(308) 979-2228,30,PAT003040,80,F,89527,CA,Medicare,INS23973,GRP7929,272366,PCN1937,77.94,709.27,441.52,E78.5,Hypertension,Antibiotic,Chronic Disease,04,206,6,Phone,Electronic,60.44,18.8,482,107,268,1,0,-13.8,1,9,2,Tuesday,Morning,0,1,0,Tier 1,1,1,Debit Card,Pending,79,0,0,1,0,0,94.36,45.06,76.71,0
RX00000224,2025-11-10,13:43:00,2025-11-17,4,90,Omeprazole,Omeprazole,34215-523-68,20mg,Syrup,81,106,289.0,4265.53,3884.3,24.83,Schedule V,PH0072,Pharmacist_114,RPH554275,NY,1,PHM0035,QuickMeds,CVS,9321 Main St,Philadelphia,FL,52611,(466) 262-3560,PHL55848,2396079090,FW4673938,DOC0492,Dr. Garcia T,1965793553,AO3650861,MD894936,Internal Medicine,3052 Medical Blvd,Los Angeles,IL,25449,(596) 427-6702,4,PAT002446,90,F,17798,NY,Anthem,INS65021,GRP8414,514326,PCN6425,82.41,2041.28,83.1,J45.909,Depression,Antibiotic,Infection,04,250,-14,Electronic,Electronic,40.07,22.69,1,518,412,1,1,-1.5,0,6,7,Wednesday,Night,0,0,0,Tier 1,0,4,Cash,Paid,75,0,0,1,1,0,99.78,61.97,-44.1,0
RX00000225,2025-06-06,11:13:11,2025-12-14,2,30,Sertraline,Metformin,15339-257-57,500mg,Syrup,98,25,57.2,4424.83,1021.96,20.19,Schedule III,PH0184,Pharmacist_175,RPH135012,NY,26,PHM0038,HealthPlus Pharmacy,Independent,9183 Park St,Chicago,PA,37282,(838) 398-5023,PHL35263,4758727885,FJ5132056,DOC0488,Dr. Brown F,7837998103,AE1121508,MD951281,General Practice,536 Clinic Blvd,Phoenix,IL,94555,(436) 325-3069,18,PAT002214,29,M,85993,CA,Medicare,INS53691,GRP7435,428263,PCN3193,95.14,530.57,121.36,M79.7,Arthritis,Analgesic,Pain,03,235,-11,Electronic,Phone,89.89,8.09,465,16,299,1,0,37.12,4,4,1,Friday,Afternoon,1,1,0,Tier 2,0,3,Debit Card,Paid,75,0,1,1,0,1,22.52,12.81,-15.29,0
RX00000226,2025-04-07,14:06:57,2025-07-28,11,30,Ciprofloxacin,Clopidogrel,25789-559-39,10mg,Tablet,156,161,79.59,3711.72,2401.04,17.09,Schedule II,PH0070,Pharmacist_16,RPH300332,NY,7,PHM0005,Central Drug Store,Walgreens,3872 Maple St,Chicago,CA,51654,(296) 477-4438,PHL28294,3748123067,FJ4988997,DOC0263,Dr. Garcia B,7191696152,AS8734220,MD768688,Orthopedics,4375 Health Blvd,Phoenix,NY,59068,(909) 959-5117,9,PAT001257,29,Other,81467,NY,Humana,INS92350,GRP6264,834435,PCN9842,79.12,2658.15,367.98,E11.9,Depression,Psychotherapeutic,Acute Condition,03,21,-3,Fax,Fax,50.92,41.49,102,985,77,0,0,179.45,1,9,8,Thursday,Evening,0,1,0,Tier 2,1,3,Check,Pending,79,1,0,1,1,0,66.78,82.95,8.3,0
RX00000227,2025-06-27,08:47:32,2025-03-23,6,60,Atorvastatin,Prednisone,86611-897-31,50mg,Syrup,65,173,437.51,3688.2,365.29,31.35,Schedule II,PH0143,Pharmacist_41,RPH280998,NY,23,PHM0001,Prime Pharmacy,Independent,8837 Oak St,Chicago,PA,96990,(850) 615-3752,PHL49305,2920804426,FR7898609,DOC0185,Dr. Johnson S,8561199922,AF1213278,MD195042,Orthopedics,2762 Hospital Blvd,Chicago,CA,47679,(783) 787-3867,39,PAT000094,19,Other,95868,FL,Anthem,INS32313,GRP8264,141688,PCN3201,40.99,1.11,459.28,I25.10,Depression,Cardiovascular,Preventive,02,220,-18,Phone,Electronic,47.83,23.91,146,663,223,0,0,51.13,5,3,1,Monday,Morning,0,0,1,Tier 2,0,1,Cash,Pending,79,0,0,0,1,0,71.06,69.48,-16.03,0
RX00000228,2024-11-06,09:59:43,2024-10-18,0,60,Clopidogrel,Atorvastatin,61238-388-37,500mg,Cream,100,12,7.86,1634.57,2086.31,13.99,Schedule IV,PH0024,Pharmacist_114,RPH966294,FL,10,PHM0015,QuickMeds,Independent,3468 Oak St,Houston,CA,11629,(858) 832-5243,PHL47108,4060384519,FN6027633,DOC0017,Dr. Johnson G,4072689124,AM6854678,MD389429,Pediatrics,2005 Hospital Blvd,Houston,NY,70807,(681) 874-7362,34,PAT002966,79,F,14147,FL,Cigna,INS42900,GRP5789,288807,PCN1737,81.88,3960.0,404.43,M79.7,Depression,Antibiotic,Pain,04,281,-2,Written,Electronic,0.28,41.81,254,635,336,0,0,110.0,2,2,0,Tuesday,Evening,0,1,1,Tier 3,1,0,Debit Card,Rejected,75,1,1,1,1,0,84.58,50.1,-22.26,1
RX00000229,2025-05-04,14:53:48,2025-08-02,6,90,Methylprednisolone,Ibuprofen,46814-804-69,20mg,Capsule,142,121,367.1,1338.44,2939.5,49.07,None,PH0153,Pharmacist_87,RPH338169,IL,22,PHM0041,HealthPlus Pharmacy,Walgreens,7992 Maple St,Los Angeles,CA,61224,(943) 485-4841,PHL52111,3591608557,FZ1545282,DOC0019,Dr. Jones Y,6241468593,AR2302794,MD374569,Psychiatry,917 Clinic Blvd,Houston,FL,22302,(500) 427-8464,33,PAT004281,51,F,37823,FL,BlueCross BlueShield,INS61928,GRP7146,186354,PCN9883,75.24,3794.59,481.51,E78.5,Arthritis,Antibiotic,Acute Condition,03,67,13,Fax,Paper,1.54,20.27,474,829,184,0,1,130.41,5,4,1,Friday,Evening,0,0,0,Non-Formulary,1,1,Check,Paid,None,1,1,0,1,1,80.77,2.04,95.26,1
RX00000230,2025-04-11,15:17:58,2024-10-11,9,90,Amlodipine,Omeprazole,13545-505-71,500mg,Injection,180,64,11.62,2028.71,3155.29,44.94,None,PH0141,Pharmacist_35,RPH291927,PA,12,PHM0027,Metro Pharmacy,Rite Aid,7888 Park St,Philadelphia,TX,20653,(829) 216-9386,PHL69260,7472802189,FK4657936,DOC0406,Dr. Jones Y,4549582675,AM8897508,MD887931,Dermatology,9482 Health Blvd,Los Angeles,TX,99094,(373) 913-9438,40,PAT004127,79,F,13154,PA,Kaiser Permanente,INS93582,GRP6286,989360,PCN1358,84.38,2865.6,285.5,J44.9,Hypertension,Antidiabetic,Pain,02,331,24,Fax,Electronic,89.95,27.3,206,700,219,1,0,6.97,3,6,3,Tuesday,Morning,0,1,0,Tier 1,1,1,Check,Rejected,88,0,0,1,0,0,3.33,41.87,-35.43,0
RX00000231,2025-12-14,16:27:52,2025-02-08,9,60,Levothyroxine,Simvastatin,86980-398-30,10mg,Capsule,161,147,343.64,3327.69,4376.28,8.92,Schedule II,PH0084,Pharmacist_78,RPH820463,PA,2,PHM0008,TrustedMeds,Walgreens,5978 Park St,Phoenix,FL,68935,(227) 589-3943,PHL18324,7944662433,FR8368372,DOC0125,Dr. Johnson A,6874932985,AT9900345,MD270295,Pediatrics,3901 Clinic Blvd,Los Angeles,CA,29228,(910) 894-2234,30,PAT004414,32,F,71797,IL,BlueCross BlueShield,INS60641,GRP7175,772025,PCN5441,66.33,3050.1,171.87,J45.909,Asthma,Psychotherapeutic,Pain,00,194,11,Electronic,Paper,9.13,45.07,335,524,411,0,1,134.38,0,3,7,Sunday,Morning,0,1,0,Tier 2,1,2,Insurance,Reversed,None,0,0,0,0,1,23.34,15.93,-69.96,0
RX00000232,2024-06-29,13:48:01,2024-02-13,0,60,Atorvastatin,Rosuvastatin,76537-775-84,50mg,Cream,57,174,323.6,3160.42,404.23,23.85,None,PH0109,Pharmacist_152,RPH818718,CA,25,PHM0008,QuickMeds,CVS,7837 Washington St,Houston,NY,12038,(770) 233-9689,PHL27494,4610658411,FH3014052,DOC0014,Dr. Brown B,4455149413,AN4265153,MD805186,Pediatrics,4697 Clinic Blvd,Los Angeles,TX,87969,(590) 845-4012,17,PAT002737,84,Other,73511,CA,UnitedHealth,INS33415,GRP1179,871526,PCN5837,81.05,4187.01,71.3,J44.9,Depression,Analgesic,Acute Condition,04,9,7,Written,Paper,1.55,47.85,235,373,433,0,0,94.87,1,8,4,Friday,Night,1,0,0,Non-Formulary,1,0,Cash,Pending,75,1,1,0,1,0,96.1,35.19,-55.54,1
RX00000233,2024-12-09,12:43:01,2025-04-16,6,90,Gabapentin,Rosuvastatin,81668-250-25,50mg,Cream,125,137,124.76,1853.5,4226.12,23.0,Schedule II,PH0051,Pharmacist_33,RPH342033,FL,3,PHM0025,Corner Pharmacy,Rite Aid,7695 Park St,Phoenix,IL,63444,(490) 799-2207,PHL26953,8802222979,FV3922248,DOC0151,Dr. Johnson X,2101969620,AT9798556,MD505748,Orthopedics,2816 Health Blvd,Phoenix,IL,26883,(211) 593-7831,26,PAT000596,76,Other,86468,FL,Aetna,INS34791,GRP6648,495266,PCN3528,58.8,3317.57,395.56,N18.3,Asthma,Analgesic,Infection,02,283,17,Fax,Fax,53.33,27.84,238,728,385,1,1,59.9,4,2,5,Sunday,Night,0,1,0,Tier 2,1,4,Cash,Paid,88,1,0,0,1,0,7.92,60.31,49.21,0
RX00000234,2025-10-13,12:19:03,2024-02-21,10,90,Montelukast,Simvastatin,29240-960-88,500mg,Tablet,88,176,330.84,4266.01,3918.86,37.9,Schedule V,PH0019,Pharmacist_56,RPH415117,CA,2,PHM0014,MediCare Drug Store,Independent,9519 Washington St,Chicago,NY,93305,(756) 681-3169,PHL14347,7614877535,FU6489924,DOC0327,Dr. Miller V,6943137103,AF3272177,MD411271,Cardiology,5498 Hospital Blvd,New York,IL,33940,(439) 544-4803,2,PAT004672,80,F,66112,IL,UnitedHealth,INS91577,GRP5276,685838,PCN7564,12.51,4219.62,470.08,M25.551,Asthma,Cardiovascular,Chronic Disease,03,273,-22,Written,Electronic,40.3,23.75,187,252,79,0,1,-42.67,4,6,6,Monday,Night,1,1,0,Tier 3,0,2,Cash,Pending,79,1,0,0,1,0,99.1,96.44,31.33,0
RX00000235,2024-07-31,11:41:10,2025-10-06,7,60,Ibuprofen,Amlodipine,64924-188-83,500mg,Capsule,21,47,347.66,4168.3,3350.23,31.27,None,PH0152,Pharmacist_51,RPH640683,FL,13,PHM0014,Central Drug Store,Rite Aid,760 Oak St,Chicago,PA,34097,(500) 517-5506,PHL68792,3615350412,FY5545511,DOC0337,Dr. Brown N,5405230673,AX9968178,MD536189,Orthopedics,3794 Clinic Blvd,New York,CA,71660,(623) 529-2248,39,PAT000585,78,Other,14471,PA,Medicaid,INS56829,GRP2471,606799,PCN4914,96.1,749.06,269.11,E78.5,Hypertension,Antibiotic,Chronic Disease,03,98,-14,Written,Electronic,1.37,27.96,182,522,435,0,1,74.05,2,8,1,Saturday,Morning,1,1,1,Tier 3,1,2,Cash,Paid,79,0,1,1,0,0,40.47,28.51,17.57,0
RX00000236,2025-03-13,08:48:15,2024-04-11,12,90,Albuterol,Atorvastatin,33358-183-79,10mg,Capsule,160,107,197.13,809.99,4229.27,37.91,Schedule II,PH0132,Pharmacist_96,RPH960637,IL,26,PHM0044,HealthPlus Pharmacy,Walgreens,444 Washington St,Phoenix,IL,11631,(355) 601-6270,PHL30637,2451467626,FM5739304,DOC0431,Dr. Garcia N,6311714868,AX8004884,MD238570,Dermatology,1009 Hospital Blvd,Phoenix,FL,49319,(469) 221-9243,33,PAT000438,73,F,15579,IL,Self-Pay,INS83189,GRP8912,144627,PCN3755,4.1,3057.74,58.74,N18.3,Asthma,Cardiovascular,Preventive,02,113,-25,Written,Paper,89.29,34.07,467,149,367,1,1,-20.69,0,1,5,Friday,Evening,1,0,1,Tier 2,1,1,Cash,Paid,None,1,0,1,1,0,31.15,14.67,-37.29,0
RX00000237,2025-03-10,12:30:46,2024-01-06,12,30,Albuterol,Prednisone,98986-891-27,500mg,Capsule,30,123,375.48,1453.48,3357.81,42.03,Schedule V,PH0087,Pharmacist_187,RPH355727,IL,18,PHM0027,Community Health Pharmacy,Rite Aid,6448 Washington St,Los Angeles,OH,63404,(384) 454-6352,PHL85526,5306890260,FH1228328,DOC0261,Dr. Johnson X,2650845021,AX9969444,MD415838,Cardiology,2225 Clinic Blvd,Houston,IL,68775,(206) 421-7361,34,PAT003288,24,F,16793,FL,Cigna,INS15443,GRP7491,515036,PCN4910,43.4,37.64,22.01,N18.3,Asthma,Cardiovascular,Acute Condition,02,4,9,Written,Electronic,95.2,42.99,301,45,3,0,0,40.84,0,3,0,Tuesday,Evening,0,0,1,Tier 3,0,1,Debit Card,Pending,88,1,1,0,0,0,47.6,96.92,-91.67,0
RX00000238,2024-08-03,12:42:20,2025-04-01,12,60,Azithromycin,Methylprednisolone,27965-144-50,50mg,Cream,164,82,346.9,4629.39,1016.96,9.08,Schedule V,PH0005,Pharmacist_162,RPH688313,CA,25,PHM0023,Family Pharmacy,Walgreens,8773 Oak St,Chicago,OH,47092,(980) 538-7523,PHL63234,2593410040,FD9276594,DOC0294,Dr. Jones P,5519735517,AW7835058,MD498339,Cardiology,3945 Health Blvd,New York,FL,28289,(517) 754-7931,2,PAT003668,19,F,68839,OH,Aetna,INS65259,GRP7653,116814,PCN3147,19.67,3599.0,31.44,G89.29,Depression,Cardiovascular,Pain,02,101,13,Written,Electronic,96.7,22.12,348,744,22,0,1,37.2,3,1,5,Thursday,Morning,1,1,0,Tier 3,0,1,Credit Card,Pending,None,0,0,1,1,1,13.3,56.72,-88.68,0
RX00000239,2024-01-09,15:37:03,2025-01-28,11,60,Lisinopril,Methylprednisolone,20479-876-92,250mg,Cream,146,111,217.65,3720.54,1355.05,37.33,Schedule V,PH0055,Pharmacist_110,RPH446132,FL,8,PHM0036,Prime Pharmacy,CVS,3291 Maple St,Philadelphia,IL,74867,(470) 842-8536,PHL61902,5324669454,FV8863605,DOC0156,Dr. Smith Y,4139778173,AR5451988,MD356230,Cardiology,1742 Hospital Blvd,Los Angeles,CA,89098,(568) 642-9009,16,PAT001778,42,M,89128,PA,Medicare,INS37879,GRP3183,320550,PCN7633,28.91,179.63,434.29,I25.10,Diabetes,Antibiotic,Infection,01,202,29,Fax,Fax,9.8,30.9,304,669,381,0,1,152.91,1,7,7,Tuesday,Afternoon,0,1,0,Tier 1,0,1,Cash,Paid,88,0,1,0,0,1,36.54,61.68,-54.41,0
RX00000240,2025-10-09,17:37:33,2025-07-21,9,30,Prednisone,Escitalopram,53437-939-51,10mg,Syrup,78,97,63.86,1951.13,4117.2,24.92,Schedule IV,PH0146,Pharmacist_177,RPH738951,IL,5,PHM0013,City Pharmacy,Independent,3723 Main St,New York,CA,61556,(491) 451-4497,PHL98268,1664540814,FY8256078,DOC0285,Dr. Garcia X,4346134380,AE9267193,MD571230,Internal Medicine,7749 Hospital Blvd,Los Angeles,CA,64285,(943) 718-1553,26,PAT003292,56,Other,72671,CA,Medicare,INS10452,GRP4396,685641,PCN6922,5.24,1703.03,17.28,R51,Depression,Analgesic,Preventive,04,155,-22,Electronic,Electronic,96.16,36.42,20,656,150,1,1,73.66,5,0,2,Thursday,Evening,0,1,1,Tier 3,0,3,Debit Card,Reversed,75,1,0,1,0,0,13.83,84.28,-50.98,0
RX00000241,2024-11-02,12:26:46,2025-10-09,4,90,Montelukast,Gabapentin,51295-709-72,500mg,Cream,63,36,261.6,1095.77,2643.9,39.65,Schedule IV,PH0192,Pharmacist_148,RPH979380,IL,18,PHM0039,Corner Pharmacy,Independent,4321 Park St,Philadelphia,IL,66000,(235) 803-6160,PHL51101,3842576217,FE7995191,DOC0433,Dr. Miller N,2273882372,AE3211036,MD881505,Dermatology,9774 Clinic Blvd,Houston,CA,27139,(303) 360-9979,38,PAT004372,27,Other,23674,TX,Self-Pay,INS47790,GRP6561,339052,PCN5120,1.63,3149.11,91.23,M79.7,Arthritis,Analgesic,Infection,01,302,3,Electronic,Fax,63.47,15.08,424,911,339,0,1,148.47,3,7,8,Saturday,Night,0,0,0,Tier 2,1,4,Check,Reversed,None,1,1,0,1,0,98.21,38.44,-84.59,0
RX00000242,2024-05-11,17:34:55,2025-03-18,6,30,Morphine,Prednisone,52541-627-64,500mg,Injection,169,78,283.9,3985.93,871.63,35.52,Schedule II,PH0001,Pharmacist_159,RPH999762,FL,10,PHM0013,Prime Pharmacy,Rite Aid,2055 Main St,Phoenix,CA,85226,(344) 627-2370,PHL60356,2721320190,FA2660213,DOC0378,Dr. Brown K,7470657814,AI6545607,MD623514,General Practice,6630 Clinic Blvd,Chicago,TX,74688,(560) 302-3820,17,PAT003853,73,F,10749,CA,BlueCross BlueShield,INS60648,GRP9581,568095,PCN6530,52.1,3641.83,404.18,M25.551,Diabetes,Antibiotic,Pain,02,36,-4,Fax,Phone,37.07,12.84,55,158,130,0,1,26.49,2,4,1,Sunday,Night,1,0,0,Tier 2,0,4,Debit Card,Reversed,None,0,1,1,0,0,57.55,45.26,91.67,0
RX00000243,2025-05-17,16:41:26,2025-10-19,2,30,Tramadol,Losartan,16358-653-88,500mg,Cream,67,17,491.57,3886.53,1254.51,8.11,Schedule III,PH0172,Pharmacist_149,RPH112704,IL,28,PHM0041,Metro Pharmacy,Independent,7892 Park St,Houston,OH,85478,(698) 338-5468,PHL54123,5252157821,FR5508476,DOC0044,Dr. Smith G,6852230291,AT5534911,MD652208,Cardiology,4995 Clinic Blvd,New York,FL,36823,(562) 971-7187,32,PAT002451,83,M,85109,TX,Medicare,INS93914,GRP4649,700873,PCN5115,67.68,3997.22,292.24,J45.909,Asthma,Cardiovascular,Infection,03,0,-20,Electronic,Phone,93.67,7.44,447,829,318,0,0,-11.53,0,5,8,Friday,Afternoon,1,1,0,Non-Formulary,0,2,Cash,Paid,75,0,1,1,1,1,29.83,53.26,-7.94,0
RX00000244,2024-01-17,16:46:10,2025-05-28,0,90,Rosuvastatin,Morphine,26926-959-87,50mg,Cream,111,141,403.09,1389.5,2569.63,12.16,Schedule II,PH0044,Pharmacist_110,RPH132640,PA,24,PHM0047,Community Health Pharmacy,Independent,6272 Park St,Chicago,NY,70194,(630) 692-5792,PHL77679,1901028161,FO4229107,DOC0079,Dr. Garcia A,6944016043,AF4584224,MD789127,Neurology,6187 Medical Blvd,Phoenix,CA,71438,(753) 712-3450,19,PAT001202,66,F,54549,IL,Humana,INS64305,GRP9990,722560,PCN1383,93.36,4175.33,117.78,M79.7,Diabetes,Analgesic,Acute Condition,00,230,9,Written,Paper,89.95,44.21,117,483,158,0,0,134.45,5,6,5,Sunday,Evening,1,0,1,Non-Formulary,1,4,Credit Card,Pending,None,1,1,1,1,1,6.67,20.25,4.97,0
RX00000245,2025-05-19,15:32:04,2024-12-24,9,30,Losartan,Escitalopram,88974-159-81,250mg,Syrup,104,140,493.79,3812.91,2824.21,12.54,Schedule V,PH0054,Pharmacist_130,RPH376377,IL,33,PHM0029,CarePlus Pharmacy,Rite Aid,3464 Park St,New York,OH,30388,(217) 901-8847,PHL62244,1340477348,FH7696594,DOC0470,Dr. Garcia D,1774840914,AU1467368,MD762736,Oncology,1545 Medical Blvd,Los Angeles,IL,94808,(752) 735-7340,7,PAT004185,35,M,95046,OH,Medicare,INS10923,GRP7582,506872,PCN1600,87.31,211.84,293.07,M54.5,Arthritis,Analgesic,Preventive,04,73,-6,Phone,Paper,68.58,13.82,362,524,278,1,1,160.75,4,7,0,Tuesday,Evening,0,1,1,Tier 3,1,4,Check,Reversed,88,0,0,1,1,1,54.08,1.33,-2.63,0
RX00000246,2025-01-06,18:02:43,2025-01-29,7,90,Ibuprofen,Sertraline,26643-759-21,250mg,Injection,168,164,337.91,3698.36,2327.02,36.99,Schedule III,PH0068,Pharmacist_12,RPH426295,TX,33,PHM0035,QuickMeds,CVS,1814 Main St,Chicago,CA,50444,(694) 252-2677,PHL29973,5020987061,FU6414076,DOC0004,Dr. Miller B,6147312592,AR8448573,MD219360,Oncology,6547 Medical Blvd,New York,IL,93737,(648) 661-8313,35,PAT000438,36,M,93730,TX,Humana,INS56813,GRP7985,637267,PCN5782,26.34,4393.47,287.25,F41.9,Hypertension,Analgesic,Acute Condition,03,152,22,Written,Electronic,1.17,21.66,481,138,436,1,1,98.44,1,7,8,Saturday,Afternoon,0,1,1,Tier 3,1,1,Check,Rejected,79,0,0,1,0,0,96.96,13.67,65.97,1
RX00000247,2025-05-02,11:11:19,2025-09-19,6,90,Sertraline,Metformin,82088-455-90,500mg,Syrup,147,73,291.75,3987.51,112.73,26.0,Schedule II,PH0077,Pharmacist_75,RPH933312,FL,31,PHM0046,Metro Pharmacy,Walgreens,6469 Oak St,Philadelphia,CA,55269,(960) 847-6844,PHL81404,7988390920,FI2927778,DOC0209,Dr. Brown C,2898175619,AK1220250,MD269409,Orthopedics,1360 Medical Blvd,Houston,IL,82327,(273) 861-5696,7,PAT001868,56,F,97509,FL,Anthem,INS17677,GRP5180,956999,PCN4332,69.4,3648.88,143.9,N18.3,Diabetes,Psychotherapeutic,Infection,04,207,-12,Phone,Paper,64.29,38.56,15,832,361,0,1,198.98,5,5,0,Friday,Night,0,0,0,Non-Formulary,1,3,Debit Card,Paid,88,1,1,1,1,0,66.19,0.15,99.48,0
RX00000248,2025-08-11,10:43:44,2025-05-09,4,90,Methylprednisolone,Albuterol,15192-174-36,500mg,Injection,118,151,110.74,2110.67,1614.58,38.32,None,PH0122,Pharmacist_116,RPH744106,CA,21,PHM0010,QuickMeds,Walgreens,4623 Washington St,New York,TX,48504,(227) 831-3690,PHL37694,8981538871,FC8682643,DOC0489,Dr. Williams M,9194650105,AN6153455,MD246918,Psychiatry,960 Medical Blvd,Phoenix,FL,42287,(701) 969-3101,25,PAT001788,26,Other,86618,OH,Kaiser Permanente,INS94259,GRP7248,742085,PCN6486,35.6,3410.7,319.68,M79.7,Arthritis,Antidiabetic,Chronic Disease,00,152,8,Written,Electronic,95.02,10.89,440,992,142,1,0,-41.98,1,5,5,Monday,Afternoon,1,1,1,Non-Formulary,1,1,Cash,Rejected,88,0,1,1,0,0,17.39,6.61,85.03,0
RX00000249,2024-12-19,09:07:16,2024-01-07,12,90,Montelukast,Rosuvastatin,77771-577-85,50mg,Capsule,26,44,437.49,50.31,67.77,19.5,Schedule II,PH0113,Pharmacist_127,RPH782236,FL,28,PHM0007,Express Meds,Independent,3283 Main St,Philadelphia,IL,59017,(714) 252-1979,PHL23094,7596698474,FH2439050,DOC0003,Dr. Williams G,3500947039,AK2545168,MD168076,Pediatrics,3849 Health Blvd,Houston,IL,64074,(374) 846-2702,1,PAT003981,88,M,81931,FL,UnitedHealth,INS15942,GRP7641,761506,PCN9593,32.01,1355.37,165.33,M79.7,Hypertension,Antidiabetic,Preventive,00,73,25,Fax,Paper,2.94,12.3,415,739,451,0,1,79.7,2,2,3,Monday,Night,0,0,0,Tier 2,0,1,Check,Reversed,76,1,0,1,0,0,84.47,28.83,-80.88,1
RX00000250,2025-04-02,13:47:37,2024-05-20,2,30,Lisinopril,Simvastatin,65628-355-36,500mg,Cream,46,42,68.27,691.78,172.93,49.6,Schedule II,PH0151,Pharmacist_34,RPH293136,PA,12,PHM0004,HealthPlus Pharmacy,Walgreens,6289 Oak St,Philadelphia,CA,22531,(879) 956-1759,PHL19899,6187180392,FR6146365,DOC0005,Dr. Johnson H,3473368930,AG4822267,MD772915,Orthopedics,6057 Hospital Blvd,Phoenix,FL,25301,(419) 362-4985,39,PAT002083,60,F,99033,TX,Kaiser Permanente,INS26546,GRP4548,419059,PCN4042,50.06,1342.8,402.08,R51,Arthritis,Antidiabetic,Pain,01,135,7,Fax,Fax,0.28,9.75,90,764,306,0,1,97.26,1,6,7,Saturday,Night,0,1,1,Tier 2,1,1,Credit Card,Reversed,None,1,0,1,1,1,82.27,81.41,12.54,1
RX00000251,2025-10-19,17:58:26,2024-10-20,4,30,Gabapentin,Escitalopram,58427-324-41,100mg,Cream,104,50,144.63,2213.24,4465.97,17.19,Schedule IV,PH0112,Pharmacist_185,RPH433217,PA,15,PHM0022,TrustedMeds,CVS,9294 Park St,Philadelphia,PA,63440,(330) 980-6555,PHL42747,5956804471,FG7513876,DOC0016,Dr. Brown S,5942367242,AD6683361,MD597885,Neurology,2666 Health Blvd,Houston,NY,91958,(760) 429-6308,18,PAT001741,54,F,81896,TX,Medicaid,INS66251,GRP5036,801241,PCN1428,41.3,455.71,365.36,J44.9,Depression,Psychotherapeutic,Acute Condition,04,327,-15,Written,Fax,1.31,4.9,441,230,180,0,0,145.94,3,8,3,Saturday,Night,0,0,0,Tier 1,1,1,Debit Card,Rejected,79,0,1,0,0,0,81.09,27.39,22.71,1
RX00000252,2025-03-14,17:13:07,2025-08-08,1,60,Simvastatin,Omeprazole,87614-886-48,100mg,Injection,57,92,321.4,4193.26,3370.25,49.62,Schedule II,PH0100,Pharmacist_180,RPH410942,TX,26,PHM0014,Metro Pharmacy,CVS,9895 Main St,Houston,NY,86687,(802) 845-5924,PHL11487,6219379792,FS5400067,DOC0304,Dr. Jones V,3868048462,AF7939248,MD836641,Psychiatry,4886 Health Blvd,New York,IL,63739,(662) 888-1419,27,PAT004512,46,M,53075,NY,Self-Pay,INS24540,GRP1538,209973,PCN7383,10.74,1574.57,386.68,E11.9,Hypertension,Antidiabetic,Infection,04,308,-13,Written,Electronic,89.63,9.81,119,279,364,1,0,46.65,3,10,6,Sunday,Night,0,1,0,Tier 3,0,4,Check,Pending,None,0,0,1,1,0,1.91,3.77,98.8,0
RX00000253,2024-04-25,18:42:05,2025-11-25,0,60,Azithromycin,Levothyroxine,15066-254-77,250mg,Injection,116,40,202.4,2726.01,153.25,48.42,Schedule V,PH0155,Pharmacist_11,RPH358419,TX,10,PHM0008,MediCare Drug Store,CVS,4324 Park St,Philadelphia,TX,49631,(766) 467-3554,PHL17853,6194891235,FG2253042,DOC0067,Dr. Brown B,8281511215,AS2613437,MD609255,Endocrinology,1733 Hospital Blvd,Phoenix,FL,17701,(281) 531-8873,7,PAT000708,81,M,36644,NY,UnitedHealth,INS86410,GRP6069,988768,PCN1265,99.64,1365.55,231.97,M25.551,Hypertension,Analgesic,Preventive,04,335,-25,Electronic,Electronic,28.36,6.05,431,547,205,1,1,113.61,2,2,7,Saturday,Morning,0,1,1,Tier 3,1,3,Credit Card,Reversed,75,0,0,0,0,1,1.04,30.17,94.13,0
RX00000254,2025-07-18,09:22:18,2025-11-01,1,90,Amlodipine,Metformin,53976-323-52,10mg,Injection,162,179,216.95,3312.83,1751.47,23.29,Schedule III,PH0089,Pharmacist_87,RPH275343,TX,12,PHM0049,MediCare Drug Store,Rite Aid,5209 Main St,New York,NY,92968,(572) 489-8971,PHL18520,9202622469,FN7550273,DOC0215,Dr. Jones J,3567893482,AB1513810,MD487180,Neurology,9780 Clinic Blvd,Houston,FL,55595,(879) 611-4411,24,PAT002983,82,F,29089,OH,Aetna,INS68753,GRP2415,577820,PCN3556,38.97,599.71,326.71,K21.9,Depression,Cardiovascular,Chronic Disease,03,4,0,Written,Electronic,28.7,4.24,440,670,400,1,0,12.38,1,0,6,Friday,Night,0,1,0,Non-Formulary,0,0,Insurance,Reversed,79,0,1,0,1,0,57.76,53.63,-98.46,0
RX00000255,2025-07-08,10:14:09,2024-06-03,2,30,Levothyroxine,Albuterol,30319-390-11,250mg,Syrup,130,93,433.23,2634.78,1613.83,32.27,Schedule V,PH0077,Pharmacist_9,RPH101351,TX,6,PHM0003,Corner Pharmacy,Independent,4490 Washington St,Phoenix,OH,25181,(433) 581-2667,PHL25133,5020143092,FL1498304,DOC0119,Dr. Miller Y,2350417425,AK8432244,MD252692,Orthopedics,8793 Hospital Blvd,New York,FL,47914,(320) 854-6888,32,PAT004560,23,Other,70864,IL,Cigna,INS13828,GRP3091,666702,PCN1281,85.15,106.78,150.05,R51,Depression,Antibiotic,Infection,02,39,9,Electronic,Paper,35.18,39.35,262,780,368,0,1,148.19,2,7,8,Thursday,Night,1,0,0,Tier 2,0,4,Check,Rejected,None,1,0,1,1,0,11.13,67.37,-54.53,0
RX00000256,2024-09-21,12:59:58,2025-04-19,11,60,Ciprofloxacin,Methylprednisolone,11801-426-52,250mg,Syrup,98,136,392.23,2965.86,1380.74,39.57,Schedule V,PH0195,Pharmacist_72,RPH295635,IL,1,PHM0027,MediCare Drug Store,Independent,7143 Park St,Philadelphia,CA,49064,(567) 356-9516,PHL89657,2843188735,FM2118664,DOC0416,Dr. Garcia B,6963593440,AN8712448,MD352279,Dermatology,7511 Clinic Blvd,Chicago,FL,15666,(284) 608-6215,10,PAT003639,71,M,39185,FL,Medicaid,INS19058,GRP5896,716296,PCN1959,14.0,989.78,10.25,F41.9,Diabetes,Antidiabetic,Acute Condition,04,314,-20,Fax,Phone,22.27,13.54,236,793,341,1,0,115.16,2,0,8,Wednesday,Afternoon,0,0,1,Tier 2,0,2,Check,Paid,None,1,0,1,0,1,14.59,11.06,-33.8,0
RX00000257,2024-05-01,08:24:11,2024-07-28,9,60,Amoxicillin,Levothyroxine,46379-268-57,100mg,Tablet,71,64,111.2,730.55,3577.75,35.4,Schedule III,PH0092,Pharmacist_47,RPH333036,OH,6,PHM0021,HealthPlus Pharmacy,Independent,2382 Park St,Houston,NY,16041,(486) 220-3290,PHL89311,7163636069,FF2520785,DOC0013,Dr. Brown F,5721065724,AJ3633591,MD729395,Orthopedics,2246 Medical Blvd,Chicago,CA,63381,(675) 754-3897,8,PAT002943,48,Other,33080,FL,Anthem,INS89183,GRP4439,597904,PCN1081,39.62,4437.91,409.7,F33.1,Hypertension,Analgesic,Pain,01,300,-20,Written,Phone,1.65,26.63,481,842,267,1,0,92.27,1,2,0,Thursday,Morning,0,0,0,Tier 2,0,2,Check,Rejected,79,1,0,0,0,0,86.04,64.61,-63.24,1
RX00000258,2024-01-27,12:44:31,2025-10-16,8,90,Sertraline,Sertraline,88604-416-10,500mg,Injection,158,169,406.04,721.71,7.11,40.73,Schedule III,PH0187,Pharmacist_56,RPH243357,PA,15,PHM0006,Family Pharmacy,Rite Aid,7779 Washington St,Phoenix,OH,19891,(491) 539-7174,PHL47961,6347504201,FA2984236,DOC0195,Dr. Jones J,2515022943,AV2751710,MD184179,Internal Medicine,8274 Health Blvd,Houston,FL,54562,(259) 552-3896,31,PAT003425,26,M,13473,OH,Self-Pay,INS30987,GRP2417,961265,PCN6261,47.68,247.25,331.09,F33.1,Asthma,Cardiovascular,Infection,01,125,-26,Written,Fax,18.5,23.98,281,697,50,1,0,35.13,3,10,7,Saturday,Night,0,1,0,Tier 2,0,1,Debit Card,Paid,88,1,0,0,0,1,37.68,81.87,3.36,0
RX00000259,2025-07-18,17:19:12,2025-11-28,0,30,Oxycodone,Amlodipine,69448-950-53,20mg,Cream,147,154,453.98,751.03,1098.59,36.38,Schedule II,PH0037,Pharmacist_67,RPH558598,TX,33,PHM0025,Express Meds,Rite Aid,3519 Oak St,Houston,OH,80172,(930) 464-2692,PHL74341,8228478353,FN6746171,DOC0017,Dr. Jones C,3249673376,AB2581212,MD203139,Pediatrics,596 Health Blvd,Chicago,NY,66094,(602) 499-4014,28,PAT003647,46,F,18337,OH,Aetna,INS73943,GRP3999,393234,PCN6176,94.31,992.73,403.9,M54.5,Arthritis,Antibiotic,Acute Condition,02,197,9,Fax,Fax,2.54,13.08,226,524,312,1,1,62.47,1,2,4,Sunday,Evening,1,0,0,Tier 3,1,1,Credit Card,Paid,79,0,1,1,1,1,76.62,85.87,-71.4,1
RX00000260,2024-08-03,10:38:14,2025-01-27,11,30,Ciprofloxacin,Montelukast,86586-896-37,50mg,Syrup,45,28,65.93,560.13,1969.7,40.22,Schedule III,PH0002,Pharmacist_48,RPH254501,OH,13,PHM0019,Family Pharmacy,Rite Aid,7660 Park St,Philadelphia,OH,97573,(947) 915-1102,PHL47601,9206427606,FP8778606,DOC0464,Dr. Miller E,2604515224,AQ5887315,MD832026,Cardiology,7619 Medical Blvd,Los Angeles,NY,95161,(825) 742-3194,6,PAT002398,75,Other,99212,OH,Aetna,INS41852,GRP4163,566309,PCN3556,69.34,4169.09,349.36,F41.9,Depression,Cardiovascular,Acute Condition,03,204,19,Fax,Electronic,44.79,19.83,209,646,392,0,0,54.47,4,6,3,Monday,Morning,0,0,0,Tier 1,0,4,Credit Card,Pending,75,1,1,0,0,0,12.64,42.29,-9.73,0
RX00000261,2024-10-31,15:46:47,2024-03-07,1,90,Omeprazole,Simvastatin,11143-972-52,500mg,Syrup,165,83,445.38,4384.77,2699.28,6.08,Schedule III,PH0108,Pharmacist_72,RPH695863,PA,4,PHM0008,TrustedMeds,CVS,2485 Maple St,Phoenix,TX,22265,(777) 420-7130,PHL16542,4756463034,FC2816657,DOC0032,Dr. Williams J,2681498779,AP6787814,MD925316,General Practice,1083 Medical Blvd,Los Angeles,IL,76790,(790) 854-1585,19,PAT002092,26,M,46942,CA,Humana,INS41718,GRP2046,465503,PCN7646,38.5,2290.37,37.92,M54.5,Depression,Analgesic,Preventive,00,140,2,Phone,Fax,97.73,15.58,164,361,260,0,0,85.06,0,9,0,Monday,Night,1,1,1,Non-Formulary,0,3,Debit Card,Pending,None,0,0,0,1,0,16.64,40.48,21.26,0
RX00000262,2024-12-11,16:59:24,2024-10-12,12,90,Clopidogrel,Lisinopril,21165-682-83,100mg,Injection,122,101,289.78,3566.91,912.83,13.96,Schedule IV,PH0017,Pharmacist_122,RPH143709,PA,21,PHM0002,Prime Pharmacy,Walgreens,8886 Oak St,Chicago,NY,43499,(565) 859-9832,PHL18778,7820676300,FN6488650,DOC0351,Dr. Brown W,2587495160,AL5016724,MD359485,Endocrinology,9820 Hospital Blvd,Chicago,NY,60842,(609) 875-3326,7,PAT003835,79,F,83342,CA,UnitedHealth,INS99301,GRP6410,665629,PCN5385,92.9,1924.91,242.44,M25.551,Diabetes,Cardiovascular,Infection,00,77,20,Electronic,Paper,10.37,7.96,423,474,104,0,1,-26.65,3,6,8,Sunday,Afternoon,1,1,0,Tier 3,0,1,Credit Card,Rejected,88,1,1,1,0,0,48.37,0.44,8.87,0
RX00000263,2025-12-12,18:29:48,2025-05-05,8,90,Levothyroxine,Escitalopram,72274-580-68,500mg,Tablet,40,138,146.6,1602.01,3121.36,26.63,Schedule V,PH0100,Pharmacist_51,RPH101149,OH,4,PHM0001,HealthPlus Pharmacy,Rite Aid,1458 Oak St,New York,CA,28554,(933) 485-3307,PHL35357,6541656257,FG1869547,DOC0489,Dr. Williams X,8123833948,AW8500007,MD592464,Neurology,7099 Medical Blvd,Phoenix,IL,92692,(686) 310-7163,24,PAT004997,73,F,62266,FL,Medicare,INS63309,GRP5849,142668,PCN7187,52.4,1055.38,143.79,F41.9,Hypertension,Cardiovascular,Preventive,02,77,-20,Electronic,Paper,92.39,49.32,195,699,274,1,0,-18.73,3,9,3,Saturday,Afternoon,0,0,0,Tier 3,0,4,Insurance,Reversed,None,1,1,1,0,1,91.61,5.01,-77.2,0
RX00000264,2024-01-02,09:02:04,2024-11-09,11,30,Clopidogrel,Amoxicillin,14027-616-14,20mg,Injection,99,153,286.12,1052.59,1181.14,26.09,Schedule III,PH0154,Pharmacist_117,RPH683328,OH,14,PHM0015,Main Street Pharmacy,Walgreens,4835 Park St,Phoenix,PA,37134,(566) 703-2462,PHL88659,1802690946,FJ7759870,DOC0348,Dr. Brown S,6377939469,AH9478488,MD533237,Psychiatry,4747 Hospital Blvd,Los Angeles,CA,37219,(293) 706-3272,27,PAT003468,64,M,77953,NY,Humana,INS61491,GRP9826,449251,PCN5323,85.83,2665.1,83.22,N18.3,Arthritis,Analgesic,Chronic Disease,00,20,21,Written,Paper,94.47,1.14,201,681,58,0,0,-40.71,2,10,6,Sunday,Morning,1,0,0,Tier 3,1,1,Cash,Reversed,None,1,0,0,0,0,8.26,32.03,-15.84,0
RX00000265,2025-12-07,09:58:03,2025-10-23,11,30,Methylprednisolone,Ibuprofen,78986-940-86,250mg,Capsule,26,151,221.96,578.65,20.96,47.32,Schedule V,PH0012,Pharmacist_45,RPH652313,PA,15,PHM0022,Family Pharmacy,Walgreens,1156 Maple St,Phoenix,IL,33555,(839) 899-1828,PHL91479,4176536718,FB5404222,DOC0132,Dr. Garcia H,8015215852,AN8125242,MD192820,Dermatology,6940 Health Blvd,Los Angeles,IL,94239,(225) 724-2349,9,PAT001124,72,Other,18752,TX,Self-Pay,INS49727,GRP8518,831284,PCN5201,76.91,3810.62,435.91,I25.10,Diabetes,Cardiovascular,Pain,00,178,13,Phone,Paper,83.28,0.52,314,444,306,1,0,0.19,4,7,8,Wednesday,Afternoon,0,0,1,Tier 2,1,4,Cash,Reversed,79,1,0,0,1,1,71.28,42.71,38.02,0
RX00000266,2025-05-13,14:59:15,2024-10-04,8,90,Prednisone,Prednisone,56862-125-21,500mg,Injection,173,51,230.22,2013.58,2666.6,13.28,Schedule IV,PH0112,Pharmacist_114,RPH639726,OH,33,PHM0001,TrustedMeds,Independent,3290 Washington St,Philadelphia,FL,21223,(604) 532-3769,PHL34544,5297869651,FJ5057359,DOC0016,Dr. Miller K,1456007305,AK6727714,MD752724,Internal Medicine,7968 Health Blvd,Los Angeles,FL,52299,(817) 707-7228,19,PAT000205,88,M,83012,TX,Medicaid,INS13229,GRP6195,130750,PCN2186,91.85,4235.36,145.45,F33.1,Arthritis,Cardiovascular,Acute Condition,02,247,5,Phone,Electronic,0.71,47.67,72,605,303,1,1,129.62,2,1,8,Friday,Night,0,0,1,Non-Formulary,0,0,Credit Card,Paid,None,0,1,1,0,1,96.09,56.12,77.8,1
RX00000267,2025-06-03,08:07:06,2025-07-20,5,90,Amoxicillin,Metformin,94377-619-60,500mg,Tablet,136,80,85.87,3773.63,108.19,34.77,Schedule V,PH0089,Pharmacist_39,RPH289958,NY,15,PHM0013,HealthPlus Pharmacy,Rite Aid,3554 Main St,Philadelphia,IL,12054,(593) 372-1685,PHL11787,1839947796,FE5390248,DOC0258,Dr. Miller F,9180617906,AU8104723,MD245639,Pediatrics,9507 Health Blvd,Chicago,NY,71547,(952) 850-5723,2,PAT002676,81,Other,22061,OH,Humana,INS49986,GRP7406,795567,PCN7020,90.13,3052.3,454.16,F41.9,Hypertension,Antidiabetic,Preventive,03,106,-7,Electronic,Phone,1.76,46.99,113,261,320,1,0,-14.68,2,6,6,Friday,Night,1,0,1,Tier 2,1,4,Cash,Pending,88,1,0,1,1,0,23.29,43.42,-21.67,0
RX00000268,2024-12-12,16:30:00,2024-07-18,9,60,Amlodipine,Levothyroxine,95255-518-88,250mg,Capsule,178,176,126.29,1226.84,4389.41,24.38,Schedule V,PH0177,Pharmacist_87,RPH661587,CA,23,PHM0002,QuickMeds,Walgreens,5328 Main St,Chicago,PA,14178,(810) 379-9716,PHL45276,7016789764,FF1137414,DOC0011,Dr. Smith O,6141392529,AF4290868,MD694694,Cardiology,7758 Health Blvd,Los Angeles,FL,28596,(804) 522-5417,23,PAT000040,48,Other,13745,CA,Anthem,INS28049,GRP6489,686253,PCN6753,10.99,173.03,66.33,N18.3,Hypertension,Antibiotic,Chronic Disease,00,336,-19,Written,Phone,3.35,10.56,117,906,178,0,0,119.11,3,9,4,Sunday,Afternoon,0,1,1,Tier 2,0,0,Insurance,Rejected,75,1,0,1,0,1,70.88,35.8,76.98,1
RX00000269,2024-02-06,13:07:44,2025-10-29,8,60,Escitalopram,Amlodipine,79275-297-80,500mg,Syrup,99,84,171.44,410.43,2845.48,24.41,None,PH0155,Pharmacist_161,RPH184747,IL,15,PHM0021,Corner Pharmacy,Independent,1384 Washington St,Philadelphia,TX,55091,(566) 520-4603,PHL69474,4000196273,FY8010846,DOC0097,Dr. Johnson P,4630110926,AN8644161,MD309501,Dermatology,7346 Clinic Blvd,Houston,CA,28402,(288) 883-6201,31,PAT003069,72,Other,31860,OH,Anthem,INS43728,GRP2663,282242,PCN7951,2.87,1158.92,59.26,F33.1,Arthritis,Antidiabetic,Infection,00,301,9,Written,Fax,38.09,28.59,43,618,222,1,0,-4.21,0,3,5,Monday,Night,1,0,1,Tier 3,0,2,Check,Rejected,75,1,1,0,0,0,84.05,95.23,-56.94,0
RX00000270,2024-07-24,13:54:59,2025-09-19,10,60,Azithromycin,Atorvastatin,17495-248-57,250mg,Capsule,112,86,183.45,4296.51,655.66,12.91,Schedule II,PH0028,Pharmacist_64,RPH367755,NY,31,PHM0024,TrustedMeds,Walgreens,7334 Washington St,Houston,NY,89479,(824) 265-2805,PHL53415,9694228701,FJ5341285,DOC0444,Dr. Johnson C,4037606871,AU6018981,MD360813,Psychiatry,6203 Hospital Blvd,New York,CA,99872,(868) 360-8926,31,PAT000973,31,F,12070,FL,Aetna,INS99564,GRP2879,805845,PCN8662,60.5,1754.22,391.13,E78.5,Hypertension,Antidiabetic,Infection,01,260,-23,Fax,Paper,53.11,34.3,43,762,271,0,1,-40.38,1,9,2,Tuesday,Morning,0,1,0,Tier 3,1,1,Debit Card,Reversed,79,0,0,1,0,1,91.98,48.73,-11.59,0
RX00000271,2025-10-29,08:51:11,2025-12-14,2,90,Simvastatin,Oxycodone,78254-349-81,100mg,Cream,166,18,443.58,3726.43,1397.01,20.58,None,PH0044,Pharmacist_153,RPH431568,IL,26,PHM0029,HealthPlus Pharmacy,Rite Aid,873 Oak St,Philadelphia,OH,16229,(478) 208-4370,PHL45801,8257522759,FV6838230,DOC0020,Dr. Williams U,9885460144,AW3452756,MD351756,Psychiatry,8975 Medical Blvd,New York,CA,41927,(762) 880-3165,29,PAT001414,27,M,51100,CA,Cigna,INS42055,GRP5600,493527,PCN1984,10.06,1397.27,74.45,I10,Diabetes,Psychotherapeutic,Preventive,01,185,20,Phone,Paper,0.38,1.67,282,758,291,0,0,91.12,5,6,8,Monday,Night,0,1,0,Tier 2,0,3,Cash,Reversed,88,0,1,1,1,1,95.9,48.21,-90.77,1
RX00000272,2024-08-22,08:29:07,2024-10-02,3,60,Albuterol,Sertraline,13615-913-93,500mg,Cream,165,92,52.55,1091.29,33.86,21.71,None,PH0200,Pharmacist_150,RPH890075,CA,17,PHM0042,HealthPlus Pharmacy,Walgreens,6027 Maple St,Chicago,FL,89365,(683) 345-7478,PHL55104,6748519679,FD4121642,DOC0005,Dr. Brown N,3141111200,AH8368398,MD567819,Neurology,8308 Health Blvd,Los Angeles,FL,41525,(798) 562-7566,7,PAT001102,69,F,67752,IL,Cigna,INS13310,GRP7099,481111,PCN9100,20.75,443.01,272.24,M25.551,Asthma,Antidiabetic,Chronic Disease,00,84,16,Phone,Paper,0.59,34.4,475,735,231,1,1,57.55,0,4,4,Sunday,Night,1,0,1,Non-Formulary,0,1,Insurance,Pending,None,0,1,1,0,1,90.96,17.41,34.19,1
RX00000273,2024-10-15,11:56:59,2024-10-21,4,60,Amoxicillin,Gabapentin,60895-420-58,250mg,Cream,109,161,255.5,2420.35,103.2,21.98,Schedule V,PH0200,Pharmacist_60,RPH103135,CA,18,PHM0035,Corner Pharmacy,CVS,8069 Park St,Philadelphia,NY,62633,(946) 432-2290,PHL55156,5089189426,FY2906140,DOC0172,Dr. Garcia U,6015092267,AB7430736,MD445852,Endocrinology,3754 Clinic Blvd,New York,CA,44632,(251) 586-3378,38,PAT000772,28,Other,69200,NY,Aetna,INS77313,GRP3570,394404,PCN8861,12.41,866.61,43.75,I10,Arthritis,Psychotherapeutic,Acute Condition,00,245,-9,Fax,Phone,39.74,41.65,245,916,116,1,1,82.97,4,9,0,Wednesday,Afternoon,0,0,1,Tier 1,0,2,Check,Reversed,76,1,1,0,0,0,11.27,43.27,-1.5,0
RX00000274,2025-09-15,14:12:53,2025-09-15,2,90,Montelukast,Sertraline,56189-559-32,500mg,Injection,36,117,298.54,3047.92,984.54,46.12,Schedule V,PH0019,Pharmacist_23,RPH701839,OH,14,PHM0034,CarePlus Pharmacy,Independent,9615 Park St,New York,FL,79520,(370) 914-1775,PHL24919,4279679147,FU1217567,DOC0371,Dr. Brown C,7415614391,AG3881328,MD220501,Psychiatry,3734 Hospital Blvd,Houston,CA,41729,(278) 681-9632,22,PAT002194,22,M,50694,PA,Self-Pay,INS17377,GRP4975,599354,PCN3676,60.14,3373.81,185.79,F33.1,Depression,Psychotherapeutic,Infection,02,355,-4,Phone,Electronic,31.41,7.74,436,286,490,0,0,165.39,1,5,5,Monday,Night,1,0,0,Tier 3,0,2,Debit Card,Reversed,75,0,0,0,1,0,86.53,12.15,8.4,0
RX00000275,2024-05-31,12:20:14,2025-09-15,5,60,Omeprazole,Morphine,16910-717-41,10mg,Injection,163,112,260.9,3687.02,3489.39,32.98,Schedule V,PH0110,Pharmacist_179,RPH793739,TX,24,PHM0038,Express Meds,Independent,7715 Oak St,Philadelphia,TX,14208,(775) 967-3880,PHL24104,7274527392,FU4157178,DOC0020,Dr. Williams U,4975976994,AN7718605,MD632909,Neurology,1190 Hospital Blvd,Los Angeles,IL,71665,(396) 639-8419,2,PAT003918,35,M,72760,PA,Cigna,INS48500,GRP1183,840658,PCN3953,30.56,2927.05,323.17,N18.3,Depression,Cardiovascular,Preventive,04,117,21,Written,Fax,4.14,33.72,126,190,283,0,1,158.5,2,4,0,Monday,Morning,1,1,1,Tier 2,1,4,Credit Card,Rejected,None,0,1,0,1,0,77.75,69.77,-38.47,1
RX00000276,2024-02-16,09:21:26,2025-03-15,0,90,Methylprednisolone,Hydrochlorothiazide,23506-416-73,50mg,Capsule,168,148,310.21,334.12,870.38,6.75,Schedule III,PH0163,Pharmacist_35,RPH414658,OH,21,PHM0006,Metro Pharmacy,Independent,1014 Park St,Los Angeles,FL,19973,(883) 998-2156,PHL13560,3761682299,FK7431224,DOC0380,Dr. Williams T,2147476965,AX3943200,MD136944,Orthopedics,4062 Health Blvd,Houston,FL,66725,(797) 879-7937,39,PAT001420,39,Other,55478,NY,Cigna,INS80419,GRP7286,197801,PCN5096,9.29,294.41,411.36,F33.1,Diabetes,Psychotherapeutic,Pain,04,118,20,Electronic,Paper,66.86,14.09,324,880,480,0,1,78.69,0,6,6,Saturday,Afternoon,0,1,1,Tier 2,0,2,Check,Rejected,75,1,0,1,1,0,9.09,93.91,47.52,0
RX00000277,2024-12-15,12:11:18,2025-04-09,11,90,Levothyroxine,Simvastatin,91293-236-80,50mg,Syrup,15,125,134.86,1706.73,3748.72,30.99,Schedule III,PH0042,Pharmacist_195,RPH993978,IL,34,PHM0040,Main Street Pharmacy,Walgreens,4556 Washington St,Philadelphia,OH,11082,(454) 782-7994,PHL89305,7107226324,FK4515318,DOC0483,Dr. Williams T,8996744137,AM6505230,MD146977,Pediatrics,7602 Medical Blvd,Phoenix,IL,36399,(204) 238-6574,18,PAT001118,88,Other,69680,NY,Humana,INS47329,GRP7585,799360,PCN7181,51.63,1951.37,224.99,G89.29,Asthma,Psychotherapeutic,Chronic Disease,03,8,-4,Written,Fax,50.82,35.04,438,658,130,0,1,144.01,4,0,1,Sunday,Evening,1,0,0,Tier 1,0,4,Credit Card,Reversed,None,1,1,1,1,1,73.17,43.21,-34.84,0
RX00000278,2024-11-22,15:42:18,2025-03-28,9,90,Prednisone,Levothyroxine,36792-390-98,20mg,Syrup,166,173,491.7,2881.66,1477.86,44.73,Schedule III,PH0083,Pharmacist_195,RPH117447,PA,22,PHM0027,Corner Pharmacy,Rite Aid,9547 Oak St,Houston,TX,50745,(246) 338-5330,PHL33323,2866736710,FP3815529,DOC0060,Dr. Williams Z,2914278120,AJ1558555,MD985506,Orthopedics,5513 Medical Blvd,Los Angeles,IL,52431,(922) 702-8009,12,PAT003084,56,Other,19351,PA,Anthem,INS42685,GRP9475,778245,PCN5710,57.3,3414.33,203.6,G89.29,Hypertension,Antidiabetic,Infection,02,262,-8,Phone,Electronic,94.37,36.03,44,23,372,0,0,121.56,3,8,6,Friday,Evening,0,0,0,Tier 3,1,1,Debit Card,Reversed,76,1,1,0,0,1,50.52,32.75,-70.66,0
RX00000279,2024-04-20,12:25:32,2024-04-17,6,90,Oxycodone,Tramadol,42060-338-23,250mg,Tablet,48,60,111.56,2204.32,1900.45,26.46,None,PH0115,Pharmacist_57,RPH978914,CA,29,PHM0020,Family Pharmacy,Walgreens,5954 Washington St,Houston,FL,32683,(891) 623-3226,PHL60872,6980369649,FR6253981,DOC0403,Dr. Garcia B,7424832732,AZ9318064,MD910951,Oncology,4566 Clinic Blvd,Los Angeles,TX,75855,(929) 542-3266,38,PAT002902,42,F,70253,OH,Humana,INS13604,GRP4932,599330,PCN7378,46.57,2509.08,140.7,F41.9,Diabetes,Cardiovascular,Acute Condition,03,239,-8,Written,Phone,68.03,29.88,180,205,110,1,0,2.82,0,5,7,Sunday,Afternoon,0,0,0,Tier 1,0,4,Credit Card,Paid,79,1,1,1,0,0,25.37,74.49,44.47,0
RX00000280,2025-06-19,11:55:43,2025-08-09,6,60,Ibuprofen,Azithromycin,99592-787-11,10mg,Syrup,129,17,427.81,2857.39,358.67,7.7,Schedule II,PH0079,Pharmacist_150,RPH890064,PA,24,PHM0027,TrustedMeds,Independent,1388 Park St,Philadelphia,OH,88361,(713) 781-7538,PHL51203,5267558698,FC2707959,DOC0289,Dr. Garcia K,3157716066,AX8513206,MD925811,Pediatrics,6682 Health Blvd,New York,TX,50162,(681) 659-7964,6,PAT004184,70,Other,73813,PA,BlueCross BlueShield,INS46787,GRP8562,868687,PCN7743,39.99,2929.04,390.99,K21.9,Asthma,Analgesic,Preventive,00,190,15,Phone,Phone,42.32,20.27,308,601,170,1,0,11.5,4,10,1,Wednesday,Afternoon,0,0,0,Tier 2,0,3,Debit Card,Pending,None,1,1,1,0,1,65.47,17.47,-68.89,0
RX00000281,2025-02-08,15:19:28,2025-04-15,3,90,Methylprednisolone,Metformin,43204-564-74,50mg,Capsule,76,126,149.97,1519.2,581.27,13.46,Schedule V,PH0068,Pharmacist_73,RPH208120,CA,11,PHM0047,HealthPlus Pharmacy,CVS,8366 Washington St,Philadelphia,NY,56838,(284) 750-7656,PHL64213,7429139034,FJ2602426,DOC0012,Dr. Johnson C,5163431856,AL2281022,MD630036,Dermatology,241 Hospital Blvd,Chicago,IL,59006,(400) 473-7855,21,PAT004379,28,F,37530,IL,Medicaid,INS80512,GRP6974,768672,PCN3749,69.38,2200.32,301.16,E78.5,Asthma,Psychotherapeutic,Pain,04,267,-11,Written,Paper,2.71,48.56,284,385,210,1,1,106.41,4,1,6,Thursday,Evening,0,0,0,Tier 1,0,2,Check,Paid,88,0,0,0,0,1,96.27,86.61,-62.18,1
RX00000282,2024-12-07,17:29:47,2025-04-17,12,30,Methylprednisolone,Oxycodone,23317-277-18,250mg,Syrup,49,130,452.35,1483.01,4455.71,18.31,Schedule IV,PH0023,Pharmacist_51,RPH361576,CA,22,PHM0042,QuickMeds,Walgreens,6038 Oak St,New York,CA,52038,(428) 239-4109,PHL17718,8767308158,FJ1172180,DOC0020,Dr. Brown O,3288461325,AV2674504,MD149757,Endocrinology,6772 Clinic Blvd,Phoenix,IL,49725,(879) 986-6125,21,PAT003741,70,Other,66643,NY,Humana,INS52668,GRP5973,225492,PCN4010,59.76,442.26,203.3,R51,Asthma,Antibiotic,Chronic Disease,01,28,-4,Electronic,Electronic,0.6,46.75,470,752,259,0,0,141.24,3,1,6,Saturday,Night,0,0,0,Tier 2,0,2,Cash,Paid,79,0,1,0,0,0,97.44,63.28,-0.16,1
RX00000283,2024-11-25,10:01:33,2025-06-05,10,60,Escitalopram,Methylprednisolone,21318-863-10,10mg,Syrup,155,68,70.01,4000.27,2851.92,47.16,Schedule III,PH0127,Pharmacist_34,RPH896984,NY,30,PHM0004,Wellness Pharmacy,CVS,2687 Oak St,New York,CA,94592,(876) 674-5379,PHL83250,5848235872,FZ4210732,DOC0226,Dr. Jones O,5034158042,AE6866122,MD192665,Pediatrics,5583 Hospital Blvd,New York,TX,98721,(724) 857-1377,10,PAT004228,69,M,59820,CA,Humana,INS82406,GRP1469,281930,PCN3980,26.21,1883.29,179.31,F41.9,Arthritis,Antibiotic,Acute Condition,03,354,8,Electronic,Electronic,83.58,35.93,12,264,332,0,1,92.12,3,6,4,Tuesday,Morning,0,1,1,Tier 3,1,1,Cash,Reversed,88,1,1,1,1,0,78.22,7.41,-22.13,0
RX00000284,2025-09-21,09:51:46,2025-06-05,8,60,Amoxicillin,Gabapentin,73175-950-85,50mg,Injection,30,157,307.89,1079.45,79.96,19.82,Schedule III,PH0134,Pharmacist_151,RPH936385,OH,21,PHM0047,Community Health Pharmacy,CVS,9276 Oak St,Philadelphia,IL,47990,(515) 275-2999,PHL44028,2553434997,FJ8390359,DOC0234,Dr. Johnson R,8453557375,AP4607988,MD770674,Cardiology,9347 Clinic Blvd,Los Angeles,NY,96180,(947) 603-9084,1,PAT004560,50,Other,77773,FL,Medicaid,INS64246,GRP6435,498456,PCN3445,59.3,750.6,387.15,J45.909,Asthma,Analgesic,Infection,04,84,15,Written,Electronic,13.89,26.39,79,252,65,1,0,97.89,0,6,8,Friday,Evening,1,1,1,Non-Formulary,1,3,Check,Paid,88,1,1,1,0,1,88.5,97.36,46.81,0
RX00000285,2025-05-29,09:30:20,2025-01-02,10,90,Losartan,Ciprofloxacin,92379-262-74,500mg,Cream,135,80,268.96,2292.2,1247.57,48.51,None,PH0181,Pharmacist_163,RPH405274,IL,25,PHM0044,Main Street Pharmacy,CVS,7121 Washington St,Chicago,OH,25768,(966) 867-2930,PHL90884,7952773101,FN5314628,DOC0446,Dr. Williams H,7039837116,AZ6340079,MD175436,Oncology,7240 Clinic Blvd,New York,IL,62861,(651) 742-7992,16,PAT000066,24,Other,37072,TX,Medicaid,INS34076,GRP1999,975634,PCN2806,39.6,862.52,18.82,F33.1,Depression,Psychotherapeutic,Acute Condition,01,88,29,Electronic,Paper,8.03,6.4,144,778,243,0,1,39.35,5,9,2,Thursday,Night,1,0,1,Non-Formulary,0,0,Check,Paid,76,0,0,0,1,0,33.47,7.2,70.87,0
RX00000286,2024-08-10,09:59:22,2025-01-20,4,60,Clopidogrel,Amoxicillin,55226-350-84,20mg,Injection,20,167,445.32,2427.93,1206.62,38.65,Schedule IV,PH0163,Pharmacist_180,RPH244479,FL,9,PHM0004,Prime Pharmacy,Walgreens,3478 Washington St,Philadelphia,OH,49179,(839) 787-2031,PHL24035,9510341894,FN8456591,DOC0245,Dr. Garcia U,7448083912,AX1714268,MD279005,Neurology,5955 Clinic Blvd,Los Angeles,IL,42230,(220) 889-9144,30,PAT002787,58,Other,28187,CA,Aetna,INS60630,GRP3988,537030,PCN5256,21.75,2733.03,198.83,J45.909,Asthma,Antibiotic,Chronic Disease,03,1,-2,Written,Fax,88.13,41.52,43,683,123,0,0,49.78,3,7,5,Wednesday,Morning,0,1,1,Tier 1,1,4,Cash,Pending,75,0,1,1,0,0,37.47,51.73,28.82,0
RX00000287,2024-05-03,08:30:01,2024-12-15,5,60,Oxycodone,Ciprofloxacin,44514-764-36,500mg,Syrup,66,120,268.75,3289.64,462.81,43.69,Schedule V,PH0045,Pharmacist_37,RPH861186,CA,18,PHM0050,City Pharmacy,Independent,980 Washington St,Houston,PA,41587,(505) 315-6665,PHL37591,7287028384,FD1854852,DOC0264,Dr. Garcia B,1471543773,AK5232239,MD584802,Internal Medicine,3847 Clinic Blvd,Phoenix,TX,41508,(879) 273-5299,35,PAT003963,35,M,56189,TX,Medicare,INS75599,GRP6517,520783,PCN5170,10.39,1541.74,324.08,N18.3,Arthritis,Antibiotic,Pain,03,273,-9,Electronic,Fax,35.12,10.78,341,322,225,0,0,145.03,1,8,5,Wednesday,Evening,0,1,1,Tier 3,1,2,Check,Paid,79,1,0,0,1,0,44.49,77.67,-17.89,0
RX00000288,2024-04-22,15:40:45,2025-09-13,4,90,Escitalopram,Prednisone,87315-600-98,20mg,Syrup,41,152,174.98,1603.52,1533.51,6.88,Schedule II,PH0128,Pharmacist_73,RPH490975,PA,26,PHM0003,TrustedMeds,Independent,7660 Main St,Los Angeles,IL,60895,(303) 219-2275,PHL70308,3911148194,FV1659573,DOC0010,Dr. Miller D,6940874431,AS5524988,MD702536,Cardiology,8109 Health Blvd,Phoenix,NY,79337,(520) 521-2603,26,PAT001279,32,Other,57862,IL,Cigna,INS97108,GRP7950,566794,PCN7583,67.69,1588.23,98.97,K21.9,Arthritis,Analgesic,Chronic Disease,02,360,3,Fax,Electronic,2.38,24.5,233,132,100,0,0,87.74,2,1,3,Tuesday,Evening,0,0,0,Tier 1,1,1,Insurance,Reversed,76,0,1,1,0,1,79.02,40.52,34.47,1
RX00000289,2025-03-21,16:01:12,2023-12-31,12,90,Amoxicillin,Prednisone,16756-567-96,500mg,Capsule,103,170,218.76,1830.14,3662.85,22.54,None,PH0132,Pharmacist_45,RPH991080,TX,12,PHM0043,TrustedMeds,Rite Aid,3987 Washington St,Phoenix,TX,18953,(344) 718-9570,PHL61162,3505142610,FC3118220,DOC0016,Dr. Garcia E,5109914642,AZ3789161,MD179229,Pediatrics,2826 Clinic Blvd,Los Angeles,FL,20827,(310) 799-9015,35,PAT004650,36,F,91093,OH,Humana,INS61683,GRP6217,573437,PCN5327,62.92,1227.82,457.36,N18.3,Diabetes,Analgesic,Chronic Disease,02,143,-12,Written,Electronic,4.43,26.09,409,792,326,1,0,192.6,1,6,7,Tuesday,Morning,1,0,0,Tier 2,0,4,Cash,Reversed,79,1,0,1,1,0,93.06,26.02,34.15,1
RX00000290,2025-10-20,09:07:11,2024-09-23,2,90,Omeprazole,Simvastatin,11496-300-10,250mg,Injection,111,84,234.62,2419.69,3296.75,5.48,Schedule IV,PH0170,Pharmacist_171,RPH606638,FL,7,PHM0035,Express Meds,CVS,7719 Washington St,Los Angeles,PA,89128,(582) 202-8916,PHL65190,8104759351,FW2101934,DOC0003,Dr. Garcia N,5697874488,AE1701231,MD395634,General Practice,8677 Health Blvd,Phoenix,CA,96084,(506) 305-9208,25,PAT004705,46,M,39646,OH,Aetna,INS60740,GRP5872,786126,PCN6382,79.58,1155.16,214.7,F41.9,Hypertension,Psychotherapeutic,Preventive,00,205,-28,Electronic,Paper,1.07,30.5,11,397,438,1,0,98.55,4,7,0,Tuesday,Evening,0,1,0,Non-Formulary,0,0,Check,Paid,76,0,0,1,0,1,85.67,46.45,-97.85,1
RX00000291,2025-08-01,13:10:25,2025-12-17,2,30,Lisinopril,Clopidogrel,84892-852-13,250mg,Cream,126,103,396.44,2576.85,641.33,42.94,Schedule V,PH0060,Pharmacist_51,RPH910237,TX,35,PHM0015,Express Meds,Independent,4983 Oak St,Philadelphia,OH,91468,(854) 284-1069,PHL63510,6850122398,FH6473926,DOC0004,Dr. Miller C,7356628828,AK5256734,MD495713,Endocrinology,3666 Clinic Blvd,New York,CA,31354,(952) 283-5984,4,PAT000725,37,Other,42052,NY,UnitedHealth,INS84888,GRP6413,485501,PCN9408,95.15,2623.08,241.1,R51,Hypertension,Analgesic,Chronic Disease,04,232,-24,Fax,Fax,1.32,4.16,249,717,226,0,0,185.2,0,5,6,Friday,Night,0,1,0,Tier 2,1,3,Insurance,Pending,None,1,1,0,1,0,72.01,23.91,-22.96,1
RX00000292,2024-09-30,08:00:24,2025-03-09,3,60,Losartan,Azithromycin,86955-918-68,500mg,Capsule,30,173,381.4,3803.92,205.51,15.16,Schedule III,PH0149,Pharmacist_108,RPH884771,OH,29,PHM0022,TrustedMeds,Rite Aid,4425 Maple St,New York,OH,10042,(509) 755-5602,PHL79904,4688454584,FS6091391,DOC0018,Dr. Garcia O,6774319184,AA6719439,MD986178,Pediatrics,2757 Health Blvd,New York,FL,87902,(998) 797-6896,38,PAT002449,79,F,25383,CA,UnitedHealth,INS16714,GRP8931,704116,PCN8744,39.22,3965.01,181.03,J45.909,Depression,Antidiabetic,Chronic Disease,03,76,2,Fax,Paper,2.34,8.4,350,591,491,0,1,179.85,4,5,4,Saturday,Morning,0,0,1,Non-Formulary,1,3,Insurance,Reversed,79,0,1,0,0,0,94.98,93.15,56.36,1
RX00000293,2024-04-19,13:29:02,2024-02-20,3,90,Methylprednisolone,Clopidogrel,28915-485-38,100mg,Injection,160,57,439.73,4041.41,4152.98,8.14,None,PH0015,Pharmacist_113,RPH896172,NY,23,PHM0008,TrustedMeds,CVS,9175 Park St,Houston,NY,34567,(876) 233-7666,PHL80731,6016200419,FG3750850,DOC0340,Dr. Johnson G,4334251023,AB3400778,MD326151,Endocrinology,9756 Hospital Blvd,Chicago,TX,59687,(223) 610-1451,25,PAT004637,51,Other,39696,PA,BlueCross BlueShield,INS62275,GRP6632,786152,PCN3138,19.07,1969.41,439.98,E78.5,Diabetes,Psychotherapeutic,Chronic Disease,00,69,2,Electronic,Paper,44.13,24.17,428,50,441,0,1,64.05,2,4,8,Sunday,Evening,1,1,1,Tier 2,0,0,Check,Paid,76,0,1,1,1,0,44.29,52.94,-98.71,0
RX00000294,2025-11-20,15:35:55,2024-10-12,8,90,Azithromycin,Montelukast,81349-506-13,500mg,Capsule,20,68,361.19,4755.27,763.68,16.21,None,PH0124,Pharmacist_9,RPH197549,IL,21,PHM0036,TrustedMeds,Rite Aid,6894 Oak St,Phoenix,OH,85587,(877) 334-9846,PHL71862,8631023970,FF9713995,DOC0015,Dr. Brown G,4005050402,AI3642502,MD944696,Pediatrics,9396 Clinic Blvd,Houston,NY,85533,(315) 685-7427,20,PAT002462,32,F,11093,NY,Cigna,INS33953,GRP9878,683750,PCN9299,0.66,20.2,162.09,N18.3,Hypertension,Analgesic,Preventive,03,159,-9,Written,Paper,4.86,46.96,76,698,489,0,0,104.77,0,7,5,Wednesday,Evening,1,0,1,Tier 3,1,4,Cash,Paid,None,1,1,1,0,1,99.8,31.95,47.94,1
RX00000295,2025-06-29,08:14:55,2024-11-08,0,60,Albuterol,Morphine,54781-399-79,20mg,Capsule,13,156,483.81,2543.37,2222.88,45.59,Schedule V,PH0056,Pharmacist_102,RPH660892,PA,1,PHM0028,Wellness Pharmacy,Independent,1540 Maple St,Chicago,FL,87911,(357) 434-3204,PHL62603,3084891225,FI9917509,DOC0203,Dr. Williams Q,4022346220,AT8722609,MD107305,Neurology,6079 Medical Blvd,New York,IL,66660,(708) 823-8919,9,PAT000227,34,F,19648,IL,Aetna,INS16058,GRP2952,989596,PCN3535,54.97,3243.92,63.16,M54.5,Diabetes,Psychotherapeutic,Acute Condition,00,137,6,Phone,Fax,57.16,29.32,259,166,207,0,1,13.22,4,10,5,Wednesday,Morning,0,1,0,Non-Formulary,0,2,Check,Rejected,None,1,1,1,1,0,68.09,99.49,92.63,0
RX00000296,2024-11-21,10:22:38,2025-09-30,8,90,Amlodipine,Tramadol,19186-282-48,500mg,Cream,130,125,118.2,4620.78,1956.92,40.52,Schedule IV,PH0044,Pharmacist_193,RPH370409,TX,13,PHM0041,Corner Pharmacy,Walgreens,3336 Maple St,Chicago,IL,70612,(731) 707-3699,PHL89115,6911557560,FP2850822,DOC0174,Dr. Williams M,8951743710,AH9699445,MD809203,Cardiology,2667 Medical Blvd,Los Angeles,TX,79984,(862) 219-5863,9,PAT002401,78,Other,64887,CA,BlueCross BlueShield,INS16532,GRP5703,109944,PCN2078,41.9,1594.51,114.03,K21.9,Diabetes,Antibiotic,Infection,03,195,14,Phone,Paper,23.9,18.36,305,158,415,0,0,53.01,3,9,3,Monday,Morning,1,0,0,Tier 3,0,3,Cash,Paid,None,1,0,0,1,1,46.77,91.14,-48.28,0
RX00000297,2025-10-14,16:17:08,2024-04-04,12,30,Omeprazole,Losartan,90061-640-44,100mg,Syrup,51,50,287.82,3190.48,3754.12,48.33,Schedule III,PH0158,Pharmacist_107,RPH817636,FL,31,PHM0031,Family Pharmacy,Independent,5882 Oak St,Phoenix,CA,32126,(370) 641-3679,PHL49478,4347379083,FM6443321,DOC0189,Dr. Smith B,4091100449,AE1266744,MD702563,Cardiology,1010 Health Blvd,Chicago,FL,63291,(269) 860-6107,20,PAT001194,75,Other,74079,NY,Kaiser Permanente,INS51693,GRP5256,790653,PCN1860,71.44,1278.63,320.65,I10,Arthritis,Psychotherapeutic,Acute Condition,04,73,16,Written,Fax,1.37,22.2,187,831,292,1,0,-47.12,4,3,4,Tuesday,Night,0,1,1,Tier 2,0,2,Cash,Reversed,88,0,1,1,0,0,96.97,82.72,65.2,0
RX00000298,2024-03-16,18:13:03,2025-06-18,3,60,Hydrochlorothiazide,Lisinopril,33424-256-47,100mg,Syrup,15,172,285.24,1877.8,3217.03,25.64,None,PH0062,Pharmacist_59,RPH463688,CA,21,PHM0005,QuickMeds,Rite Aid,889 Oak St,Los Angeles,OH,27310,(534) 298-1464,PHL73894,4043850951,FL6980989,DOC0008,Dr. Williams R,8985200887,AB5475710,MD764849,Cardiology,4579 Hospital Blvd,Los Angeles,TX,54680,(602) 512-2166,6,PAT004864,38,F,58793,OH,UnitedHealth,INS27248,GRP6255,343867,PCN9367,80.08,160.17,243.16,G89.29,Hypertension,Psychotherapeutic,Pain,01,176,27,Written,Phone,1.24,35.8,115,747,110,1,1,101.06,0,9,7,Monday,Evening,1,1,1,Non-Formulary,0,3,Debit Card,Rejected,75,0,1,1,0,0,98.03,83.99,-13.88,1
RX00000299,2024-12-12,14:15:20,2025-08-08,0,30,Montelukast,Clopidogrel,19588-420-15,50mg,Capsule,24,90,303.75,3301.06,2256.88,21.13,Schedule IV,PH0153,Pharmacist_115,RPH582952,CA,20,PHM0013,CarePlus Pharmacy,CVS,7021 Main St,Phoenix,CA,87707,(238) 311-1723,PHL20308,9231135808,FY8006128,DOC0089,Dr. Garcia D,4648914590,AX4633090,MD729036,Orthopedics,8055 Medical Blvd,Phoenix,IL,37148,(239) 487-7401,8,PAT003162,49,Other,78551,CA,Anthem,INS76618,GRP8751,842099,PCN9776,73.39,398.68,408.65,E78.5,Arthritis,Psychotherapeutic,Pain,02,321,-28,Fax,Phone,66.99,49.66,389,571,436,0,1,84.11,3,2,8,Monday,Morning,1,0,1,Tier 2,0,4,Insurance,Pending,79,0,0,1,0,1,7.44,42.0,-96.45,0
RX00000300,2024-11-06,17:28:56,2024-07-06,12,90,Methylprednisolone,Azithromycin,84670-480-23,500mg,Syrup,98,82,303.98,1030.05,2079.22,8.57,Schedule IV,PH0124,Pharmacist_68,RPH691710,CA,28,PHM0025,Prime Pharmacy,Independent,8539 Washington St,Houston,TX,18962,(774) 545-9051,PHL23235,5655749197,FJ6944560,DOC0393,Dr. Brown B,2727309970,AJ5176583,MD886950,Neurology,8353 Medical Blvd,Houston,NY,87145,(350) 216-1530,9,PAT002864,85,F,66167,TX,Cigna,INS41486,GRP8695,837679,PCN8812,48.21,1088.79,338.5,I10,Arthritis,Antidiabetic,Preventive,03,55,7,Phone,Fax,95.95,5.48,145,561,364,1,0,5.49,0,1,2,Wednesday,Morning,0,1,1,Tier 3,1,0,Insurance,Pending,76,0,0,0,1,1,78.11,63.11,-52.62,0
RX00000301,2025-03-07,11:33:14,2024-02-02,0,30,Amoxicillin,Methylprednisolone,20416-398-38,50mg,Capsule,167,88,309.42,1137.87,84.83,36.12,Schedule III,PH0028,Pharmacist_113,RPH695736,IL,27,PHM0021,City Pharmacy,Walgreens,6871 Washington St,Los Angeles,IL,91159,(708) 909-4189,PHL57084,2621745778,FE6650964,DOC0090,Dr. Johnson O,8636405049,AU7781693,MD158391,Cardiology,2818 Hospital Blvd,Los Angeles,CA,26992,(429) 493-1638,24,PAT003132,77,F,23380,NY,Kaiser Permanente,INS20330,GRP7045,643851,PCN1712,82.61,460.3,258.29,J45.909,Diabetes,Psychotherapeutic,Pain,02,35,-4,Fax,Fax,21.53,2.27,278,821,193,0,0,0.55,1,9,2,Thursday,Evening,1,1,0,Non-Formulary,0,3,Insurance,Pending,75,1,1,1,1,1,9.74,30.29,-97.04,0
RX00000302,2025-10-09,11:55:29,2025-04-24,7,30,Hydrochlorothiazide,Sertraline,15446-331-19,10mg,Cream,18,49,190.44,1909.44,2644.29,10.48,Schedule III,PH0032,Pharmacist_155,RPH899259,NY,27,PHM0001,QuickMeds,Rite Aid,1497 Main St,Chicago,FL,22126,(713) 781-3033,PHL23360,3644147638,FX6290332,DOC0009,Dr. Miller M,7383188973,AR4547011,MD403527,Neurology,841 Hospital Blvd,Chicago,CA,46818,(295) 402-2142,34,PAT000850,32,Other,93032,CA,Humana,INS11272,GRP6600,190097,PCN4792,15.66,2862.81,222.47,R51,Hypertension,Antibiotic,Chronic Disease,03,19,2,Electronic,Fax,4.2,0.17,382,282,228,0,1,78.71,3,1,4,Saturday,Night,0,0,0,Tier 2,0,2,Credit Card,Reversed,76,1,1,0,0,1,86.1,32.81,95.34,1
RX00000303,2024-09-16,12:16:39,2024-03-18,9,90,Rosuvastatin,Montelukast,10486-718-39,20mg,Cream,37,68,196.9,4848.66,2768.84,9.0,Schedule IV,PH0077,Pharmacist_19,RPH104516,OH,25,PHM0002,HealthPlus Pharmacy,CVS,2849 Washington St,Houston,TX,40637,(266) 919-1745,PHL55571,9366388220,FH2469501,DOC0425,Dr. Garcia B,1348812293,AR7812327,MD775290,Oncology,4938 Health Blvd,New York,NY,52220,(431) 605-1613,25,PAT002365,20,M,46817,FL,Humana,INS78295,GRP7553,586412,PCN5920,87.68,1703.57,317.79,R51,Asthma,Psychotherapeutic,Chronic Disease,04,129,3,Written,Fax,2.83,0.7,333,253,232,1,0,3.7,0,0,7,Sunday,Night,0,0,1,Non-Formulary,0,3,Credit Card,Pending,88,0,0,0,1,0,72.56,11.06,76.99,0
RX00000304,2024-03-30,08:10:59,2025-09-16,4,60,Hydrochlorothiazide,Metformin,56749-442-85,100mg,Injection,81,68,116.56,3331.26,2337.83,34.86,Schedule IV,PH0180,Pharmacist_88,RPH492194,NY,15,PHM0037,Prime Pharmacy,Independent,7965 Main St,Los Angeles,PA,40688,(568) 449-1020,PHL17261,6068543813,FU7781660,DOC0314,Dr. Williams G,8384513051,AW2873480,MD875630,Endocrinology,7925 Health Blvd,Los Angeles,CA,69563,(421) 781-5971,28,PAT001268,52,Other,74921,PA,Aetna,INS35700,GRP6717,986882,PCN9618,37.61,1483.06,330.63,M25.551,Asthma,Analgesic,Acute Condition,03,283,-1,Written,Phone,5.3,35.09,474,982,388,0,1,-40.87,4,3,1,Sunday,Night,1,1,0,Non-Formulary,0,2,Credit Card,Paid,79,0,1,1,0,0,42.31,88.08,-75.71,0
RX00000305,2024-12-06,12:25:19,2024-11-05,3,90,Albuterol,Tramadol,88114-558-11,10mg,Syrup,179,170,323.12,1809.49,27.04,44.33,Schedule V,PH0184,Pharmacist_61,RPH362707,PA,9,PHM0031,TrustedMeds,Independent,8963 Washington St,Houston,PA,86440,(354) 570-6278,PHL26533,5530161660,FA3913104,DOC0001,Dr. Brown B,1030442658,AV2345605,MD921844,Neurology,1007 Medical Blvd,Chicago,FL,19673,(625) 272-8531,13,PAT004603,51,F,91721,PA,Medicaid,INS20734,GRP3282,191981,PCN4784,0.12,3026.64,278.02,J44.9,Diabetes,Psychotherapeutic,Chronic Disease,03,293,9,Written,Fax,2.83,23.96,101,691,457,0,0,78.2,0,4,4,Friday,Morning,1,1,0,Non-Formulary,1,2,Debit Card,Paid,88,0,0,0,0,0,94.34,2.1,-57.34,1
RX00000306,2025-05-06,08:09:12,2024-10-23,4,30,Tramadol,Azithromycin,67194-722-40,100mg,Cream,58,91,456.57,3051.35,302.2,43.14,Schedule IV,PH0071,Pharmacist_4,RPH977239,NY,10,PHM0015,Express Meds,Independent,1209 Park St,Philadelphia,NY,96322,(383) 551-3292,PHL79947,8752593269,FZ8620445,DOC0013,Dr. Smith F,3587730516,AO5362692,MD734402,Endocrinology,9400 Clinic Blvd,Los Angeles,NY,51028,(389) 829-7790,17,PAT002115,56,Other,78188,TX,Cigna,INS92548,GRP8032,903989,PCN9882,43.5,508.35,486.0,I10,Hypertension,Antibiotic,Infection,01,23,-3,Electronic,Electronic,0.41,30.29,267,26,162,1,1,144.45,3,1,5,Wednesday,Evening,0,1,0,Non-Formulary,1,4,Insurance,Rejected,76,0,0,0,1,1,84.42,95.37,-6.41,1
RX00000307,2024-07-18,12:04:34,2025-12-14,2,90,Losartan,Sertraline,96231-734-85,250mg,Injection,129,68,360.88,4851.15,3585.97,13.8,Schedule III,PH0126,Pharmacist_149,RPH431189,OH,23,PHM0005,TrustedMeds,Independent,2492 Maple St,Philadelphia,FL,45315,(898) 287-2204,PHL18439,9256720065,FA4664445,DOC0006,Dr. Garcia Q,2828352647,AL7592520,MD784653,Internal Medicine,7162 Medical Blvd,New York,NY,57810,(768) 498-3627,14,PAT001704,21,M,81177,CA,Kaiser Permanente,INS62156,GRP5083,133631,PCN9325,69.94,2601.16,83.06,F41.9,Asthma,Analgesic,Preventive,03,114,28,Phone,Electronic,1.16,2.06,242,700,302,0,0,78.54,1,10,7,Tuesday,Night,1,1,1,Tier 2,0,0,Debit Card,Rejected,None,0,1,0,1,0,91.75,54.48,-49.32,1
RX00000308,2025-05-20,18:25:20,2025-10-14,2,90,Oxycodone,Oxycodone,52891-461-52,10mg,Tablet,14,103,442.56,171.48,521.13,18.66,Schedule V,PH0197,Pharmacist_66,RPH844494,NY,9,PHM0028,Community Health Pharmacy,CVS,3507 Main St,New York,NY,64832,(210) 662-3205,PHL26908,6328452885,FB3575986,DOC0244,Dr. Garcia U,3271810528,AA4194393,MD802195,Pediatrics,2432 Clinic Blvd,Los Angeles,FL,53370,(409) 788-2879,28,PAT004696,36,Other,13949,OH,Self-Pay,INS24661,GRP7808,843927,PCN7494,22.11,1899.12,449.93,K21.9,Asthma,Antidiabetic,Preventive,03,346,-11,Written,Paper,61.35,10.4,1,261,366,1,1,57.47,2,1,0,Thursday,Morning,1,1,1,Non-Formulary,0,0,Check,Pending,76,1,0,0,1,0,16.02,48.98,-40.14,0
RX00000309,2025-09-13,09:22:00,2025-01-29,0,90,Ciprofloxacin,Clopidogrel,90645-686-63,10mg,Capsule,41,94,418.31,3544.66,1679.29,36.42,Schedule II,PH0035,Pharmacist_170,RPH931712,IL,4,PHM0021,CarePlus Pharmacy,Independent,9082 Oak St,Houston,PA,68334,(851) 511-4850,PHL55854,9251636658,FX1960763,DOC0232,Dr. Garcia W,6609495751,AM3925221,MD456371,Dermatology,9861 Clinic Blvd,New York,CA,21395,(318) 537-3607,21,PAT002617,82,Other,67069,OH,Aetna,INS70687,GRP8296,838327,PCN9901,55.22,797.26,20.19,I10,Arthritis,Antibiotic,Preventive,04,9,-15,Written,Phone,0.46,45.43,184,822,354,0,1,-17.6,0,8,6,Monday,Evening,0,0,0,Tier 3,1,2,Credit Card,Rejected,None,1,1,1,1,1,17.0,44.49,19.92,0
RX00000310,2024-06-07,11:01:45,2025-02-11,12,60,Montelukast,Clopidogrel,28716-552-42,50mg,Tablet,32,109,0.78,2854.24,4015.45,21.05,Schedule V,PH0147,Pharmacist_119,RPH140869,OH,7,PHM0023,MediCare Drug Store,CVS,3074 Main St,Los Angeles,NY,59665,(926) 734-7159,PHL17967,3207690007,FI8692460,DOC0066,Dr. Brown V,4214067225,AE9515901,MD766495,Endocrinology,8557 Hospital Blvd,New York,FL,46800,(599) 308-2914,16,PAT004688,79,Other,87908,NY,Medicare,INS23779,GRP6379,829737,PCN7454,93.5,4105.64,428.15,M54.5,Diabetes,Psychotherapeutic,Acute Condition,04,265,13,Electronic,Paper,44.98,25.72,376,659,348,1,0,98.1,4,4,3,Friday,Night,1,0,0,Tier 1,0,3,Cash,Reversed,88,1,1,1,1,1,18.84,68.4,28.51,0
RX00000311,2025-06-29,14:08:24,2024-03-05,12,60,Hydrochlorothiazide,Azithromycin,40442-404-67,50mg,Cream,37,110,15.98,4003.66,1169.72,20.34,Schedule V,PH0054,Pharmacist_157,RPH640776,TX,4,PHM0030,Express Meds,Independent,9476 Washington St,Chicago,IL,51186,(661) 719-4653,PHL98071,7429047487,FN2208687,DOC0010,Dr. Brown P,7555183677,AG6143609,MD810085,Cardiology,8108 Hospital Blvd,New York,FL,95479,(886) 300-8634,30,PAT003178,30,Other,93469,OH,Cigna,INS51458,GRP1418,773100,PCN1042,49.19,2405.71,193.95,J44.9,Diabetes,Analgesic,Infection,04,164,-12,Written,Paper,0.31,45.22,210,596,156,1,0,110.45,4,5,0,Saturday,Afternoon,0,0,0,Non-Formulary,1,1,Cash,Reversed,75,1,1,0,1,1,95.5,15.59,18.85,1
RX00000312,2024-04-02,13:56:02,2024-04-30,3,90,Sertraline,Losartan,58253-452-98,100mg,Tablet,48,19,20.96,576.6,1135.39,13.76,Schedule III,PH0068,Pharmacist_93,RPH690978,TX,31,PHM0026,QuickMeds,Independent,2723 Main St,Phoenix,IL,42673,(878) 811-2527,PHL93213,5928367299,FV1239396,DOC0005,Dr. Miller N,2395553996,AO7798482,MD208389,Orthopedics,2866 Hospital Blvd,Phoenix,NY,96011,(927) 847-1432,24,PAT003164,55,F,64951,IL,Kaiser Permanente,INS42549,GRP1071,369137,PCN7078,36.97,3650.75,170.05,E78.5,Hypertension,Analgesic,Acute Condition,01,361,-9,Fax,Electronic,2.49,25.04,250,787,225,1,0,93.8,1,10,2,Thursday,Night,0,0,1,Non-Formulary,0,0,Check,Rejected,75,1,1,0,1,0,78.04,18.37,37.13,1
RX00000313,2024-09-08,17:02:27,2024-03-02,7,30,Oxycodone,Metformin,54664-794-23,20mg,Tablet,24,63,292.22,1051.84,1395.48,6.49,Schedule IV,PH0154,Pharmacist_122,RPH271536,CA,25,PHM0012,TrustedMeds,Independent,9131 Oak St,Philadelphia,NY,99949,(436) 802-2188,PHL88154,9245756514,FZ3461317,DOC0019,Dr. Smith A,8946122664,AH1417593,MD603719,Neurology,2715 Hospital Blvd,Houston,CA,17294,(772) 328-3380,33,PAT001911,77,F,46664,NY,Medicare,INS17096,GRP6170,399968,PCN6310,49.1,2436.63,444.57,F33.1,Diabetes,Psychotherapeutic,Infection,00,204,-18,Phone,Paper,3.42,34.68,266,851,291,0,0,110.06,1,6,8,Monday,Evening,1,1,1,Tier 3,1,1,Credit Card,Reversed,79,0,1,0,1,1,98.47,44.0,38.95,1
RX00000314,2025-04-08,15:31:35,2024-06-19,4,30,Montelukast,Amoxicillin,89429-379-63,50mg,Injection,129,127,387.83,273.76,1955.72,11.4,Schedule V,PH0132,Pharmacist_129,RPH736132,FL,10,PHM0035,QuickMeds,Walgreens,2640 Washington St,Phoenix,CA,88477,(339) 724-3402,PHL62566,9895739751,FU7336002,DOC0011,Dr. Williams D,2879249390,AA6731099,MD305389,Internal Medicine,1321 Health Blvd,New York,TX,60750,(946) 934-7517,35,PAT004222,19,M,19734,PA,Anthem,INS59545,GRP6007,594875,PCN7024,63.6,649.55,291.32,M54.5,Hypertension,Analgesic,Chronic Disease,01,285,13,Electronic,Paper,2.32,49.15,345,703,285,1,0,119.87,3,0,1,Friday,Morning,1,0,1,Tier 1,0,3,Insurance,Reversed,79,0,1,0,0,1,83.83,46.73,-79.31,1
RX00000315,2024-06-07,17:23:46,2024-09-23,9,60,Montelukast,Tramadol,29879-763-47,100mg,Tablet,23,93,487.24,467.04,4169.05,30.68,None,PH0014,Pharmacist_174,RPH591763,CA,7,PHM0032,CarePlus Pharmacy,Independent,6032 Main St,Philadelphia,NY,11549,(581) 249-3434,PHL55615,8151652145,FS8944940,DOC0262,Dr. Johnson V,3691732167,AW3946501,MD134364,Neurology,295 Hospital Blvd,Phoenix,FL,57772,(839) 817-8755,18,PAT003775,60,Other,40155,OH,Self-Pay,INS65346,GRP6264,723905,PCN8394,74.82,1144.82,380.04,E78.5,Diabetes,Antidiabetic,Preventive,02,342,11,Phone,Electronic,22.69,14.14,208,292,146,0,1,56.16,5,3,7,Wednesday,Morning,1,0,0,Tier 2,1,4,Cash,Reversed,79,1,1,1,0,1,5.82,76.71,-99.04,0
RX00000316,2024-02-16,08:51:23,2024-07-05,4,90,Oxycodone,Simvastatin,77660-621-20,50mg,Syrup,160,166,17.91,300.98,4302.23,40.86,Schedule V,PH0103,Pharmacist_44,RPH397000,PA,3,PHM0044,Express Meds,Walgreens,7377 Maple St,Chicago,TX,13513,(778) 832-8155,PHL37407,6079474654,FL5085025,DOC0196,Dr. Williams E,9478326772,AX2833419,MD201891,Neurology,1583 Medical Blvd,Phoenix,TX,19282,(747) 456-7723,28,PAT004192,88,Other,52140,IL,Cigna,INS31750,GRP2251,354555,PCN6848,82.68,1854.22,250.04,M54.5,Hypertension,Antidiabetic,Infection,02,354,29,Written,Electronic,79.59,44.25,76,673,392,1,1,25.29,1,5,7,Saturday,Afternoon,0,1,1,Tier 3,0,4,Check,Reversed,88,0,0,0,1,1,8.84,97.17,-48.92,0
RX00000317,2024-09-10,09:30:46,2024-06-08,4,90,Escitalopram,Levothyroxine,20564-368-65,10mg,Injection,56,137,168.31,246.62,1225.05,41.03,Schedule V,PH0047,Pharmacist_109,RPH567679,OH,28,PHM0040,Express Meds,Independent,8594 Park St,Houston,IL,81009,(737) 672-8710,PHL53338,6554226187,FK9602031,DOC0164,Dr. Williams O,8552664320,AC4952714,MD391121,Cardiology,1993 Hospital Blvd,Phoenix,NY,64519,(203) 907-6378,39,PAT003564,41,Other,69464,TX,UnitedHealth,INS86208,GRP4420,363368,PCN7174,89.58,2321.7,13.61,J44.9,Depression,Psychotherapeutic,Chronic Disease,02,245,8,Phone,Fax,29.54,35.97,343,358,156,1,0,95.97,0,5,6,Friday,Night,0,0,0,Tier 1,1,0,Debit Card,Pending,88,1,0,1,0,0,38.66,37.88,-73.74,0
RX00000318,2025-06-23,18:45:48,2024-08-04,1,90,Clopidogrel,Azithromycin,95026-265-46,50mg,Injection,100,117,94.43,322.51,3630.15,10.85,None,PH0054,Pharmacist_140,RPH832460,CA,32,PHM0035,QuickMeds,CVS,9235 Washington St,Phoenix,OH,16224,(604) 626-2270,PHL51805,6578336452,FT9567403,DOC0010,Dr. Williams Q,7018708950,AH6933084,MD554042,Oncology,4957 Medical Blvd,Phoenix,CA,31659,(843) 764-9556,12,PAT002774,35,M,32459,PA,Medicaid,INS80817,GRP7246,553814,PCN1679,91.13,1422.44,476.14,F41.9,Arthritis,Psychotherapeutic,Preventive,04,158,-19,Phone,Phone,4.2,22.51,19,337,227,0,0,194.03,1,1,3,Sunday,Afternoon,1,0,0,Tier 2,0,0,Cash,Reversed,79,1,1,0,1,1,71.59,54.51,-72.76,1
RX00000319,2024-11-28,08:46:15,2025-07-20,0,90,Escitalopram,Montelukast,83536-331-44,100mg,Tablet,11,114,91.41,2689.35,3708.34,16.97,Schedule III,PH0194,Pharmacist_194,RPH767532,PA,24,PHM0031,Community Health Pharmacy,CVS,5705 Washington St,Los Angeles,NY,95245,(332) 663-9187,PHL94451,1156983957,FI6546407,DOC0380,Dr. Johnson K,7574480565,AW8882208,MD328929,Cardiology,2161 Health Blvd,Los Angeles,NY,32310,(763) 552-8342,2,PAT002558,38,F,15473,OH,Aetna,INS53393,GRP6606,454157,PCN5757,90.82,2345.43,363.22,N18.3,Diabetes,Psychotherapeutic,Acute Condition,03,332,-28,Electronic,Electronic,47.17,5.29,245,995,398,0,1,82.3,4,6,4,Thursday,Night,0,1,1,Non-Formulary,0,2,Credit Card,Pending,79,1,0,0,0,0,33.79,62.36,-85.89,0
RX00000320,2024-09-28,08:00:42,2024-10-13,2,30,Prednisone,Ciprofloxacin,44310-420-84,250mg,Syrup,50,117,137.66,2446.07,113.01,29.98,Schedule III,PH0053,Pharmacist_16,RPH189279,NY,4,PHM0015,Corner Pharmacy,CVS,9535 Park St,New York,PA,25378,(447) 938-9266,PHL75378,8555735677,FE4755506,DOC0166,Dr. Johnson L,3682440412,AK2269974,MD140046,General Practice,377 Medical Blvd,Chicago,NY,37093,(668) 486-4239,21,PAT003308,76,M,26947,PA,Medicare,INS74356,GRP3714,636340,PCN8549,7.09,1434.47,190.49,R51,Arthritis,Psychotherapeutic,Chronic Disease,03,356,28,Electronic,Phone,53.51,48.04,175,582,308,1,1,179.5,2,0,5,Wednesday,Afternoon,1,0,0,Non-Formulary,0,2,Check,Pending,76,0,0,1,0,1,33.03,13.1,70.65,0
RX00000321,2024-06-26,18:32:10,2025-10-05,6,90,Losartan,Lisinopril,18795-724-90,500mg,Capsule,33,86,416.2,1877.56,1332.81,18.31,Schedule II,PH0016,Pharmacist_53,RPH142320,OH,9,PHM0031,TrustedMeds,Rite Aid,4393 Washington St,Los Angeles,CA,77225,(948) 993-9960,PHL28546,1243453776,FX7079661,DOC0094,Dr. Garcia H,5025209532,AZ3827486,MD873667,Pediatrics,4781 Medical Blvd,Los Angeles,IL,36250,(991) 646-4826,19,PAT000181,50,M,33072,OH,UnitedHealth,INS82309,GRP1635,479267,PCN3699,35.36,2572.53,291.5,E11.9,Hypertension,Antibiotic,Acute Condition,04,129,-25,Phone,Paper,45.37,45.22,167,310,477,1,0,117.18,0,8,1,Sunday,Morning,0,1,0,Tier 3,1,3,Insurance,Rejected,75,1,0,1,1,1,6.17,8.72,-1.29,0
RX00000322,2025-09-23,11:32:05,2025-05-05,0,30,Hydrochlorothiazide,Methylprednisolone,50018-673-14,20mg,Cream,144,164,25.84,2729.73,2379.67,8.16,Schedule IV,PH0174,Pharmacist_106,RPH416689,OH,24,PHM0011,HealthPlus Pharmacy,CVS,2017 Park St,New York,PA,85460,(804) 236-9407,PHL30195,9891027416,FG4224468,DOC0005,Dr. Williams M,3990114705,AD8420036,MD258968,Dermatology,7162 Health Blvd,Houston,CA,49373,(928) 912-2133,31,PAT000697,19,Other,38528,PA,Medicaid,INS83817,GRP2511,748419,PCN2886,88.79,3569.33,239.57,E11.9,Depression,Cardiovascular,Pain,01,105,20,Phone,Electronic,0.23,38.2,128,279,493,1,1,74.81,3,0,7,Monday,Evening,1,1,1,Tier 1,1,3,Credit Card,Rejected,76,1,0,0,0,1,73.49,75.59,-58.21,1
RX00000323,2025-09-16,18:54:42,2025-10-25,5,90,Morphine,Montelukast,14060-292-83,250mg,Injection,62,25,212.55,4349.54,107.08,20.54,Schedule V,PH0072,Pharmacist_104,RPH726205,OH,26,PHM0026,QuickMeds,Independent,4123 Oak St,Los Angeles,NY,70452,(260) 229-9079,PHL24168,4516685756,FZ1443388,DOC0448,Dr. Jones P,5577152538,AU1814637,MD686608,Psychiatry,3342 Hospital Blvd,Los Angeles,NY,49091,(420) 231-7655,22,PAT004379,80,F,47396,PA,Medicaid,INS78961,GRP4157,753316,PCN3803,24.34,1507.74,366.1,M25.551,Asthma,Antidiabetic,Infection,01,268,24,Electronic,Paper,64.28,34.33,282,969,339,1,1,132.02,2,5,1,Tuesday,Morning,1,0,0,Tier 3,0,1,Debit Card,Reversed,88,0,1,0,1,0,49.75,14.54,-51.9,0
RX00000324,2024-10-15,12:33:27,2024-08-16,11,60,Lisinopril,Simvastatin,40262-602-21,20mg,Tablet,112,68,53.27,1671.25,4006.73,30.88,Schedule IV,PH0103,Pharmacist_10,RPH227746,TX,23,PHM0033,QuickMeds,Walgreens,179 Park St,New York,CA,45304,(459) 281-7059,PHL67594,1293955985,FN7395628,DOC0009,Dr. Smith D,6613160331,AA4325969,MD493270,Neurology,1563 Hospital Blvd,Houston,CA,53626,(549) 547-5417,25,PAT002873,51,M,62197,IL,Cigna,INS59777,GRP9299,889640,PCN5185,92.49,4243.88,485.48,M54.5,Arthritis,Antidiabetic,Pain,02,13,-18,Electronic,Phone,1.88,31.63,162,288,310,1,1,96.68,5,6,6,Monday,Morning,0,0,0,Tier 1,1,1,Cash,Reversed,75,0,1,1,1,0,77.66,69.05,30.33,1
RX00000325,2025-04-27,16:23:42,2025-10-25,9,60,Prednisone,Azithromycin,69111-121-84,20mg,Syrup,17,164,287.01,2037.87,4134.65,21.23,Schedule V,PH0030,Pharmacist_18,RPH298155,FL,17,PHM0049,Express Meds,Independent,4041 Maple St,Phoenix,PA,43014,(775) 478-4093,PHL72109,8786569587,FB1261652,DOC0413,Dr. Garcia N,7744870231,AW6626809,MD844304,Neurology,5095 Hospital Blvd,Phoenix,TX,43434,(491) 827-7343,28,PAT004720,60,F,28112,OH,UnitedHealth,INS72387,GRP6795,985774,PCN8129,13.04,1542.58,250.24,E11.9,Hypertension,Antidiabetic,Pain,03,104,-13,Electronic,Fax,20.85,29.04,401,292,380,1,0,149.46,1,5,1,Sunday,Night,0,0,0,Non-Formulary,1,4,Check,Reversed,None,0,0,0,1,0,87.23,46.51,93.19,0
RX00000326,2025-04-19,08:54:17,2024-05-20,4,90,Hydrochlorothiazide,Metformin,47803-277-90,500mg,Capsule,90,99,387.05,3938.01,3992.06,45.14,Schedule II,PH0164,Pharmacist_55,RPH606874,NY,35,PHM0031,Express Meds,Walgreens,6741 Washington St,Phoenix,IL,26343,(875) 413-1790,PHL28156,6693887444,FI8656193,DOC0020,Dr. Garcia P,5650537358,AQ3179270,MD864160,Neurology,8696 Health Blvd,New York,IL,87924,(484) 274-1033,32,PAT004726,33,M,64594,CA,UnitedHealth,INS49412,GRP7575,370317,PCN5171,38.18,2923.36,483.92,R51,Asthma,Analgesic,Pain,04,234,-7,Electronic,Paper,2.3,36.6,155,895,425,1,0,192.81,5,10,8,Friday,Evening,0,0,1,Non-Formulary,1,4,Debit Card,Reversed,None,0,1,0,0,1,89.68,24.23,-33.13,1
RX00000327,2024-05-14,17:03:39,2024-10-28,10,60,Clopidogrel,Oxycodone,12559-251-79,100mg,Syrup,62,150,496.38,4146.43,2911.41,21.25,None,PH0105,Pharmacist_79,RPH522063,OH,34,PHM0009,HealthPlus Pharmacy,Independent,119 Main St,Los Angeles,PA,71916,(209) 975-1346,PHL68591,6351388960,FQ2019563,DOC0003,Dr. Jones U,8443930537,AW8292109,MD887963,Endocrinology,3783 Hospital Blvd,New York,FL,14603,(784) 727-4843,18,PAT004134,52,Other,30257,PA,Anthem,INS74449,GRP5988,667096,PCN8213,86.52,4202.41,88.0,K21.9,Depression,Cardiovascular,Acute Condition,02,344,25,Electronic,Phone,3.8,19.81,227,137,381,1,1,110.93,3,5,4,Monday,Afternoon,0,1,1,Non-Formulary,1,4,Credit Card,Paid,None,0,1,1,0,0,99.07,6.1,-12.51,1
RX00000328,2025-04-03,13:10:59,2024-12-05,7,30,Amlodipine,Amoxicillin,90188-832-14,100mg,Syrup,20,107,113.94,441.84,2319.66,11.6,Schedule II,PH0070,Pharmacist_120,RPH519128,PA,31,PHM0024,QuickMeds,Independent,2150 Maple St,Philadelphia,IL,36228,(693) 978-1405,PHL18106,6196659034,FX7848369,DOC0020,Dr. Jones G,1833749963,AP8289289,MD341747,Dermatology,4324 Hospital Blvd,Los Angeles,IL,56524,(913) 609-3610,34,PAT001892,77,M,38719,FL,Aetna,INS34410,GRP6521,887391,PCN4406,10.2,1048.85,114.71,M79.7,Hypertension,Cardiovascular,Preventive,04,159,-21,Phone,Phone,4.24,46.79,18,210,129,1,0,108.34,2,3,3,Tuesday,Afternoon,0,0,1,Tier 3,1,0,Cash,Pending,79,0,1,1,0,1,76.5,10.1,4.75,1
RX00000329,2024-10-15,17:42:24,2024-06-15,0,90,Azithromycin,Simvastatin,48770-478-55,50mg,Syrup,46,34,184.14,3331.78,2429.51,15.01,Schedule V,PH0172,Pharmacist_41,RPH556210,TX,2,PHM0021,Central Drug Store,CVS,2483 Washington St,Los Angeles,PA,88975,(638) 734-9672,PHL57534,3648879593,FI3227787,DOC0341,Dr. Jones R,1163278106,AT8664070,MD743415,Endocrinology,7779 Hospital Blvd,Los Angeles,CA,58797,(223) 443-3703,7,PAT004865,83,F,86238,OH,Anthem,INS55278,GRP6944,917236,PCN2322,68.09,3273.68,63.88,E11.9,Arthritis,Antidiabetic,Acute Condition,04,207,10,Written,Fax,67.79,32.35,115,305,385,1,1,69.38,3,1,4,Sunday,Night,0,0,1,Tier 1,0,1,Check,Pending,75,1,0,1,1,0,93.52,15.27,-34.95,0
RX00000330,2024-10-22,11:38:38,2025-04-01,9,60,Ciprofloxacin,Hydrochlorothiazide,10946-305-81,250mg,Syrup,92,83,207.67,2183.04,2983.04,21.56,None,PH0121,Pharmacist_15,RPH638493,FL,14,PHM0003,QuickMeds,Independent,2551 Main St,New York,PA,29198,(953) 678-4342,PHL59829,8178956098,FH3814291,DOC0226,Dr. Williams X,8708304387,AG4118675,MD278270,Dermatology,4770 Health Blvd,Chicago,IL,38026,(812) 266-7980,26,PAT000042,30,Other,26232,CA,Self-Pay,INS11360,GRP5953,675369,PCN9509,43.08,3239.99,363.63,N18.3,Arthritis,Analgesic,Infection,03,158,-11,Fax,Paper,29.57,33.26,264,366,464,1,1,93.19,0,7,6,Sunday,Morning,0,0,1,Tier 1,1,2,Credit Card,Paid,None,1,1,1,0,1,67.7,41.85,92.27,0
RX00000331,2024-06-16,15:49:35,2025-10-23,11,90,Losartan,Atorvastatin,75689-686-13,500mg,Syrup,109,121,172.71,4936.96,2491.3,24.91,Schedule III,PH0190,Pharmacist_116,RPH564039,CA,34,PHM0049,Metro Pharmacy,Independent,8332 Oak St,Houston,TX,42179,(470) 563-1711,PHL89459,8814311396,FQ6350444,DOC0151,Dr. Jones G,3161931577,AM3646482,MD883188,Oncology,1046 Hospital Blvd,Los Angeles,CA,77043,(784) 860-7388,18,PAT003222,39,F,39136,TX,Cigna,INS56966,GRP5114,654056,PCN7646,59.49,795.62,56.05,M25.551,Hypertension,Antibiotic,Acute Condition,00,120,2,Fax,Electronic,68.9,0.35,280,47,252,0,1,192.13,2,6,4,Thursday,Night,0,1,0,Tier 2,1,3,Credit Card,Reversed,76,1,1,0,0,1,79.28,8.11,-64.52,0
RX00000332,2025-02-03,13:35:50,2024-10-28,11,90,Tramadol,Tramadol,19192-753-82,500mg,Tablet,20,87,61.75,2610.46,1001.14,14.75,Schedule II,PH0140,Pharmacist_107,RPH849363,PA,26,PHM0001,TrustedMeds,Independent,3760 Park St,Chicago,TX,10042,(984) 226-3741,PHL86824,8965375835,FG9701641,DOC0043,Dr. Smith D,4797943197,AC4093038,MD997127,Pediatrics,5896 Health Blvd,New York,IL,22142,(583) 772-1897,25,PAT000743,55,Other,84475,OH,Self-Pay,INS25195,GRP4107,520659,PCN7122,3.62,1603.09,60.41,I10,Asthma,Analgesic,Preventive,03,272,-2,Written,Fax,81.63,39.77,253,79,121,1,0,51.27,4,0,4,Friday,Afternoon,0,0,1,Tier 1,1,0,Check,Reversed,None,0,0,0,0,0,72.7,76.24,-44.11,0
RX00000333,2025-11-08,18:03:52,2025-05-16,7,90,Metformin,Escitalopram,75015-471-76,250mg,Syrup,108,49,358.32,1281.88,36.04,22.97,None,PH0177,Pharmacist_47,RPH534649,OH,9,PHM0047,HealthPlus Pharmacy,Independent,3860 Main St,Houston,IL,58575,(275) 639-6210,PHL74275,3893838277,FF2848302,DOC0090,Dr. Smith R,2853800882,AU2064889,MD668372,Neurology,2089 Hospital Blvd,Los Angeles,IL,89783,(426) 400-1971,12,PAT002659,63,Other,76580,OH,Medicare,INS86127,GRP3222,162461,PCN8031,78.8,995.23,395.36,M25.551,Depression,Psychotherapeutic,Acute Condition,04,336,14,Written,Electronic,85.97,44.09,361,397,288,0,1,152.09,4,0,4,Wednesday,Morning,1,0,0,Tier 1,0,0,Cash,Reversed,None,0,1,1,0,0,87.15,25.32,49.43,0
RX00000334,2025-09-07,12:02:51,2024-06-03,3,60,Clopidogrel,Methylprednisolone,52687-369-45,250mg,Syrup,17,113,6.27,3403.72,3824.15,19.96,Schedule V,PH0009,Pharmacist_106,RPH967901,NY,30,PHM0017,HealthPlus Pharmacy,Walgreens,6626 Washington St,Phoenix,IL,38893,(900) 833-9951,PHL55663,5469435689,FI3376653,DOC0450,Dr. Jones I,5630722224,AE1269713,MD404460,Endocrinology,5983 Health Blvd,Houston,FL,33480,(523) 395-9743,19,PAT003721,69,F,89274,CA,Self-Pay,INS55271,GRP4198,147077,PCN2568,39.07,3855.06,142.85,J44.9,Asthma,Antidiabetic,Pain,03,150,13,Fax,Phone,7.63,29.16,8,138,448,1,0,102.8,4,7,6,Monday,Morning,1,1,0,Non-Formulary,1,0,Cash,Pending,88,0,1,1,1,1,54.11,65.05,-75.01,0
RX00000335,2025-07-12,09:57:23,2024-07-29,2,30,Metformin,Tramadol,29335-430-28,50mg,Capsule,61,97,76.11,4140.74,1759.3,6.52,Schedule V,PH0083,Pharmacist_191,RPH977571,IL,20,PHM0039,CarePlus Pharmacy,Rite Aid,1124 Washington St,Los Angeles,CA,57443,(257) 547-3460,PHL11081,7983348073,FX4819531,DOC0101,Dr. Williams G,4296568048,AG2996942,MD640053,Pediatrics,6186 Health Blvd,New York,TX,90297,(838) 435-5721,10,PAT001985,37,M,26197,CA,Self-Pay,INS21166,GRP3406,706760,PCN5437,91.64,4000.98,113.11,I10,Depression,Cardiovascular,Chronic Disease,00,275,29,Fax,Paper,82.17,13.34,465,820,254,0,1,23.84,3,9,8,Tuesday,Evening,0,0,0,Tier 1,1,4,Cash,Rejected,None,0,1,0,0,0,74.6,96.01,60.8,0
RX00000336,2024-07-07,17:48:51,2024-10-01,12,30,Prednisone,Losartan,57398-616-70,100mg,Syrup,98,42,208.8,3838.55,1355.78,28.52,Schedule V,PH0037,Pharmacist_51,RPH885368,OH,32,PHM0041,CarePlus Pharmacy,CVS,5253 Maple St,Chicago,PA,34337,(331) 854-6274,PHL36555,2404177686,FC8817194,DOC0098,Dr. Jones V,5403382034,AB5186385,MD363995,Oncology,6088 Hospital Blvd,Phoenix,IL,34469,(723) 683-3602,1,PAT002147,74,F,71972,FL,Anthem,INS59658,GRP1725,658132,PCN3105,54.03,4364.41,149.61,N18.3,Asthma,Antidiabetic,Pain,01,28,10,Fax,Phone,40.9,10.46,351,863,159,0,1,198.34,4,5,3,Monday,Evening,0,1,0,Tier 1,0,3,Credit Card,Paid,76,1,0,0,0,0,16.26,80.53,-83.68,0
RX00000337,2024-12-25,15:19:17,2025-05-25,3,30,Ciprofloxacin,Ciprofloxacin,72760-199-25,500mg,Syrup,68,68,409.43,4436.95,3535.78,46.98,Schedule II,PH0160,Pharmacist_111,RPH982901,IL,30,PHM0002,Wellness Pharmacy,Independent,512 Main St,Philadelphia,NY,92992,(509) 431-5824,PHL49521,7426707393,FX6971763,DOC0203,Dr. Miller R,8374206139,AU2154595,MD869300,General Practice,8676 Medical Blvd,Houston,IL,62883,(254) 927-3143,8,PAT003002,37,F,89561,TX,Cigna,INS69813,GRP8161,330257,PCN9437,12.76,4063.6,291.69,E11.9,Diabetes,Analgesic,Pain,01,85,-19,Phone,Phone,59.79,13.28,21,952,302,1,0,182.84,2,7,3,Saturday,Morning,1,0,1,Non-Formulary,1,3,Debit Card,Reversed,76,0,1,0,0,1,78.85,38.5,71.93,0
RX00000338,2025-07-31,10:54:35,2025-07-15,1,30,Prednisone,Azithromycin,80617-230-25,250mg,Capsule,138,116,432.67,2690.55,2166.02,40.56,Schedule IV,PH0035,Pharmacist_110,RPH374127,PA,14,PHM0039,Family Pharmacy,CVS,3336 Main St,Chicago,PA,57205,(859) 800-8059,PHL84700,4266280363,FM7725762,DOC0201,Dr. Garcia M,1994770655,AF4395449,MD364633,Pediatrics,3468 Clinic Blvd,Phoenix,TX,85796,(775) 293-2842,34,PAT002534,73,F,22855,NY,Humana,INS33765,GRP2939,130502,PCN7370,74.94,2104.57,341.1,M79.7,Hypertension,Antibiotic,Preventive,01,192,-14,Written,Electronic,96.7,34.5,373,347,6,1,1,44.41,5,8,5,Friday,Evening,0,0,0,Non-Formulary,0,0,Cash,Reversed,75,1,1,1,0,1,0.37,39.97,-14.47,0
RX00000339,2025-05-21,12:05:31,2025-04-01,9,30,Methylprednisolone,Sertraline,38843-893-81,10mg,Cream,177,149,399.82,903.99,3540.87,43.47,Schedule II,PH0052,Pharmacist_156,RPH736414,CA,32,PHM0026,Central Drug Store,Independent,6052 Main St,New York,CA,19829,(283) 429-2741,PHL53818,5153308001,FJ5748939,DOC0270,Dr. Johnson X,6148848253,AI9378396,MD748517,Orthopedics,1322 Clinic Blvd,Phoenix,IL,11673,(289) 202-9594,26,PAT000797,67,F,70328,PA,Self-Pay,INS12431,GRP6109,980012,PCN2467,34.26,4075.81,112.09,J45.909,Hypertension,Antidiabetic,Acute Condition,04,293,-6,Fax,Paper,78.85,19.42,93,38,290,1,0,56.29,0,2,3,Thursday,Afternoon,1,1,0,Tier 2,0,2,Check,Reversed,88,1,0,1,1,1,20.96,10.36,68.85,0
RX00000340,2024-08-07,15:00:07,2025-08-24,10,60,Hydrochlorothiazide,Prednisone,91078-198-69,500mg,Injection,62,170,404.28,3653.49,3825.96,5.21,Schedule V,PH0109,Pharmacist_131,RPH456863,FL,33,PHM0036,Metro Pharmacy,Independent,9116 Washington St,New York,CA,78648,(551) 889-8770,PHL36275,9339812601,FQ7350213,DOC0206,Dr. Brown S,8968855719,AI5555717,MD620286,Cardiology,2856 Health Blvd,Los Angeles,NY,74225,(605) 704-7951,23,PAT004871,68,F,53880,IL,Medicare,INS95959,GRP7344,503713,PCN5248,81.93,2848.56,486.22,N18.3,Hypertension,Antibiotic,Chronic Disease,01,140,24,Fax,Phone,19.63,43.19,332,37,349,0,1,142.06,0,5,3,Thursday,Night,0,0,1,Non-Formulary,1,1,Check,Pending,76,0,0,1,1,1,44.39,55.4,88.37,0
RX00000341,2024-06-22,13:59:25,2024-05-05,3,30,Oxycodone,Ciprofloxacin,25842-353-62,250mg,Injection,87,144,21.93,4594.83,3652.34,6.31,Schedule II,PH0118,Pharmacist_54,RPH158051,OH,18,PHM0006,Corner Pharmacy,Walgreens,121 Washington St,Los Angeles,NY,43759,(230) 521-2693,PHL16014,4777421722,FN7055973,DOC0267,Dr. Jones H,7792172515,AG4390524,MD405504,Psychiatry,7755 Clinic Blvd,Houston,TX,61654,(642) 963-1611,16,PAT001790,35,F,35764,OH,Self-Pay,INS91176,GRP8774,377302,PCN2826,33.57,659.86,26.84,F33.1,Asthma,Antibiotic,Pain,00,45,-29,Phone,Fax,53.26,21.87,248,824,3,0,1,-0.32,0,6,4,Friday,Evening,1,1,1,Tier 2,0,1,Insurance,Reversed,None,1,1,0,1,1,37.46,86.22,-25.76,0
RX00000342,2025-01-02,18:48:49,2024-03-04,10,30,Clopidogrel,Ibuprofen,34343-878-69,10mg,Injection,145,130,167.39,3783.52,276.78,8.83,Schedule V,PH0175,Pharmacist_31,RPH267688,IL,12,PHM0016,Corner Pharmacy,Rite Aid,1654 Oak St,Phoenix,CA,26695,(392) 703-8564,PHL43233,3886955525,FW4474585,DOC0263,Dr. Johnson P,7444807481,AA6611410,MD827107,General Practice,291 Health Blvd,Phoenix,CA,15881,(843) 971-7626,24,PAT000976,21,F,45039,CA,Medicare,INS14694,GRP8455,653344,PCN4358,76.14,3063.29,150.7,G89.29,Depression,Psychotherapeutic,Infection,00,116,-14,Electronic,Fax,34.21,10.73,477,887,302,1,1,186.46,5,10,0,Sunday,Evening,1,0,1,Tier 2,0,4,Insurance,Rejected,None,1,0,1,1,0,21.04,73.94,-83.46,0
RX00000343,2025-03-22,08:35:35,2024-02-15,9,60,Oxycodone,Methylprednisolone,38260-124-35,20mg,Tablet,128,170,443.79,2184.21,3802.11,42.12,Schedule II,PH0109,Pharmacist_159,RPH755354,OH,4,PHM0008,Central Drug Store,Walgreens,2704 Oak St,Philadelphia,CA,27082,(821) 812-7589,PHL59951,1841099081,FA3770463,DOC0286,Dr. Johnson L,7011024003,AI1053973,MD356717,Cardiology,7311 Medical Blvd,Chicago,TX,17880,(384) 899-8584,14,PAT001339,21,M,29132,OH,Self-Pay,INS56829,GRP4522,197955,PCN6347,0.44,1314.93,100.24,J45.909,Asthma,Analgesic,Pain,03,264,-22,Written,Phone,82.88,26.46,64,801,382,0,0,187.04,0,5,4,Friday,Evening,1,0,1,Non-Formulary,1,4,Debit Card,Rejected,88,0,1,1,1,0,62.42,52.63,-79.0,0
RX00000344,2025-08-01,14:59:17,2025-08-08,9,60,Lisinopril,Rosuvastatin,54996-289-56,50mg,Injection,117,145,391.83,3310.3,361.3,45.74,Schedule V,PH0011,Pharmacist_63,RPH156243,IL,8,PHM0037,Wellness Pharmacy,Rite Aid,5479 Maple St,Chicago,PA,75772,(664) 596-2692,PHL98500,8727536204,FA5935373,DOC0295,Dr. Jones R,4175917932,AW6458302,MD872899,Cardiology,8462 Hospital Blvd,Chicago,TX,63375,(928) 497-1672,16,PAT002724,21,F,64129,IL,Kaiser Permanente,INS55438,GRP6772,730544,PCN4446,36.83,1496.89,255.39,M25.551,Hypertension,Psychotherapeutic,Infection,01,228,-2,Electronic,Phone,67.88,22.41,429,463,248,1,1,141.17,2,5,2,Wednesday,Evening,0,0,0,Non-Formulary,0,2,Check,Rejected,79,1,0,0,1,0,14.53,71.07,74.83,0
RX00000345,2024-09-04,12:59:46,2025-09-03,6,60,Atorvastatin,Omeprazole,98833-677-53,100mg,Injection,40,49,165.28,2934.76,1549.06,6.34,Schedule II,PH0199,Pharmacist_116,RPH551858,FL,17,PHM0040,City Pharmacy,Independent,6253 Maple St,New York,OH,30298,(994) 356-9041,PHL29336,8213569304,FM7047294,DOC0328,Dr. Johnson Z,3695586240,AI2731726,MD620551,Cardiology,1015 Clinic Blvd,Chicago,TX,54091,(769) 446-5747,23,PAT002914,61,F,67034,OH,Aetna,INS26125,GRP7946,685360,PCN4517,20.35,3574.49,463.9,M79.7,Arthritis,Antidiabetic,Preventive,00,286,22,Electronic,Electronic,56.96,15.15,412,762,280,0,0,134.3,4,6,0,Wednesday,Afternoon,0,1,0,Tier 3,1,3,Check,Pending,75,0,1,0,0,1,83.21,55.6,77.43,0
RX00000346,2025-11-14,16:36:56,2024-07-08,8,90,Sertraline,Azithromycin,99026-125-21,10mg,Syrup,105,151,98.85,400.61,490.58,42.85,Schedule II,PH0012,Pharmacist_42,RPH525614,TX,4,PHM0003,Community Health Pharmacy,Independent,3210 Oak St,Philadelphia,NY,84798,(643) 448-9188,PHL86996,1182814889,FA4962847,DOC0336,Dr. Jones R,8027775577,AQ3844739,MD786694,Neurology,9268 Hospital Blvd,Phoenix,TX,47136,(660) 732-2627,27,PAT003710,73,F,42566,PA,Humana,INS27709,GRP1129,670087,PCN4810,29.9,3147.12,92.8,J44.9,Arthritis,Antidiabetic,Chronic Disease,03,142,-21,Fax,Phone,6.95,13.81,16,264,494,1,0,119.99,5,2,7,Friday,Night,1,0,1,Tier 3,0,4,Debit Card,Reversed,76,1,0,1,1,1,24.26,66.38,-38.81,0
RX00000347,2025-01-12,11:05:51,2025-01-20,5,60,Simvastatin,Hydrochlorothiazide,95667-247-35,250mg,Syrup,12,49,313.49,3963.27,2627.1,5.5,Schedule V,PH0145,Pharmacist_97,RPH381300,OH,25,PHM0025,CarePlus Pharmacy,Rite Aid,8609 Main St,New York,PA,80487,(386) 342-3390,PHL41849,3772839924,FI7437563,DOC0217,Dr. Jones P,1590003540,AB4800985,MD590429,Dermatology,3874 Health Blvd,Phoenix,TX,16977,(596) 891-2053,14,PAT004217,70,F,49426,PA,Medicaid,INS52831,GRP9122,625801,PCN5007,5.15,1194.73,164.85,R51,Arthritis,Antibiotic,Acute Condition,03,333,22,Electronic,Fax,79.34,25.17,288,694,312,0,0,104.15,2,5,1,Sunday,Afternoon,1,1,1,Tier 3,1,4,Credit Card,Rejected,79,0,0,1,0,1,21.72,41.11,-48.93,0
RX00000348,2025-07-19,09:43:32,2024-10-05,7,60,Montelukast,Tramadol,23074-986-57,20mg,Tablet,73,93,41.87,2876.45,2574.56,28.75,None,PH0088,Pharmacist_105,RPH492236,PA,7,PHM0016,Metro Pharmacy,CVS,5287 Park St,Chicago,CA,81227,(289) 840-5310,PHL34580,4918904679,FF9400423,DOC0119,Dr. Miller P,9156326647,AN4436174,MD295210,Internal Medicine,9783 Medical Blvd,Chicago,NY,37159,(409) 761-2569,1,PAT003295,23,Other,76244,IL,UnitedHealth,INS74364,GRP1708,140013,PCN6957,15.11,2714.12,264.37,E78.5,Arthritis,Antibiotic,Preventive,03,185,9,Written,Phone,17.84,42.38,243,20,128,0,1,-34.64,4,9,6,Monday,Morning,1,0,1,Tier 2,0,2,Insurance,Reversed,79,1,0,0,0,1,79.96,7.68,19.07,0
RX00000349,2025-05-29,15:07:18,2024-09-19,3,30,Ibuprofen,Hydrochlorothiazide,42221-184-88,20mg,Injection,82,73,400.03,906.28,1915.31,20.81,None,PH0045,Pharmacist_57,RPH311022,FL,6,PHM0027,HealthPlus Pharmacy,Walgreens,5666 Park St,New York,FL,29076,(456) 664-6338,PHL53484,2453297133,FN8665557,DOC0005,Dr. Johnson B,3896749988,AM8936786,MD883694,Cardiology,2458 Health Blvd,Chicago,CA,11011,(207) 564-8153,36,PAT003994,23,F,85896,CA,Kaiser Permanente,INS70602,GRP2245,910131,PCN2163,97.15,374.53,261.28,M25.551,Arthritis,Antidiabetic,Preventive,01,92,-15,Electronic,Paper,2.33,28.76,118,779,305,0,0,100.87,5,5,4,Friday,Evening,1,0,1,Tier 3,1,0,Debit Card,Pending,75,0,0,0,0,0,86.49,27.14,-20.81,1
RX00000350,2025-11-25,10:46:02,2025-02-12,1,90,Metformin,Losartan,49948-657-74,10mg,Syrup,35,22,303.59,959.9,1764.12,21.43,Schedule II,PH0058,Pharmacist_107,RPH312947,OH,16,PHM0001,Express Meds,Walgreens,7996 Maple St,Philadelphia,TX,35363,(676) 917-1867,PHL10379,2210357681,FM5421583,DOC0017,Dr. Johnson O,9285318957,AB3461593,MD200550,Internal Medicine,275 Clinic Blvd,Houston,CA,24590,(388) 549-3779,36,PAT001835,45,Other,84107,PA,Medicare,INS22128,GRP8357,773126,PCN9832,37.41,2381.34,227.01,R51,Arthritis,Antibiotic,Pain,02,309,-24,Fax,Paper,1.72,48.4,397,577,421,0,0,66.56,5,1,0,Saturday,Evening,1,0,1,Tier 2,0,0,Debit Card,Rejected,79,1,1,0,1,1,97.87,4.32,-29.92,1
RX00000351,2025-01-12,17:12:59,2024-12-08,7,30,Prednisone,Escitalopram,60095-985-57,10mg,Cream,76,110,90.37,71.63,2423.24,34.16,Schedule IV,PH0038,Pharmacist_168,RPH856273,NY,29,PHM0008,City Pharmacy,Independent,2723 Washington St,New York,OH,26865,(846) 873-7275,PHL18500,9675693783,FD1442743,DOC0343,Dr. Jones Z,6241062349,AA2140904,MD718206,Pediatrics,9467 Medical Blvd,Phoenix,CA,95679,(678) 250-1802,13,PAT001114,81,Other,63243,PA,Aetna,INS79124,GRP1395,461471,PCN9583,46.18,3704.76,425.57,F33.1,Hypertension,Cardiovascular,Chronic Disease,04,237,-22,Fax,Paper,35.56,44.06,52,108,475,1,1,-12.69,5,10,6,Wednesday,Night,0,1,1,Tier 2,1,4,Credit Card,Reversed,88,0,0,0,0,1,99.28,86.53,80.32,0
RX00000352,2024-02-11,15:51:18,2024-06-25,12,90,Ciprofloxacin,Levothyroxine,56098-145-16,100mg,Syrup,37,118,233.75,1335.76,3648.08,28.62,Schedule IV,PH0049,Pharmacist_93,RPH667636,CA,9,PHM0047,Express Meds,Independent,8129 Washington St,Chicago,IL,68887,(488) 711-8391,PHL89588,6320425384,FT6588362,DOC0007,Dr. Garcia R,2318103729,AR4945943,MD490954,Psychiatry,9581 Health Blvd,New York,NY,55962,(348) 991-1591,6,PAT001640,25,Other,59802,TX,Anthem,INS93940,GRP3016,255927,PCN7250,80.99,503.71,44.52,K21.9,Asthma,Psychotherapeutic,Infection,01,189,-15,Written,Paper,4.64,31.39,126,784,305,1,0,175.09,0,5,6,Friday,Afternoon,1,1,0,Tier 2,1,2,Cash,Reversed,75,0,0,1,1,1,77.2,48.01,-75.22,1
RX00000353,2024-12-08,09:28:14,2024-05-15,2,30,Atorvastatin,Methylprednisolone,38970-184-66,500mg,Injection,140,120,168.16,4664.18,3570.5,30.54,Schedule III,PH0176,Pharmacist_185,RPH950516,OH,29,PHM0024,TrustedMeds,Independent,5281 Maple St,Houston,PA,96529,(706) 942-8905,PHL83733,5633744010,FJ4419867,DOC0006,Dr. Smith E,8169663331,AG6063522,MD771863,Oncology,3481 Clinic Blvd,Los Angeles,IL,20025,(270) 906-6413,32,PAT002882,22,Other,28444,FL,Aetna,INS16575,GRP5451,640613,PCN1567,73.31,846.43,295.76,M25.551,Depression,Antidiabetic,Chronic Disease,03,95,26,Electronic,Paper,2.99,10.05,52,417,402,1,1,93.56,0,8,8,Wednesday,Evening,0,1,1,Tier 2,1,2,Insurance,Paid,None,0,1,0,1,1,95.63,26.04,-61.41,1
RX00000354,2025-10-09,16:34:56,2024-03-05,9,60,Ciprofloxacin,Ciprofloxacin,94082-216-37,20mg,Cream,72,104,224.42,4766.68,949.57,18.8,Schedule V,PH0163,Pharmacist_20,RPH205639,CA,21,PHM0046,QuickMeds,Rite Aid,715 Oak St,Chicago,FL,58422,(605) 254-2515,PHL64006,3951141302,FM4143654,DOC0019,Dr. Williams K,9197337992,AJ7983110,MD270568,Cardiology,3014 Medical Blvd,Los Angeles,TX,42854,(598) 837-3779,10,PAT002048,90,F,10519,FL,UnitedHealth,INS68303,GRP5032,798779,PCN5834,22.91,1732.15,456.53,I25.10,Asthma,Antibiotic,Chronic Disease,03,350,-27,Written,Fax,0.11,2.63,406,256,158,0,0,177.62,3,9,5,Monday,Night,0,1,0,Tier 1,1,0,Cash,Paid,75,0,1,0,1,1,97.62,39.94,-23.41,1
RX00000355,2025-01-11,12:07:12,2025-05-11,10,30,Clopidogrel,Simvastatin,57140-848-11,20mg,Cream,97,162,400.16,346.01,4072.03,36.35,Schedule III,PH0142,Pharmacist_30,RPH560581,PA,7,PHM0043,Express Meds,Walgreens,7856 Park St,Los Angeles,IL,17804,(920) 537-3911,PHL49848,3545406888,FF2436873,DOC0020,Dr. Miller S,4705641917,AU2722081,MD782004,Pediatrics,2721 Clinic Blvd,Phoenix,CA,48036,(312) 491-1112,6,PAT001773,83,F,62005,IL,Self-Pay,INS34846,GRP2982,398330,PCN3759,41.22,692.26,452.88,M25.551,Diabetes,Cardiovascular,Pain,03,154,26,Written,Paper,4.17,2.68,462,519,323,1,1,129.32,3,9,8,Friday,Night,1,1,1,Tier 1,0,3,Cash,Paid,75,1,1,1,0,1,77.59,31.22,-45.38,1
RX00000356,2024-05-26,18:01:57,2025-09-14,1,30,Ibuprofen,Rosuvastatin,51241-240-37,10mg,Syrup,113,146,383.87,4437.18,1065.02,13.24,Schedule III,PH0184,Pharmacist_4,RPH862593,NY,10,PHM0047,Metro Pharmacy,Walgreens,6564 Oak St,Houston,FL,20705,(844) 448-3590,PHL11314,5273454034,FK5142244,DOC0084,Dr. Miller Y,9079473443,AF5055750,MD662976,Psychiatry,7325 Medical Blvd,Houston,FL,60445,(230) 518-3205,40,PAT001622,86,F,93858,PA,Anthem,INS61791,GRP8696,417072,PCN1848,97.13,3153.6,447.85,M79.7,Arthritis,Analgesic,Pain,00,229,11,Electronic,Paper,79.61,39.7,432,705,494,0,0,129.83,1,3,0,Sunday,Evening,0,0,1,Tier 2,1,3,Cash,Pending,76,0,1,1,1,0,31.34,43.69,62.16,0
RX00000357,2023-12-25,11:37:35,2025-01-28,11,30,Amlodipine,Albuterol,96188-205-80,20mg,Cream,157,58,453.96,3244.04,4366.26,33.2,Schedule IV,PH0141,Pharmacist_167,RPH547195,IL,2,PHM0031,Community Health Pharmacy,Independent,4592 Oak St,Philadelphia,NY,56174,(667) 991-4784,PHL20364,7880903123,FS4947086,DOC0324,Dr. Smith C,8410826409,AV4138788,MD807224,Neurology,3232 Clinic Blvd,Los Angeles,TX,71286,(937) 258-6671,1,PAT003845,18,F,72847,TX,BlueCross BlueShield,INS83215,GRP5874,693853,PCN5629,65.86,2742.4,396.18,K21.9,Diabetes,Antibiotic,Acute Condition,03,258,-4,Fax,Paper,48.59,38.46,122,560,106,0,1,161.0,4,5,1,Friday,Evening,1,1,1,Tier 2,0,2,Check,Pending,76,0,0,0,0,1,59.35,61.23,-29.8,0
RX00000358,2025-09-10,08:38:26,2024-07-29,4,60,Lisinopril,Prednisone,40198-981-64,20mg,Injection,101,164,5.4,4268.98,3304.22,16.33,Schedule IV,PH0061,Pharmacist_128,RPH249277,NY,16,PHM0017,QuickMeds,CVS,6978 Washington St,Phoenix,OH,71095,(240) 926-4255,PHL98923,1740835294,FU2879666,DOC0014,Dr. Johnson Q,5639330551,AC9830319,MD955646,Endocrinology,9442 Hospital Blvd,Chicago,TX,98440,(653) 959-6245,9,PAT000984,27,M,67833,PA,Kaiser Permanente,INS86197,GRP7932,356029,PCN9159,89.11,978.56,43.84,R51,Diabetes,Analgesic,Pain,00,273,2,Fax,Paper,0.64,48.7,28,837,437,1,1,162.15,4,4,0,Monday,Afternoon,0,0,0,Non-Formulary,1,4,Credit Card,Paid,None,0,0,0,0,1,90.66,7.58,-49.43,1
RX00000359,2024-03-11,16:30:34,2024-09-20,10,90,Omeprazole,Levothyroxine,18418-388-82,250mg,Cream,132,12,105.21,650.51,97.6,13.45,Schedule III,PH0171,Pharmacist_127,RPH368239,NY,14,PHM0020,HealthPlus Pharmacy,Walgreens,2225 Main St,New York,FL,57346,(267) 246-1340,PHL48565,8917580971,FA2101185,DOC0250,Dr. Smith U,2255401544,AG3046127,MD345799,Oncology,6102 Clinic Blvd,Houston,IL,49775,(336) 248-8739,10,PAT001048,47,Other,56837,FL,Medicare,INS27101,GRP2394,612880,PCN7189,79.49,345.4,261.37,F33.1,Asthma,Psychotherapeutic,Preventive,04,254,15,Fax,Fax,97.25,21.23,377,449,68,1,0,-34.33,1,8,7,Thursday,Morning,0,0,0,Tier 2,1,1,Insurance,Pending,88,1,0,0,1,1,51.78,11.69,-49.42,0
RX00000360,2024-09-09,11:17:07,2024-06-17,8,90,Amoxicillin,Escitalopram,85856-773-61,50mg,Tablet,73,170,317.02,543.65,3944.3,41.22,Schedule V,PH0085,Pharmacist_159,RPH302066,IL,7,PHM0050,Family Pharmacy,Independent,5429 Oak St,Philadelphia,FL,28377,(233) 570-5569,PHL50064,3581063480,FY4951676,DOC0277,Dr. Jones F,2924395724,AV6304957,MD363887,Cardiology,6826 Hospital Blvd,Phoenix,TX,65112,(667) 208-3298,4,PAT003836,27,F,35849,FL,Medicaid,INS96078,GRP5572,294942,PCN1903,68.68,1558.64,341.22,E78.5,Depression,Analgesic,Chronic Disease,02,144,29,Written,Fax,82.92,37.97,471,529,475,1,1,111.3,3,8,8,Friday,Afternoon,0,0,0,Tier 1,1,1,Insurance,Pending,None,1,1,0,0,0,50.98,29.5,-78.87,0
RX00000361,2025-11-27,12:35:27,2024-10-28,7,30,Rosuvastatin,Clopidogrel,43700-379-29,100mg,Capsule,84,86,411.95,4806.33,271.53,16.64,Schedule V,PH0107,Pharmacist_121,RPH186155,CA,2,PHM0008,Express Meds,Independent,7688 Washington St,New York,NY,41744,(360) 534-8589,PHL16161,8271113960,FV5928435,DOC0363,Dr. Johnson Z,4241487104,AO5098236,MD241142,Pediatrics,6263 Health Blvd,Phoenix,IL,90421,(694) 873-5200,39,PAT000491,45,Other,17477,TX,Cigna,INS77295,GRP2656,941795,PCN8602,44.23,2676.61,370.34,I25.10,Asthma,Psychotherapeutic,Infection,02,206,23,Phone,Phone,89.26,23.41,145,876,275,0,0,19.87,5,3,0,Monday,Night,1,0,0,Tier 2,0,2,Credit Card,Reversed,76,0,0,0,1,1,69.29,59.47,79.51,0
RX00000362,2025-07-15,13:56:24,2024-01-21,7,60,Amoxicillin,Tramadol,53332-315-58,20mg,Syrup,33,176,336.04,1035.47,333.31,20.15,None,PH0164,Pharmacist_18,RPH219058,IL,2,PHM0041,QuickMeds,CVS,554 Washington St,New York,FL,23429,(453) 954-7586,PHL95146,3504213276,FB1554463,DOC0032,Dr. Williams E,1758217278,AV6189058,MD377640,Orthopedics,7044 Health Blvd,Los Angeles,TX,36236,(773) 471-3229,21,PAT003477,33,M,63655,CA,Kaiser Permanente,INS97565,GRP6096,383256,PCN3321,41.31,3157.99,266.97,M25.551,Depression,Antibiotic,Infection,03,162,4,Phone,Fax,75.92,26.55,369,657,138,1,0,17.7,4,1,4,Sunday,Evening,0,0,0,Tier 2,0,2,Check,Pending,88,0,1,0,0,1,24.2,87.59,-65.72,0
RX00000363,2024-02-08,16:05:37,2024-01-18,10,60,Omeprazole,Sertraline,43980-907-47,20mg,Syrup,56,81,352.02,2372.07,2201.51,16.39,Schedule III,PH0145,Pharmacist_100,RPH377393,OH,16,PHM0003,HealthPlus Pharmacy,Walgreens,7098 Maple St,New York,CA,66984,(208) 595-9717,PHL76982,4968242499,FM5993761,DOC0193,Dr. Jones N,7259805159,AZ7123790,MD941300,Dermatology,8240 Health Blvd,Phoenix,NY,83724,(560) 867-5755,25,PAT000170,30,M,25896,CA,Humana,INS13192,GRP8664,264794,PCN6905,25.33,4399.93,365.57,R51,Arthritis,Cardiovascular,Pain,03,30,6,Phone,Paper,31.68,42.14,381,259,474,1,0,168.21,3,9,2,Thursday,Afternoon,1,0,1,Tier 3,0,0,Debit Card,Paid,75,0,1,0,0,1,80.59,24.65,26.92,0
RX00000364,2024-12-19,10:43:59,2025-04-16,6,30,Escitalopram,Methylprednisolone,44681-683-63,500mg,Syrup,96,88,302.45,3744.8,1597.78,33.04,Schedule IV,PH0188,Pharmacist_130,RPH221608,NY,29,PHM0047,City Pharmacy,CVS,1889 Washington St,Philadelphia,OH,47735,(897) 945-3354,PHL67599,4132523616,FQ4834965,DOC0292,Dr. Johnson E,1101655275,AG4500877,MD513283,Orthopedics,7895 Health Blvd,New York,FL,63563,(477) 927-1498,18,PAT000332,53,Other,61044,TX,Kaiser Permanente,INS23015,GRP2323,271306,PCN7189,23.14,357.55,61.38,E11.9,Depression,Cardiovascular,Infection,01,272,15,Phone,Electronic,15.54,23.89,333,299,485,1,1,89.2,1,8,2,Thursday,Night,1,1,1,Tier 2,0,4,Cash,Pending,76,0,0,1,0,0,26.74,71.55,4.01,0
RX00000365,2025-08-01,14:00:31,2024-09-25,12,30,Metformin,Gabapentin,35389-743-90,50mg,Cream,108,155,333.41,1919.46,3556.38,42.41,Schedule II,PH0128,Pharmacist_18,RPH478737,TX,31,PHM0016,QuickMeds,Independent,531 Maple St,Los Angeles,CA,83441,(781) 772-4187,PHL18584,7683457806,FH1508705,DOC0014,Dr. Garcia Z,2551991961,AP4516378,MD982163,Dermatology,7752 Health Blvd,Los Angeles,CA,27062,(826) 687-4158,18,PAT000702,57,Other,54549,CA,Aetna,INS99700,GRP8436,802379,PCN7113,60.65,3732.55,348.36,G89.29,Diabetes,Antidiabetic,Preventive,00,0,8,Written,Fax,1.79,7.62,15,575,140,1,0,56.16,1,1,8,Friday,Evening,1,0,0,Tier 3,1,0,Cash,Rejected,75,0,1,1,1,0,94.75,46.02,-10.9,1
RX00000366,2025-10-23,14:55:00,2024-04-10,4,30,Montelukast,Losartan,11544-273-45,10mg,Capsule,16,22,222.13,3130.11,1907.27,34.23,Schedule V,PH0180,Pharmacist_125,RPH440306,TX,35,PHM0022,Wellness Pharmacy,Independent,9728 Maple St,Phoenix,OH,22709,(510) 543-1706,PHL48885,9197940610,FF5162555,DOC0122,Dr. Brown N,7966542460,AV7599252,MD234150,Internal Medicine,3016 Health Blvd,Chicago,CA,80802,(327) 494-3200,3,PAT002527,46,Other,82540,TX,Kaiser Permanente,INS16027,GRP5247,520862,PCN3395,10.6,3945.34,130.4,M54.5,Depression,Psychotherapeutic,Infection,04,146,-24,Fax,Fax,93.6,22.51,496,35,100,1,1,81.44,4,8,5,Friday,Evening,1,1,0,Tier 1,0,3,Debit Card,Reversed,75,1,1,0,1,0,1.38,65.31,-10.0,0
RX00000367,2024-05-11,11:56:53,2025-08-30,6,90,Gabapentin,Sertraline,98576-786-86,250mg,Capsule,76,73,493.29,2198.31,70.58,24.82,Schedule III,PH0011,Pharmacist_124,RPH758784,IL,13,PHM0025,QuickMeds,Walgreens,1218 Park St,Houston,TX,61630,(793) 382-8079,PHL87265,5122677238,FV3668171,DOC0183,Dr. Brown G,9434886098,AY9326807,MD223532,Orthopedics,6067 Health Blvd,Houston,NY,19485,(358) 455-1079,2,PAT004527,61,F,96472,IL,Self-Pay,INS55734,GRP2886,485257,PCN4835,14.19,1372.21,170.21,K21.9,Arthritis,Cardiovascular,Pain,04,276,20,Written,Phone,7.34,45.85,416,551,232,0,1,-9.97,5,9,0,Saturday,Afternoon,0,0,1,Tier 1,0,3,Credit Card,Rejected,75,1,1,1,1,1,47.27,81.64,-94.48,0
RX00000368,2025-03-11,11:15:55,2024-09-21,0,30,Gabapentin,Oxycodone,87496-181-94,100mg,Syrup,82,60,194.07,2194.04,2973.13,33.66,Schedule IV,PH0062,Pharmacist_129,RPH836660,FL,28,PHM0012,Family Pharmacy,Independent,5961 Washington St,Philadelphia,FL,49459,(206) 956-6325,PHL43418,9470687593,FQ8333769,DOC0043,Dr. Brown D,3248514265,AJ9379755,MD422548,Neurology,4590 Hospital Blvd,Houston,IL,57388,(439) 842-2040,17,PAT000892,82,Other,71620,NY,Anthem,INS37163,GRP5230,819374,PCN3818,8.22,724.65,102.48,M54.5,Asthma,Psychotherapeutic,Preventive,01,62,-10,Written,Electronic,27.31,23.11,421,126,22,0,0,44.33,5,0,4,Saturday,Evening,1,1,1,Non-Formulary,1,0,Credit Card,Pending,None,1,1,1,0,1,2.49,31.57,9.61,0
RX00000369,2024-12-06,15:41:25,2024-08-04,12,90,Montelukast,Morphine,62363-481-70,500mg,Injection,108,112,430.73,2408.48,1776.25,30.3,Schedule II,PH0003,Pharmacist_129,RPH803819,PA,22,PHM0042,MediCare Drug Store,CVS,9702 Washington St,Chicago,TX,52028,(389) 272-9044,PHL57678,5561354297,FS9714211,DOC0316,Dr. Brown Q,5911687145,AL6017834,MD876366,Pediatrics,2422 Hospital Blvd,New York,FL,20093,(903) 916-6927,3,PAT003393,39,Other,80282,FL,Cigna,INS94587,GRP9621,552769,PCN5515,3.47,1709.57,239.48,F41.9,Arthritis,Antidiabetic,Infection,04,19,-15,Phone,Electronic,68.59,12.92,29,199,456,0,0,134.65,4,3,3,Sunday,Morning,0,0,0,Tier 3,0,3,Credit Card,Pending,88,1,1,1,1,1,9.87,13.34,-42.09,0
RX00000370,2025-04-05,13:29:45,2024-07-03,3,60,Metformin,Montelukast,84956-659-35,500mg,Cream,126,32,328.54,1647.61,4360.11,47.99,Schedule V,PH0111,Pharmacist_64,RPH788966,NY,35,PHM0046,HealthPlus Pharmacy,Independent,5922 Park St,Houston,PA,42812,(269) 675-9747,PHL28463,8226354334,FB3058008,DOC0013,Dr. Jones T,5265701362,AY8250525,MD235170,Pediatrics,7056 Clinic Blvd,Houston,FL,32035,(806) 400-7444,35,PAT002327,35,F,78840,OH,Kaiser Permanente,INS25325,GRP8950,718507,PCN8496,19.12,2166.24,363.44,R51,Hypertension,Cardiovascular,Pain,01,335,29,Fax,Electronic,1.05,30.38,30,696,275,1,0,141.29,0,3,8,Saturday,Night,0,0,0,Tier 1,1,0,Check,Paid,76,1,1,0,1,1,72.24,41.71,-63.43,1
RX00000371,2025-05-17,18:22:02,2024-07-04,2,60,Omeprazole,Oxycodone,27232-492-26,50mg,Capsule,147,33,477.23,82.32,246.18,27.25,Schedule III,PH0153,Pharmacist_194,RPH652654,OH,19,PHM0005,Express Meds,Walgreens,2715 Main St,Los Angeles,TX,79365,(504) 394-6677,PHL16457,7390306491,FL1242978,DOC0013,Dr. Miller X,3578049499,AX5139809,MD293039,General Practice,986 Health Blvd,New York,NY,44733,(476) 204-5952,13,PAT000705,21,Other,11576,FL,Medicare,INS22608,GRP3849,347054,PCN6382,70.26,1086.87,464.31,F33.1,Arthritis,Antidiabetic,Infection,03,223,-8,Electronic,Phone,3.2,22.1,34,449,317,0,1,85.37,2,7,3,Wednesday,Evening,1,0,1,Non-Formulary,0,1,Debit Card,Reversed,79,0,1,0,0,0,82.24,60.72,-64.15,1
RX00000372,2025-05-22,12:53:54,2025-05-07,10,30,Methylprednisolone,Ibuprofen,67234-261-70,250mg,Cream,166,174,442.71,2526.19,4012.92,41.56,Schedule IV,PH0049,Pharmacist_56,RPH839094,OH,5,PHM0009,Wellness Pharmacy,Independent,9990 Main St,Los Angeles,FL,24669,(905) 814-2796,PHL29403,9531510110,FL5067139,DOC0447,Dr. Jones W,8677307068,AK8750394,MD800404,Neurology,4815 Hospital Blvd,New York,CA,65236,(889) 391-3904,3,PAT003208,59,Other,21644,CA,BlueCross BlueShield,INS46189,GRP5119,298799,PCN7453,25.12,970.16,133.52,F41.9,Diabetes,Analgesic,Preventive,03,301,-25,Electronic,Paper,5.98,7.9,390,946,492,0,0,110.42,3,10,2,Tuesday,Night,1,0,1,Tier 2,1,4,Insurance,Reversed,88,1,1,0,0,0,6.9,18.84,50.12,0
RX00000373,2024-03-11,10:21:32,2024-10-12,10,60,Montelukast,Losartan,47183-512-57,250mg,Injection,40,132,83.27,3293.77,4337.85,34.44,Schedule II,PH0075,Pharmacist_71,RPH942452,FL,14,PHM0015,HealthPlus Pharmacy,CVS,4802 Washington St,Chicago,PA,97838,(623) 741-5670,PHL18527,6730279951,FX7892391,DOC0001,Dr. Garcia G,2429781393,AO6244702,MD619129,Dermatology,5237 Medical Blvd,Phoenix,TX,24185,(946) 711-7486,37,PAT003168,63,Other,84228,TX,Self-Pay,INS63528,GRP6360,927398,PCN7747,1.26,3535.38,320.28,F33.1,Diabetes,Analgesic,Acute Condition,02,78,-19,Fax,Phone,0.39,25.84,327,144,401,0,0,113.45,4,2,2,Tuesday,Evening,0,1,1,Tier 3,1,4,Credit Card,Rejected,79,0,0,1,1,1,71.3,4.51,-85.98,1
RX00000374,2024-06-10,09:14:50,2024-08-09,2,30,Methylprednisolone,Albuterol,28709-224-12,250mg,Capsule,102,173,378.73,1563.87,4405.34,13.56,Schedule II,PH0043,Pharmacist_156,RPH768950,TX,3,PHM0006,Express Meds,Walgreens,9402 Washington St,Los Angeles,IL,44118,(226) 671-8086,PHL98718,2410559481,FT1913271,DOC0014,Dr. Jones O,7437414308,AO1403445,MD152740,Internal Medicine,8386 Hospital Blvd,Chicago,TX,62329,(641) 601-7181,39,PAT002529,89,M,66548,PA,BlueCross BlueShield,INS99129,GRP6067,320580,PCN9487,40.85,714.46,341.14,E78.5,Hypertension,Psychotherapeutic,Chronic Disease,02,296,-19,Electronic,Fax,3.13,8.34,245,812,209,0,1,120.78,3,9,2,Tuesday,Afternoon,1,1,0,Non-Formulary,0,2,Debit Card,Rejected,79,0,1,1,0,0,71.72,78.1,35.99,1
RX00000375,2025-02-18,17:46:47,2024-11-20,1,90,Ibuprofen,Simvastatin,77266-505-31,250mg,Cream,108,143,347.85,4779.09,4242.2,32.72,Schedule II,PH0070,Pharmacist_65,RPH733414,TX,2,PHM0049,TrustedMeds,CVS,6001 Main St,Phoenix,FL,91472,(924) 531-7833,PHL21361,6582150441,FB4822824,DOC0009,Dr. Garcia U,1118795820,AM4197972,MD380866,Internal Medicine,6994 Medical Blvd,Los Angeles,NY,74744,(705) 816-5058,40,PAT004515,18,M,98270,NY,Aetna,INS13644,GRP2257,504284,PCN4523,9.58,3439.72,90.19,E11.9,Diabetes,Analgesic,Preventive,00,186,-21,Phone,Electronic,0.33,46.42,125,834,313,1,0,65.02,5,1,4,Sunday,Morning,0,0,0,Non-Formulary,0,1,Cash,Paid,88,1,1,0,0,0,81.93,18.29,-30.46,1
RX00000376,2024-05-10,08:00:44,2025-12-15,11,30,Azithromycin,Methylprednisolone,93735-869-20,100mg,Injection,97,64,410.5,879.08,1326.65,18.9,Schedule II,PH0066,Pharmacist_56,RPH922249,OH,33,PHM0050,HealthPlus Pharmacy,Rite Aid,1963 Maple St,New York,TX,47313,(936) 704-5988,PHL67063,3657753528,FD8804695,DOC0008,Dr. Garcia B,2942167303,AE9097233,MD247462,General Practice,3153 Medical Blvd,Chicago,CA,16106,(838) 443-9514,1,PAT004468,43,F,92195,PA,Self-Pay,INS94084,GRP2868,287402,PCN4357,16.77,1711.98,340.63,E11.9,Depression,Psychotherapeutic,Infection,01,135,14,Written,Paper,2.48,7.03,377,773,439,1,0,98.03,5,7,6,Tuesday,Evening,0,0,0,Tier 1,0,0,Insurance,Reversed,79,1,1,0,0,0,93.2,89.05,-1.18,1
RX00000377,2024-08-28,16:26:47,2025-08-04,9,30,Levothyroxine,Losartan,22563-441-34,250mg,Injection,75,53,216.44,1176.97,75.75,12.7,Schedule V,PH0147,Pharmacist_77,RPH187733,FL,22,PHM0014,TrustedMeds,Independent,4735 Main St,Chicago,OH,35871,(279) 822-9550,PHL46832,4347095195,FB6749846,DOC0003,Dr. Smith O,2373225204,AQ5352979,MD626176,Oncology,2783 Clinic Blvd,Houston,FL,68534,(263) 438-9135,33,PAT002053,73,F,89950,FL,BlueCross BlueShield,INS10909,GRP4722,124847,PCN8364,39.27,2969.46,415.39,E78.5,Asthma,Analgesic,Chronic Disease,02,3,-25,Fax,Paper,0.65,22.15,233,657,328,1,0,114.95,5,2,8,Tuesday,Morning,0,0,0,Tier 1,1,0,Insurance,Rejected,None,0,1,0,1,0,85.17,84.98,6.83,1
RX00000378,2025-10-16,09:43:30,2024-03-07,11,60,Escitalopram,Metformin,21628-571-16,500mg,Injection,79,148,176.15,4061.86,1982.5,24.6,Schedule V,PH0143,Pharmacist_104,RPH304726,PA,6,PHM0011,HealthPlus Pharmacy,Walgreens,1017 Washington St,Philadelphia,PA,89189,(225) 515-5878,PHL81175,3940935891,FH9744546,DOC0020,Dr. Smith S,1533851727,AY5603244,MD960824,Oncology,6766 Health Blvd,Houston,FL,67537,(626) 272-6543,9,PAT002196,90,F,13799,CA,Medicare,INS15113,GRP3511,928530,PCN2549,44.99,1378.91,37.55,I25.10,Arthritis,Antidiabetic,Pain,01,78,12,Phone,Electronic,1.58,12.65,180,981,286,0,1,110.18,3,8,2,Thursday,Night,0,1,0,Tier 2,0,4,Credit Card,Rejected,88,1,1,0,1,1,70.88,17.47,-8.28,1
RX00000379,2024-01-20,18:01:10,2024-01-04,4,30,Ciprofloxacin,Amlodipine,85409-615-61,500mg,Injection,60,165,400.06,1548.59,1731.64,29.02,Schedule III,PH0035,Pharmacist_174,RPH577010,NY,15,PHM0021,QuickMeds,Rite Aid,5782 Oak St,Philadelphia,NY,89011,(279) 766-7820,PHL96705,7244769968,FF3609207,DOC0020,Dr. Brown H,1678766266,AD7895627,MD544729,Dermatology,4127 Clinic Blvd,New York,CA,44315,(907) 336-2505,24,PAT003264,43,F,55006,NY,Anthem,INS37758,GRP7572,279649,PCN9653,55.66,818.76,108.57,E78.5,Arthritis,Cardiovascular,Chronic Disease,02,136,-7,Electronic,Electronic,1.76,37.04,453,669,210,1,0,120.89,2,4,2,Monday,Morning,0,1,1,Tier 3,1,2,Check,Pending,79,1,0,0,1,0,88.86,85.63,53.66,1
RX00000380,2024-10-29,12:48:31,2024-03-03,9,30,Gabapentin,Prednisone,60776-395-32,250mg,Cream,138,123,87.18,2210.23,923.32,14.65,Schedule V,PH0159,Pharmacist_136,RPH619928,TX,8,PHM0024,MediCare Drug Store,CVS,134 Main St,Houston,TX,25627,(467) 577-2233,PHL79341,6488792632,FS3976649,DOC0279,Dr. Garcia H,5504203782,AO3877565,MD372708,Oncology,3320 Medical Blvd,New York,IL,22031,(343) 457-7627,20,PAT001955,79,Other,93879,PA,Anthem,INS32018,GRP6055,315574,PCN1777,98.78,2860.6,460.46,J45.909,Arthritis,Cardiovascular,Acute Condition,03,302,-6,Written,Electronic,16.23,18.94,443,610,460,1,0,-22.19,5,7,4,Friday,Morning,0,0,1,Tier 1,1,2,Insurance,Reversed,None,1,1,0,1,0,36.71,10.24,80.08,0
RX00000381,2025-10-28,10:58:30,2025-07-04,8,90,Albuterol,Clopidogrel,77035-332-91,20mg,Tablet,54,25,277.32,4443.93,1192.91,36.59,Schedule V,PH0076,Pharmacist_37,RPH489992,CA,30,PHM0040,Prime Pharmacy,Rite Aid,6337 Park St,Phoenix,OH,93447,(970) 663-9278,PHL44244,1704059686,FB2131603,DOC0092,Dr. Williams C,2158294484,AI7580973,MD114512,Internal Medicine,3750 Health Blvd,Los Angeles,NY,79895,(633) 269-6799,38,PAT003017,39,Other,52212,PA,Self-Pay,INS88593,GRP5477,579154,PCN6302,65.97,3138.88,106.67,F33.1,Arthritis,Psychotherapeutic,Preventive,01,303,-16,Written,Phone,4.51,15.79,245,589,97,1,0,177.44,3,7,6,Monday,Night,1,0,0,Tier 3,0,4,Credit Card,Paid,76,0,1,0,0,0,8.14,34.1,61.7,0
RX00000382,2024-03-13,14:27:45,2025-12-05,9,60,Omeprazole,Sertraline,50272-792-69,100mg,Tablet,134,93,422.71,3988.02,396.39,8.99,Schedule III,PH0034,Pharmacist_100,RPH273219,PA,9,PHM0025,Wellness Pharmacy,Walgreens,4781 Main St,Phoenix,CA,27125,(484) 553-5806,PHL17980,7449792262,FZ4928098,DOC0468,Dr. Williams M,2604174698,AK3642035,MD940017,Pediatrics,4100 Health Blvd,Houston,IL,53365,(238) 657-7837,24,PAT002644,76,M,73680,OH,Humana,INS83417,GRP6777,862755,PCN3534,33.03,767.09,471.58,M25.551,Asthma,Antibiotic,Acute Condition,03,303,24,Written,Electronic,55.2,33.02,413,333,271,0,0,52.45,3,9,2,Friday,Evening,1,1,0,Tier 2,1,3,Credit Card,Paid,75,0,0,1,1,0,35.56,43.77,-88.23,0
RX00000383,2024-10-22,17:47:20,2024-08-26,5,30,Tramadol,Albuterol,54657-170-35,500mg,Cream,133,106,352.86,1675.21,2769.55,23.78,Schedule III,PH0034,Pharmacist_186,RPH555486,PA,11,PHM0002,Express Meds,Walgreens,1075 Park St,Chicago,NY,12938,(607) 451-4350,PHL44532,9096631671,FC2156752,DOC0003,Dr. Jones T,3130416629,AO3414627,MD646601,Orthopedics,6365 Clinic Blvd,Phoenix,NY,96377,(423) 908-9316,3,PAT002350,31,Other,90343,CA,Medicare,INS21144,GRP7301,150614,PCN5017,20.23,3727.22,401.69,M54.5,Hypertension,Psychotherapeutic,Chronic Disease,02,144,-25,Electronic,Paper,4.71,21.04,412,886,392,1,0,92.43,5,2,0,Saturday,Afternoon,0,0,1,Tier 1,0,0,Insurance,Rejected,79,1,1,1,1,1,91.43,45.49,70.66,1
RX00000384,2025-10-22,11:16:57,2024-07-22,1,90,Losartan,Tramadol,42783-306-55,500mg,Tablet,37,22,70.29,3125.07,2586.02,21.72,Schedule II,PH0013,Pharmacist_138,RPH748301,PA,9,PHM0013,Family Pharmacy,CVS,3189 Main St,Los Angeles,TX,98960,(963) 271-6100,PHL95829,7528442699,FK1478014,DOC0254,Dr. Brown A,5910247871,AI1291318,MD553157,Orthopedics,7023 Medical Blvd,Houston,FL,46889,(934) 308-6240,8,PAT002433,57,Other,72588,FL,Aetna,INS24072,GRP7882,399524,PCN5008,73.48,1147.39,67.9,N18.3,Asthma,Antidiabetic,Infection,00,89,7,Electronic,Electronic,29.95,21.9,168,845,159,1,0,104.37,2,2,0,Tuesday,Afternoon,1,0,1,Non-Formulary,0,1,Credit Card,Rejected,88,1,0,1,1,0,35.71,38.41,45.05,0
RX00000385,2024-11-12,18:18:19,2024-10-04,4,60,Atorvastatin,Amlodipine,86569-106-13,50mg,Tablet,104,53,151.93,789.49,3942.83,43.42,Schedule V,PH0097,Pharmacist_127,RPH664495,TX,22,PHM0017,Prime Pharmacy,Rite Aid,252 Main St,Phoenix,IL,71594,(980) 699-6679,PHL15905,8236400003,FM8573686,DOC0055,Dr. Smith X,6276410031,AP3403382,MD895628,Oncology,828 Hospital Blvd,Phoenix,CA,17509,(907) 517-2256,30,PAT003962,22,Other,74918,NY,Humana,INS65490,GRP1702,805608,PCN5066,10.58,439.85,331.81,E11.9,Arthritis,Psychotherapeutic,Preventive,01,350,17,Written,Fax,27.7,44.27,180,493,361,1,0,159.05,3,5,4,Saturday,Afternoon,0,0,1,Non-Formulary,1,0,Credit Card,Paid,79,1,0,1,1,1,70.04,10.98,-34.98,0
RX00000386,2025-02-15,08:36:15,2024-10-16,11,30,Simvastatin,Gabapentin,63389-754-11,50mg,Cream,104,90,60.15,2072.47,3886.97,8.23,Schedule II,PH0151,Pharmacist_86,RPH535500,NY,12,PHM0009,Family Pharmacy,Walgreens,6185 Main St,Phoenix,NY,58915,(604) 821-7620,PHL18831,3548886614,FC3438137,DOC0367,Dr. Garcia W,7732396969,AX6232646,MD685150,Psychiatry,9598 Health Blvd,Phoenix,TX,78890,(693) 784-9314,39,PAT003346,43,M,84927,FL,Cigna,INS17661,GRP6693,269907,PCN9104,62.7,1169.42,102.43,R51,Diabetes,Analgesic,Chronic Disease,04,40,-3,Electronic,Paper,41.52,11.83,482,124,41,0,1,196.44,2,6,0,Monday,Night,1,0,0,Tier 1,1,1,Debit Card,Paid,88,1,1,0,1,0,85.96,42.01,-70.02,0
RX00000387,2024-08-05,15:23:25,2024-03-25,11,60,Levothyroxine,Morphine,89689-633-49,10mg,Tablet,86,12,419.13,3552.58,980.81,38.5,Schedule IV,PH0053,Pharmacist_5,RPH328591,OH,9,PHM0020,QuickMeds,Independent,2952 Washington St,Chicago,OH,59930,(411) 966-6322,PHL26688,2774499359,FD9637783,DOC0014,Dr. Garcia Y,1649600441,AH1055463,MD820091,Psychiatry,9646 Clinic Blvd,Phoenix,FL,28184,(877) 268-6486,13,PAT000525,31,M,95965,NY,Medicaid,INS20302,GRP8645,607958,PCN1491,80.95,940.94,195.65,K21.9,Arthritis,Analgesic,Acute Condition,04,155,0,Phone,Electronic,1.11,32.54,82,425,278,1,1,160.54,2,0,3,Tuesday,Night,0,0,1,Tier 1,0,3,Credit Card,Rejected,76,0,0,0,0,1,82.52,73.96,-74.77,1
RX00000388,2025-11-02,11:03:23,2024-11-03,8,60,Albuterol,Ibuprofen,69779-908-18,20mg,Injection,94,48,142.38,4273.04,1318.03,29.38,None,PH0129,Pharmacist_92,RPH267744,OH,33,PHM0016,Central Drug Store,Independent,8337 Oak St,New York,PA,19677,(535) 323-5530,PHL86952,7299879571,FP7939994,DOC0373,Dr. Williams S,1383341468,AM2424356,MD528038,Oncology,7316 Health Blvd,Chicago,NY,76603,(370) 337-7336,7,PAT004649,59,Other,45244,PA,Self-Pay,INS97347,GRP1388,999067,PCN3146,56.27,2528.55,131.77,F33.1,Depression,Analgesic,Chronic Disease,02,234,0,Fax,Fax,9.9,3.93,452,244,212,1,1,107.84,5,5,0,Sunday,Morning,0,1,1,Non-Formulary,1,4,Cash,Rejected,75,1,0,1,0,0,45.16,57.92,-43.04,0
RX00000389,2025-04-29,14:02:45,2024-06-25,7,90,Ibuprofen,Montelukast,27801-100-95,20mg,Tablet,67,172,356.12,2757.4,2473.35,47.46,Schedule II,PH0003,Pharmacist_195,RPH705909,IL,28,PHM0026,HealthPlus Pharmacy,Rite Aid,7122 Oak St,Houston,NY,12287,(404) 862-8271,PHL39300,9142473153,FL8055279,DOC0015,Dr. Brown A,5305749224,AM6468980,MD614204,Pediatrics,3275 Health Blvd,Houston,FL,14452,(525) 466-7407,29,PAT001649,49,M,61441,TX,Self-Pay,INS10738,GRP6598,383688,PCN7974,89.43,2942.11,247.58,M54.5,Hypertension,Antibiotic,Preventive,04,219,4,Written,Electronic,2.85,42.51,170,218,312,0,0,99.08,4,2,6,Sunday,Night,0,1,1,Non-Formulary,0,0,Check,Pending,88,0,1,0,0,1,81.49,38.61,66.4,1
RX00000390,2024-02-02,08:56:59,2025-11-15,7,30,Rosuvastatin,Rosuvastatin,51972-363-60,100mg,Capsule,171,89,364.37,1422.46,3801.25,38.9,Schedule II,PH0147,Pharmacist_163,RPH134008,IL,18,PHM0007,TrustedMeds,CVS,1858 Park St,Phoenix,TX,85397,(587) 709-2108,PHL78639,1940748682,FD4374365,DOC0260,Dr. Smith L,2261831525,AV5246633,MD786550,Orthopedics,5973 Medical Blvd,New York,CA,86405,(871) 242-4216,23,PAT004925,56,Other,11887,IL,Humana,INS31764,GRP5631,166116,PCN3972,31.35,2018.16,312.43,M25.551,Asthma,Cardiovascular,Infection,01,126,5,Fax,Fax,2.65,49.36,200,874,375,1,0,179.09,5,6,2,Sunday,Evening,0,0,1,Tier 1,0,4,Check,Reversed,88,0,1,1,1,0,1.3,2.13,-80.02,0
RX00000391,2024-01-20,15:45:00,2025-06-19,6,60,Amlodipine,Rosuvastatin,31868-998-10,100mg,Tablet,99,89,279.84,2759.15,531.9,15.05,None,PH0020,Pharmacist_121,RPH634097,FL,4,PHM0022,QuickMeds,Rite Aid,7457 Washington St,Houston,FL,19368,(807) 339-3208,PHL14373,4756257920,FB3618679,DOC0008,Dr. Jones O,7175533122,AB6998218,MD627938,Endocrinology,3142 Hospital Blvd,New York,NY,64741,(213) 587-8174,32,PAT004341,79,M,87939,OH,Aetna,INS44902,GRP8735,794566,PCN3866,37.8,1537.22,440.22,I10,Diabetes,Antidiabetic,Chronic Disease,04,212,0,Electronic,Phone,3.36,4.83,382,317,453,1,0,145.05,3,5,2,Wednesday,Night,1,1,0,Tier 3,0,3,Check,Paid,None,1,0,0,0,1,92.69,73.58,-4.74,1
RX00000392,2024-08-01,08:41:23,2025-10-20,10,60,Morphine,Albuterol,11211-723-79,20mg,Cream,63,27,429.81,1124.46,1955.46,36.61,Schedule II,PH0195,Pharmacist_125,RPH435584,IL,28,PHM0004,Express Meds,CVS,5002 Maple St,Houston,NY,41594,(411) 996-9855,PHL85770,1647379876,FJ7032508,DOC0008,Dr. Johnson I,8599114706,AO1899200,MD455469,Neurology,5290 Clinic Blvd,Houston,IL,93619,(336) 612-4151,35,PAT004456,18,Other,36545,OH,Aetna,INS45303,GRP3381,586525,PCN2452,37.75,2992.92,373.72,K21.9,Diabetes,Psychotherapeutic,Acute Condition,04,236,17,Electronic,Fax,2.2,20.96,413,185,138,0,1,160.4,0,3,8,Wednesday,Evening,1,1,0,Non-Formulary,0,4,Cash,Paid,88,0,0,1,0,0,79.59,93.32,40.34,1
RX00000393,2025-09-14,16:23:17,2025-01-05,5,60,Metformin,Albuterol,90336-268-50,250mg,Cream,71,31,131.01,27.96,4007.98,20.62,Schedule II,PH0008,Pharmacist_52,RPH266213,IL,10,PHM0028,TrustedMeds,Rite Aid,3225 Maple St,Philadelphia,TX,90264,(209) 515-8319,PHL85965,6928357697,FO2682112,DOC0001,Dr. Brown Z,8360680508,AU3336759,MD196865,Dermatology,2520 Clinic Blvd,New York,IL,64765,(376) 752-7681,35,PAT002571,67,F,91934,NY,Humana,INS67442,GRP7334,152993,PCN9582,82.4,4244.2,87.42,E11.9,Asthma,Analgesic,Chronic Disease,04,224,-19,Electronic,Fax,3.46,23.39,449,681,194,0,1,87.61,1,1,6,Tuesday,Afternoon,0,1,1,Tier 1,0,3,Cash,Reversed,75,0,0,0,1,1,80.46,60.87,3.11,1
RX00000394,2024-10-03,11:16:54,2024-02-22,11,30,Prednisone,Ibuprofen,39981-197-17,500mg,Tablet,109,115,117.82,1882.97,809.26,38.83,Schedule II,PH0135,Pharmacist_71,RPH480458,OH,21,PHM0020,Metro Pharmacy,Independent,4853 Main St,Phoenix,PA,53422,(664) 830-7199,PHL29957,7764303717,FC2746373,DOC0421,Dr. Garcia A,7491628807,AQ8163695,MD183675,Cardiology,6369 Health Blvd,New York,CA,33941,(598) 206-5852,27,PAT004843,20,Other,23618,FL,Humana,INS90279,GRP6496,308930,PCN9374,82.93,2809.17,454.51,N18.3,Arthritis,Analgesic,Chronic Disease,02,37,-29,Fax,Fax,57.14,31.36,280,558,341,1,1,107.92,3,3,2,Monday,Night,1,0,0,Tier 3,0,1,Check,Rejected,76,1,1,0,1,0,49.96,80.03,28.45,0
RX00000395,2024-02-15,08:22:40,2025-11-19,6,60,Montelukast,Lisinopril,43106-653-53,20mg,Capsule,178,60,388.21,2503.08,367.2,25.48,Schedule III,PH0092,Pharmacist_66,RPH871272,OH,5,PHM0011,QuickMeds,Independent,9150 Oak St,Chicago,OH,85889,(382) 360-1094,PHL33580,3357396890,FL4036635,DOC0015,Dr. Smith Q,2521342462,AD8390152,MD511540,General Practice,158 Medical Blvd,Los Angeles,FL,89597,(640) 370-6474,3,PAT002684,25,F,39880,PA,Aetna,INS46511,GRP2038,342938,PCN5838,23.86,1111.79,482.11,F33.1,Diabetes,Antibiotic,Pain,01,249,-14,Fax,Paper,0.22,39.44,123,575,415,0,1,86.58,2,0,3,Thursday,Night,1,1,0,Tier 3,0,4,Credit Card,Paid,75,0,0,1,1,0,85.47,28.75,-17.71,1
RX00000396,2025-03-17,18:32:54,2024-07-31,10,30,Losartan,Methylprednisolone,13634-956-50,10mg,Cream,42,64,233.58,860.27,271.8,7.34,Schedule III,PH0074,Pharmacist_66,RPH593376,IL,15,PHM0037,HealthPlus Pharmacy,Independent,1275 Washington St,New York,FL,42954,(931) 210-1484,PHL36268,8344502444,FL7618353,DOC0005,Dr. Jones V,8249070994,AQ7645925,MD445562,Internal Medicine,3509 Health Blvd,Chicago,TX,88495,(587) 614-7177,1,PAT003625,35,M,61610,FL,BlueCross BlueShield,INS48297,GRP8699,376107,PCN2696,14.8,2512.48,271.62,M54.5,Arthritis,Psychotherapeutic,Preventive,01,256,10,Phone,Phone,0.2,42.03,68,810,363,1,0,196.19,2,3,3,Sunday,Evening,0,1,0,Tier 2,1,4,Credit Card,Reversed,79,1,0,1,1,1,79.58,94.71,87.06,1
RX00000397,2025-07-20,12:53:41,2024-06-02,1,30,Losartan,Amlodipine,73895-494-44,20mg,Cream,141,68,378.05,1108.87,945.32,33.09,Schedule III,PH0062,Pharmacist_154,RPH484507,NY,26,PHM0003,TrustedMeds,Independent,8903 Maple St,Los Angeles,NY,88654,(772) 679-4878,PHL48047,1129687363,FC5260722,DOC0004,Dr. Jones Z,7882301046,AX6110010,MD577413,Oncology,4561 Health Blvd,Los Angeles,FL,70714,(237) 482-1652,37,PAT003417,76,Other,18893,IL,Humana,INS57788,GRP7379,452732,PCN8852,94.58,1048.56,192.47,F33.1,Hypertension,Analgesic,Chronic Disease,00,175,0,Phone,Fax,2.66,27.12,435,747,200,0,0,118.99,4,0,4,Sunday,Morning,1,1,1,Tier 3,0,0,Debit Card,Rejected,None,1,1,0,1,0,82.01,38.72,1.26,1
RX00000398,2025-01-15,15:35:58,2024-10-17,7,30,Atorvastatin,Simvastatin,52951-928-71,500mg,Capsule,150,27,276.84,726.42,3467.04,42.8,Schedule II,PH0126,Pharmacist_195,RPH689522,IL,35,PHM0033,QuickMeds,Walgreens,2796 Maple St,Phoenix,PA,86349,(265) 839-7624,PHL13385,2255004236,FX6833015,DOC0014,Dr. Garcia R,8638113275,AL4243053,MD587796,Dermatology,1111 Clinic Blvd,Los Angeles,FL,64568,(408) 326-9677,21,PAT003019,90,F,74752,CA,Medicare,INS26155,GRP8130,887874,PCN5185,25.53,3194.94,423.7,F41.9,Depression,Cardiovascular,Pain,00,139,-28,Fax,Phone,0.68,20.57,77,245,257,0,0,89.55,5,6,4,Sunday,Morning,1,1,0,Non-Formulary,0,1,Check,Pending,76,0,1,0,1,1,92.9,99.49,42.24,1
RX00000399,2024-03-03,17:30:44,2025-06-04,12,60,Clopidogrel,Azithromycin,52166-382-67,500mg,Syrup,140,128,418.24,3514.21,4230.39,48.54,Schedule II,PH0171,Pharmacist_124,RPH170177,CA,21,PHM0013,Main Street Pharmacy,Independent,2440 Maple St,Philadelphia,PA,87344,(256) 640-9119,PHL70239,2390764362,FW7732732,DOC0400,Dr. Smith Y,3728072988,AP5856597,MD335299,Cardiology,4313 Medical Blvd,Los Angeles,TX,59416,(260) 247-5808,8,PAT001647,30,F,99401,FL,Medicare,INS70928,GRP6769,254832,PCN8869,77.64,2.69,55.25,J44.9,Arthritis,Psychotherapeutic,Acute Condition,00,224,-3,Phone,Phone,37.55,0.56,448,816,76,1,0,149.24,5,7,2,Friday,Morning,1,0,0,Non-Formulary,1,3,Debit Card,Rejected,75,1,0,0,1,1,89.61,24.66,-85.63,0
RX00000400,2024-08-13,10:21:26,2025-10-26,4,60,Montelukast,Rosuvastatin,30653-769-15,500mg,Capsule,121,168,11.21,3471.59,488.21,36.95,Schedule III,PH0009,Pharmacist_170,RPH952640,NY,26,PHM0005,Main Street Pharmacy,CVS,4316 Main St,Philadelphia,IL,71769,(431) 295-3212,PHL30280,3886282402,FW8247080,DOC0139,Dr. Brown O,7165111397,AK5806454,MD787849,Cardiology,5413 Hospital Blvd,Los Angeles,TX,30548,(842) 867-2866,27,PAT004631,53,M,53901,NY,Aetna,INS75611,GRP8116,176838,PCN8640,55.01,54.12,277.01,I10,Diabetes,Psychotherapeutic,Pain,02,231,-16,Phone,Electronic,30.97,11.26,398,826,34,1,1,55.25,2,5,5,Sunday,Evening,0,1,0,Tier 3,0,0,Debit Card,Paid,76,1,1,0,1,0,31.86,62.29,-25.3,0
RX00000401,2025-06-08,13:59:43,2024-04-29,9,90,Albuterol,Methylprednisolone,66887-771-32,50mg,Cream,111,162,75.66,2001.85,1414.82,6.12,Schedule IV,PH0166,Pharmacist_48,RPH450985,PA,23,PHM0005,Express Meds,Walgreens,1531 Washington St,Phoenix,OH,68554,(911) 571-2237,PHL86681,6157208340,FQ5202089,DOC0293,Dr. Jones K,1935785730,AF8622601,MD941603,Dermatology,4476 Clinic Blvd,Chicago,IL,94720,(220) 885-2083,40,PAT004035,72,Other,30906,CA,Cigna,INS45237,GRP7830,900372,PCN2461,39.67,3074.59,38.47,J44.9,Arthritis,Antibiotic,Infection,01,72,-22,Electronic,Fax,29.0,2.05,347,523,455,0,0,-18.32,0,4,8,Saturday,Morning,0,1,0,Tier 3,0,4,Check,Pending,75,1,1,0,0,1,79.78,51.53,-2.49,0
RX00000402,2024-06-14,17:38:55,2025-12-08,5,90,Rosuvastatin,Ibuprofen,81631-223-44,10mg,Capsule,65,82,356.34,135.56,4472.89,29.88,None,PH0178,Pharmacist_185,RPH150567,TX,25,PHM0046,HealthPlus Pharmacy,CVS,5691 Park St,Philadelphia,OH,96152,(642) 805-1623,PHL93199,1294150293,FN7959879,DOC0148,Dr. Jones J,2795380875,AE2259739,MD268572,Pediatrics,7147 Health Blvd,Houston,TX,28898,(717) 317-3441,23,PAT004637,85,M,61975,OH,Aetna,INS16759,GRP8488,957993,PCN5382,62.19,3706.13,391.71,F41.9,Asthma,Antibiotic,Preventive,00,88,-6,Written,Paper,85.18,0.12,115,81,372,1,1,30.91,2,6,5,Thursday,Morning,1,1,1,Non-Formulary,0,1,Insurance,Pending,88,1,0,1,0,1,1.42,29.07,-79.91,0
RX00000403,2025-01-24,11:50:56,2025-08-09,12,30,Amlodipine,Amoxicillin,71835-251-44,500mg,Cream,135,108,127.71,4585.1,1862.43,45.17,Schedule V,PH0094,Pharmacist_200,RPH480673,FL,17,PHM0021,TrustedMeds,Independent,6602 Main St,Phoenix,PA,11746,(904) 530-9257,PHL36224,3476515630,FJ1606274,DOC0002,Dr. Jones H,6879780418,AU5685098,MD981222,Orthopedics,7863 Clinic Blvd,Phoenix,IL,76839,(327) 803-3817,1,PAT003551,67,F,59924,IL,Cigna,INS33301,GRP7069,796573,PCN7795,81.02,4283.43,217.8,J44.9,Diabetes,Analgesic,Acute Condition,04,120,-25,Phone,Fax,3.56,17.09,464,261,173,0,0,134.53,4,9,5,Wednesday,Night,0,0,0,Tier 1,0,3,Debit Card,Paid,None,1,0,1,1,0,96.27,13.35,-22.69,1
RX00000404,2025-09-14,18:18:44,2025-04-12,9,30,Amoxicillin,Oxycodone,38437-290-40,500mg,Tablet,145,120,419.07,3744.59,4348.66,43.55,None,PH0109,Pharmacist_109,RPH770806,FL,17,PHM0031,City Pharmacy,Rite Aid,2324 Main St,Philadelphia,CA,20416,(877) 262-5837,PHL10201,3367833663,FQ5199719,DOC0167,Dr. Johnson X,3395771866,AM1299367,MD930844,Neurology,9049 Health Blvd,Houston,FL,91379,(971) 554-4632,13,PAT002315,36,M,52533,NY,Self-Pay,INS39619,GRP3124,240438,PCN5320,12.81,3982.83,246.27,M79.7,Diabetes,Antidiabetic,Acute Condition,02,185,-2,Electronic,Electronic,36.54,8.33,55,675,232,1,0,3.39,0,1,4,Friday,Evening,1,0,0,Non-Formulary,0,4,Cash,Reversed,88,1,1,0,0,1,22.32,46.21,80.04,0
RX00000405,2024-04-21,12:28:48,2024-08-21,0,60,Methylprednisolone,Tramadol,42039-798-85,20mg,Cream,97,71,65.84,3198.45,680.21,48.8,Schedule III,PH0080,Pharmacist_105,RPH185158,OH,27,PHM0046,Main Street Pharmacy,Rite Aid,9800 Maple St,Houston,PA,68340,(860) 663-9607,PHL97098,4406365188,FQ9670140,DOC0473,Dr. Miller N,4949257008,AH6462127,MD748439,Pediatrics,5474 Hospital Blvd,New York,CA,83436,(543) 966-8179,12,PAT001882,60,Other,16771,CA,Self-Pay,INS46802,GRP8546,324147,PCN9099,48.74,1901.34,200.51,M54.5,Asthma,Psychotherapeutic,Acute Condition,02,149,19,Fax,Fax,36.91,28.55,363,491,395,0,0,75.74,0,0,8,Saturday,Morning,0,0,0,Tier 3,0,4,Debit Card,Reversed,88,0,1,0,1,0,56.04,32.18,-35.33,0
RX00000406,2024-11-08,15:06:40,2024-01-06,12,90,Amoxicillin,Prednisone,77010-108-10,500mg,Syrup,171,100,257.66,2423.9,829.35,12.05,Schedule II,PH0124,Pharmacist_173,RPH772252,TX,26,PHM0028,CarePlus Pharmacy,Walgreens,2205 Park St,Chicago,OH,77669,(403) 245-6657,PHL25068,2961246220,FS8797187,DOC0150,Dr. Johnson X,2425445531,AF4643060,MD368455,Dermatology,3950 Clinic Blvd,Los Angeles,FL,70725,(582) 891-8331,31,PAT004078,74,M,42858,PA,Aetna,INS60856,GRP6485,657876,PCN8898,32.27,930.68,34.8,F41.9,Asthma,Antidiabetic,Preventive,00,131,-30,Fax,Fax,76.14,3.84,459,703,298,0,0,91.27,3,1,0,Thursday,Evening,1,1,1,Non-Formulary,1,3,Cash,Paid,79,0,0,1,0,1,76.72,39.0,0.09,0
RX00000407,2024-05-13,13:45:09,2024-12-14,5,90,Montelukast,Oxycodone,59775-601-36,50mg,Tablet,131,153,379.76,3733.13,2977.03,12.91,Schedule II,PH0168,Pharmacist_153,RPH411987,OH,30,PHM0025,Prime Pharmacy,Walgreens,6902 Main St,Los Angeles,PA,59660,(290) 466-4352,PHL96017,5003062341,FD7624655,DOC0421,Dr. Johnson O,6728394616,AW6001509,MD368085,Dermatology,9604 Medical Blvd,Phoenix,TX,18340,(844) 819-6519,26,PAT003285,45,M,18082,PA,Anthem,INS36326,GRP7390,252141,PCN2935,79.25,242.18,339.41,K21.9,Depression,Cardiovascular,Acute Condition,04,236,25,Written,Phone,34.89,41.98,257,111,25,0,0,-0.69,5,10,5,Sunday,Afternoon,1,0,1,Tier 3,0,3,Cash,Pending,88,1,1,1,1,0,21.8,33.46,-40.36,0
RX00000408,2024-04-10,14:38:48,2024-04-14,1,60,Hydrochlorothiazide,Tramadol,81970-287-71,10mg,Tablet,178,42,287.15,1092.29,3130.89,9.72,Schedule II,PH0101,Pharmacist_131,RPH699710,NY,31,PHM0017,TrustedMeds,Rite Aid,422 Oak St,New York,NY,66958,(976) 758-9777,PHL47634,5620278520,FP9087114,DOC0386,Dr. Smith W,9879408627,AI3898794,MD834406,Oncology,1134 Clinic Blvd,Houston,CA,71986,(646) 882-6973,22,PAT004571,38,M,38850,PA,Kaiser Permanente,INS57386,GRP3124,824359,PCN9958,32.32,2206.11,12.92,I25.10,Arthritis,Analgesic,Pain,01,75,5,Phone,Paper,98.57,39.89,183,974,18,0,1,123.35,4,9,7,Monday,Evening,0,1,1,Tier 3,1,1,Debit Card,Pending,79,1,1,1,1,1,47.42,3.38,36.89,0
RX00000409,2024-12-24,18:03:33,2024-06-09,0,90,Escitalopram,Losartan,62837-857-49,50mg,Tablet,96,148,56.0,69.77,2386.36,9.9,Schedule V,PH0165,Pharmacist_143,RPH813485,OH,27,PHM0032,MediCare Drug Store,Independent,8158 Maple St,Chicago,FL,67048,(281) 802-4475,PHL68528,7127924323,FG7444081,DOC0146,Dr. Miller U,6564891231,AY6544773,MD354003,Dermatology,3933 Clinic Blvd,Houston,FL,46241,(961) 787-7691,15,PAT001628,79,Other,29385,NY,Anthem,INS32317,GRP9224,220002,PCN2216,34.49,815.93,242.46,M54.5,Asthma,Antidiabetic,Infection,02,160,-27,Electronic,Paper,96.49,5.85,149,9,388,1,0,199.68,2,7,2,Sunday,Night,0,1,1,Tier 2,0,2,Credit Card,Reversed,79,0,1,1,0,1,0.98,58.06,21.3,0
RX00000410,2024-09-25,18:33:33,2024-12-27,8,60,Hydrochlorothiazide,Rosuvastatin,88066-799-97,50mg,Syrup,125,39,122.75,4000.95,2756.27,16.39,Schedule III,PH0068,Pharmacist_186,RPH730117,FL,5,PHM0028,TrustedMeds,CVS,9348 Maple St,Los Angeles,TX,72769,(456) 688-8810,PHL73356,2192574631,FO3647628,DOC0010,Dr. Smith E,7249616155,AL7433863,MD954400,Neurology,1433 Health Blvd,Chicago,TX,74589,(806) 884-9812,15,PAT001040,41,Other,15307,PA,BlueCross BlueShield,INS17829,GRP6303,717815,PCN1201,31.97,1578.06,56.65,M54.5,Arthritis,Antibiotic,Preventive,02,145,-28,Electronic,Electronic,2.24,28.63,142,311,468,0,1,80.75,3,2,7,Monday,Afternoon,0,0,0,Tier 1,1,2,Cash,Rejected,76,0,1,1,1,0,76.96,57.03,99.51,1
RX00000411,2024-08-07,18:20:40,2024-08-26,8,90,Albuterol,Atorvastatin,72402-294-69,100mg,Capsule,22,160,466.02,2283.73,2616.79,41.58,Schedule II,PH0112,Pharmacist_99,RPH531924,CA,32,PHM0043,HealthPlus Pharmacy,Independent,8268 Park St,Chicago,TX,11459,(972) 256-5789,PHL46364,9572554684,FV1777948,DOC0006,Dr. Brown W,2716826655,AT1456381,MD819604,Neurology,382 Health Blvd,Phoenix,NY,33850,(906) 351-7631,23,PAT001211,75,Other,30753,TX,Humana,INS60569,GRP4892,116462,PCN6448,62.12,3018.2,368.92,K21.9,Arthritis,Cardiovascular,Pain,03,226,-10,Phone,Fax,0.1,8.31,411,653,404,1,0,123.51,5,9,8,Thursday,Morning,1,0,1,Tier 3,1,1,Check,Paid,76,0,1,1,1,0,82.1,43.74,-56.61,1
RX00000412,2025-09-27,11:54:02,2024-10-28,9,60,Montelukast,Levothyroxine,18496-898-26,250mg,Tablet,91,109,273.98,2768.43,3517.34,42.26,Schedule II,PH0124,Pharmacist_134,RPH449804,NY,29,PHM0037,HealthPlus Pharmacy,Independent,2649 Main St,Chicago,PA,85170,(374) 517-2383,PHL39189,3032094322,FP5048909,DOC0210,Dr. Smith N,3957041466,AS1592910,MD969140,General Practice,6194 Hospital Blvd,New York,FL,83304,(467) 899-9222,14,PAT003483,84,M,65493,FL,Aetna,INS36076,GRP9777,513837,PCN7972,33.6,1861.94,467.15,M79.7,Arthritis,Antibiotic,Chronic Disease,04,182,-2,Phone,Phone,69.85,14.6,416,4,393,1,1,-43.99,3,10,2,Wednesday,Morning,1,0,0,Tier 3,0,0,Check,Pending,76,1,0,0,1,1,45.34,50.39,51.21,0
RX00000413,2025-12-04,12:05:23,2025-10-21,12,60,Oxycodone,Morphine,49711-693-41,10mg,Injection,107,13,261.74,603.22,3450.54,42.0,None,PH0088,Pharmacist_163,RPH484538,PA,25,PHM0028,Wellness Pharmacy,Independent,3884 Maple St,New York,PA,46109,(651) 879-6837,PHL15903,1180784576,FJ6632365,DOC0343,Dr. Jones J,3521837268,AE9012088,MD124226,Psychiatry,9450 Medical Blvd,Houston,TX,89558,(515) 838-4964,22,PAT003581,62,Other,95128,OH,Medicaid,INS15337,GRP4690,926813,PCN7451,21.12,978.91,146.44,J44.9,Diabetes,Antibiotic,Chronic Disease,02,261,28,Written,Fax,15.38,2.02,374,227,23,0,1,185.3,0,4,2,Wednesday,Evening,1,1,0,Tier 1,0,0,Credit Card,Pending,75,0,1,1,1,0,52.64,84.22,-79.1,0
RX00000414,2024-09-18,11:04:31,2025-12-06,9,90,Lisinopril,Simvastatin,63252-646-81,10mg,Capsule,14,68,429.04,2732.41,1711.88,9.89,Schedule II,PH0141,Pharmacist_25,RPH482556,CA,7,PHM0025,TrustedMeds,Walgreens,5433 Maple St,Houston,FL,30114,(578) 649-4795,PHL24641,2499720804,FN2812023,DOC0019,Dr. Johnson O,7444935990,AM3889293,MD907693,Orthopedics,9668 Clinic Blvd,Houston,IL,50511,(700) 486-6961,3,PAT004550,25,Other,83933,PA,Medicaid,INS90857,GRP8394,225549,PCN8638,90.37,2934.13,44.78,E78.5,Arthritis,Cardiovascular,Acute Condition,00,142,-19,Fax,Electronic,0.35,13.33,466,789,156,1,1,136.93,0,6,5,Monday,Evening,1,0,1,Tier 2,1,2,Credit Card,Pending,88,0,1,1,1,1,92.16,8.63,34.63,1
RX00000415,2025-11-05,12:38:32,2024-08-11,6,30,Amoxicillin,Ciprofloxacin,34818-930-80,20mg,Injection,73,162,196.39,1633.06,745.69,45.45,Schedule IV,PH0172,Pharmacist_107,RPH102548,PA,32,PHM0019,MediCare Drug Store,Independent,5195 Washington St,Chicago,OH,45423,(203) 374-8132,PHL26249,6112450733,FG5738135,DOC0473,Dr. Johnson K,6812043144,AM2448096,MD684042,Dermatology,2449 Health Blvd,Los Angeles,CA,37239,(746) 461-3013,24,PAT002824,27,M,85450,PA,Kaiser Permanente,INS45804,GRP3171,758956,PCN6931,77.27,3898.22,169.63,E78.5,Arthritis,Psychotherapeutic,Preventive,00,261,27,Electronic,Paper,73.06,34.89,225,161,427,1,0,65.73,1,6,3,Tuesday,Evening,0,0,0,Non-Formulary,0,1,Cash,Reversed,79,0,1,0,0,0,21.92,87.84,-74.93,0
RX00000416,2024-07-20,16:55:07,2024-05-05,10,60,Morphine,Simvastatin,80441-557-91,500mg,Injection,85,159,343.15,4878.4,1306.43,32.32,Schedule II,PH0019,Pharmacist_52,RPH537341,FL,23,PHM0041,Family Pharmacy,Rite Aid,2672 Washington St,Houston,IL,44161,(926) 818-1074,PHL53297,6282422324,FU8091596,DOC0390,Dr. Brown U,3153479287,AY4132734,MD133290,Dermatology,1339 Health Blvd,New York,NY,24064,(695) 660-1242,22,PAT001994,56,M,37180,IL,Medicaid,INS39046,GRP4103,309406,PCN2668,65.42,3579.7,332.37,I25.10,Hypertension,Psychotherapeutic,Pain,00,203,-5,Electronic,Electronic,88.22,7.96,217,139,224,0,0,33.94,4,3,8,Friday,Evening,0,0,0,Tier 3,1,1,Check,Reversed,88,0,1,1,0,1,29.14,80.91,72.05,0
RX00000417,2025-06-16,11:45:24,2024-12-24,0,60,Simvastatin,Ibuprofen,28500-520-93,20mg,Capsule,89,136,276.32,3029.57,655.01,46.56,Schedule III,PH0027,Pharmacist_164,RPH919798,IL,10,PHM0028,HealthPlus Pharmacy,Independent,4109 Maple St,New York,FL,26432,(266) 261-9673,PHL47891,1142446101,FK9054196,DOC0064,Dr. Miller T,3798646432,AM3280831,MD843541,Endocrinology,8676 Medical Blvd,New York,IL,90188,(689) 857-6796,12,PAT003463,85,F,64840,TX,BlueCross BlueShield,INS79913,GRP4513,539088,PCN2522,76.28,2507.19,404.76,I25.10,Diabetes,Cardiovascular,Chronic Disease,00,226,-16,Fax,Paper,42.69,2.79,352,998,344,1,0,75.03,2,3,0,Tuesday,Morning,0,0,0,Tier 3,1,1,Debit Card,Paid,79,0,0,1,1,1,37.76,51.37,-34.73,0
RX00000418,2025-04-28,10:29:14,2024-06-23,1,60,Levothyroxine,Atorvastatin,88126-903-36,20mg,Capsule,157,126,335.48,881.52,3469.99,16.52,None,PH0076,Pharmacist_152,RPH803349,OH,16,PHM0036,Corner Pharmacy,Walgreens,8116 Maple St,Chicago,NY,94001,(287) 718-9798,PHL62667,8676874625,FL5500748,DOC0340,Dr. Brown R,1223819592,AP3914196,MD872219,Pediatrics,7120 Hospital Blvd,Houston,FL,88466,(735) 447-8832,23,PAT002945,64,Other,12237,TX,Kaiser Permanente,INS81323,GRP4997,665877,PCN9074,36.09,61.25,370.84,N18.3,Arthritis,Cardiovascular,Preventive,04,27,16,Phone,Electronic,53.01,22.25,75,98,366,0,0,-7.05,2,9,8,Monday,Evening,0,0,0,Tier 1,1,3,Check,Reversed,76,0,0,0,0,1,53.43,40.57,-81.87,0
RX00000419,2024-10-01,10:11:51,2024-11-23,0,90,Methylprednisolone,Omeprazole,20126-497-45,20mg,Injection,112,68,115.94,1901.91,1321.29,45.69,Schedule II,PH0049,Pharmacist_27,RPH108180,CA,31,PHM0006,Metro Pharmacy,Rite Aid,2083 Park St,Phoenix,TX,51475,(676) 956-5096,PHL16055,7754511724,FA2234849,DOC0123,Dr. Jones W,1049884316,AY6582025,MD533134,Internal Medicine,3913 Clinic Blvd,Los Angeles,FL,39600,(573) 812-7047,6,PAT003866,73,M,57383,NY,Humana,INS24342,GRP4929,783839,PCN1460,15.01,835.74,464.23,G89.29,Arthritis,Antidiabetic,Pain,00,203,-4,Electronic,Fax,18.64,1.18,151,596,470,0,0,162.3,2,7,7,Thursday,Evening,0,1,0,Tier 3,1,0,Debit Card,Pending,75,0,0,1,1,1,20.88,16.32,97.01,0
RX00000420,2024-04-20,09:25:52,2024-06-01,3,30,Escitalopram,Lisinopril,51582-986-24,10mg,Tablet,76,51,361.8,588.89,1320.97,41.27,Schedule III,PH0094,Pharmacist_79,RPH536699,FL,14,PHM0005,Metro Pharmacy,CVS,7369 Main St,Philadelphia,FL,44563,(294) 787-1008,PHL99442,7055332882,FT6388446,DOC0258,Dr. Williams K,3811717813,AR6903630,MD598688,Cardiology,3246 Clinic Blvd,New York,CA,95135,(292) 704-7607,6,PAT003781,21,F,23666,NY,BlueCross BlueShield,INS24857,GRP2696,804751,PCN3059,45.19,2395.16,428.54,J45.909,Asthma,Cardiovascular,Acute Condition,01,15,30,Phone,Phone,91.02,23.56,195,367,267,1,1,181.13,0,0,1,Friday,Morning,1,1,0,Non-Formulary,0,3,Check,Rejected,76,0,0,1,1,0,62.44,27.12,37.7,0
RX00000421,2024-08-23,13:56:18,2024-02-15,6,60,Atorvastatin,Gabapentin,79228-249-26,20mg,Tablet,174,118,447.33,4412.71,572.7,8.3,None,PH0109,Pharmacist_131,RPH374424,FL,4,PHM0015,Prime Pharmacy,Independent,9891 Maple St,New York,PA,54294,(828) 352-4900,PHL46579,7109889332,FK3463941,DOC0359,Dr. Smith Y,7422035025,AN5313766,MD440526,Dermatology,3927 Medical Blvd,Houston,TX,86085,(522) 209-8047,3,PAT002651,54,M,22599,PA,Cigna,INS72364,GRP2707,334635,PCN5761,64.08,3342.74,394.88,J45.909,Hypertension,Cardiovascular,Acute Condition,04,306,24,Written,Fax,12.3,26.82,296,856,431,1,1,169.63,5,6,0,Monday,Afternoon,0,1,0,Tier 3,1,2,Debit Card,Pending,79,0,0,1,0,1,6.97,98.57,65.96,0
RX00000422,2024-10-10,16:49:23,2025-07-14,5,30,Metformin,Prednisone,73397-916-50,10mg,Syrup,11,154,107.53,102.52,4104.16,10.2,Schedule III,PH0160,Pharmacist_102,RPH684066,IL,29,PHM0018,QuickMeds,Independent,5973 Oak St,Phoenix,CA,52932,(941) 872-6804,PHL14261,7867493857,FP3569617,DOC0261,Dr. Jones C,7574038517,AO3572267,MD509543,Psychiatry,8379 Medical Blvd,Houston,NY,89474,(820) 850-3816,19,PAT000631,72,Other,22432,CA,Self-Pay,INS55394,GRP5413,136945,PCN7246,17.75,2195.85,323.04,I25.10,Asthma,Cardiovascular,Preventive,04,335,-27,Fax,Paper,47.83,4.54,63,154,221,0,1,-26.56,4,5,2,Friday,Afternoon,0,0,0,Tier 1,0,2,Debit Card,Reversed,79,0,1,0,0,1,75.91,94.29,78.38,0
RX00000423,2025-03-10,10:31:41,2023-12-26,7,30,Atorvastatin,Omeprazole,51359-766-72,20mg,Injection,75,56,454.15,515.15,4032.03,37.51,None,PH0156,Pharmacist_65,RPH294128,CA,29,PHM0039,TrustedMeds,CVS,7983 Maple St,New York,TX,95129,(720) 666-2073,PHL90951,2234753324,FK1845811,DOC0006,Dr. Miller V,3433421091,AV6536605,MD337214,Cardiology,9515 Clinic Blvd,Chicago,IL,74447,(706) 822-4665,26,PAT002420,41,F,37637,FL,Self-Pay,INS55643,GRP8435,256198,PCN4645,52.06,2820.77,211.14,J45.909,Hypertension,Analgesic,Preventive,01,43,-15,Electronic,Electronic,4.83,5.19,455,652,458,0,0,63.79,5,3,0,Monday,Morning,1,1,0,Tier 3,0,1,Credit Card,Reversed,88,1,1,0,0,0,73.48,13.94,45.86,1
RX00000424,2023-12-31,15:03:49,2024-05-10,4,30,Methylprednisolone,Lisinopril,42578-591-11,250mg,Syrup,153,122,479.42,1033.46,2782.78,10.58,None,PH0109,Pharmacist_190,RPH680799,NY,9,PHM0025,HealthPlus Pharmacy,Independent,8551 Main St,Phoenix,OH,88126,(414) 657-2107,PHL58808,1995939021,FO6059943,DOC0006,Dr. Williams W,1013372312,AO5669203,MD781598,Internal Medicine,3889 Medical Blvd,New York,NY,37376,(656) 262-5099,37,PAT002184,68,M,50134,OH,Kaiser Permanente,INS51046,GRP6055,132687,PCN8202,85.63,3970.49,7.63,E78.5,Diabetes,Antibiotic,Chronic Disease,04,265,-22,Phone,Phone,1.32,27.63,52,684,385,0,0,162.89,5,8,2,Friday,Afternoon,1,0,0,Tier 3,1,3,Check,Rejected,76,1,1,0,1,0,84.52,99.21,-14.77,1
RX00000425,2024-10-26,14:43:57,2024-08-02,0,90,Prednisone,Tramadol,62637-318-39,10mg,Tablet,156,27,359.46,3487.84,4495.05,49.51,Schedule V,PH0086,Pharmacist_87,RPH879682,NY,2,PHM0039,QuickMeds,CVS,8129 Oak St,Philadelphia,CA,34944,(461) 901-1935,PHL40194,7389477032,FT2294766,DOC0011,Dr. Brown A,6217995981,AS4543473,MD128816,Psychiatry,1697 Hospital Blvd,New York,CA,47590,(579) 729-3123,3,PAT003907,36,M,61269,NY,Humana,INS68820,GRP5891,233146,PCN5891,43.16,1215.07,239.09,J44.9,Depression,Antibiotic,Pain,03,168,23,Phone,Electronic,2.29,16.83,457,225,210,1,1,52.42,4,10,1,Tuesday,Morning,1,0,0,Tier 3,1,4,Check,Paid,75,1,1,0,0,1,92.31,53.96,60.15,1
RX00000426,2024-01-07,16:49:05,2024-09-19,4,60,Levothyroxine,Ibuprofen,51234-366-17,500mg,Syrup,31,104,461.66,3333.25,1892.12,40.89,Schedule III,PH0003,Pharmacist_145,RPH925296,NY,4,PHM0008,City Pharmacy,Rite Aid,8266 Maple St,Phoenix,PA,88217,(895) 448-1580,PHL13150,1307323429,FI2315976,DOC0155,Dr. Williams B,5519006801,AU9032177,MD120032,Endocrinology,1282 Clinic Blvd,Chicago,FL,57100,(516) 731-5216,1,PAT000402,19,M,48508,CA,BlueCross BlueShield,INS48389,GRP7755,367250,PCN6878,25.19,2078.83,264.21,M54.5,Depression,Psychotherapeutic,Acute Condition,02,87,-7,Fax,Electronic,95.15,14.17,459,565,164,0,1,61.67,3,6,2,Wednesday,Night,1,0,0,Tier 2,0,3,Check,Pending,None,0,0,0,0,1,43.54,35.29,36.25,0
RX00000427,2025-04-18,09:21:01,2024-09-27,1,60,Gabapentin,Metformin,92831-543-97,50mg,Injection,133,179,193.95,951.57,3467.6,41.66,None,PH0177,Pharmacist_59,RPH914631,OH,11,PHM0045,Community Health Pharmacy,CVS,2092 Park St,Houston,FL,71841,(259) 366-6934,PHL50277,9432777006,FD7933936,DOC0306,Dr. Jones I,9249044419,AI7370719,MD722554,Psychiatry,4734 Clinic Blvd,Phoenix,IL,33594,(457) 899-6051,6,PAT004443,47,M,76648,OH,UnitedHealth,INS21536,GRP4966,565497,PCN3080,27.19,3356.46,340.35,F33.1,Arthritis,Psychotherapeutic,Infection,04,234,17,Electronic,Electronic,33.06,35.91,137,938,60,1,1,-44.38,0,0,4,Thursday,Evening,1,1,0,Tier 2,1,4,Check,Reversed,88,0,1,0,1,1,36.81,66.61,34.71,0
RX00000428,2025-11-04,13:15:17,2025-07-22,5,30,Methylprednisolone,Lisinopril,80519-565-25,100mg,Capsule,147,156,223.46,2213.28,3631.26,24.46,Schedule IV,PH0193,Pharmacist_15,RPH825690,IL,6,PHM0038,City Pharmacy,Independent,9953 Oak St,Chicago,NY,59879,(459) 329-6611,PHL85610,3625144338,FD8521636,DOC0432,Dr. Brown S,9656486939,AZ6956529,MD540884,Internal Medicine,5319 Medical Blvd,New York,TX,95537,(646) 951-4482,38,PAT003406,80,M,96713,TX,Humana,INS68370,GRP8822,604698,PCN2818,27.17,1599.47,225.14,M25.551,Arthritis,Cardiovascular,Infection,02,9,14,Written,Phone,92.53,18.49,145,263,437,1,0,63.19,5,9,8,Wednesday,Night,1,0,1,Non-Formulary,0,3,Credit Card,Pending,88,1,1,1,1,1,57.22,39.04,66.69,0
RX00000429,2025-12-17,13:01:36,2025-01-05,3,30,Prednisone,Montelukast,31043-581-70,20mg,Cream,170,46,237.66,2863.21,3026.77,44.63,Schedule IV,PH0016,Pharmacist_184,RPH682297,IL,18,PHM0011,QuickMeds,Rite Aid,6704 Main St,Los Angeles,FL,65531,(824) 753-1509,PHL93390,7290769298,FV6137720,DOC0230,Dr. Williams R,9539106253,AG7045816,MD148426,Cardiology,7996 Health Blvd,New York,FL,56515,(429) 689-9122,30,PAT004305,50,M,46463,FL,UnitedHealth,INS65060,GRP5717,691660,PCN2058,58.64,1753.16,472.42,K21.9,Asthma,Antibiotic,Pain,03,88,-9,Phone,Phone,69.02,1.9,199,621,123,0,1,192.89,3,9,7,Friday,Morning,1,0,0,Tier 1,1,0,Insurance,Paid,75,0,1,0,0,0,82.81,94.69,-3.93,0
RX00000430,2025-12-17,09:44:24,2024-02-01,9,90,Sertraline,Ciprofloxacin,90369-220-25,500mg,Capsule,156,86,210.55,1321.58,1116.51,49.59,Schedule V,PH0040,Pharmacist_142,RPH584596,IL,7,PHM0017,QuickMeds,Rite Aid,5952 Park St,Chicago,CA,20762,(869) 348-1450,PHL34715,4549359628,FS1999252,DOC0014,Dr. Williams T,9383993240,AN8259724,MD777698,Endocrinology,4258 Hospital Blvd,Los Angeles,IL,48021,(393) 771-4404,31,PAT002927,54,M,79455,IL,Humana,INS60450,GRP4970,597071,PCN8853,24.13,2825.14,314.96,E78.5,Hypertension,Analgesic,Pain,01,229,0,Phone,Electronic,3.16,49.77,295,210,488,0,1,64.65,1,5,0,Sunday,Evening,1,0,0,Non-Formulary,1,4,Check,Rejected,76,1,0,1,0,1,93.4,95.42,43.74,1
RX00000431,2024-05-16,12:55:38,2025-09-30,12,30,Rosuvastatin,Clopidogrel,67991-269-74,100mg,Injection,75,137,394.33,1923.91,2776.51,7.34,None,PH0114,Pharmacist_98,RPH839203,OH,11,PHM0039,Main Street Pharmacy,Rite Aid,6340 Maple St,Los Angeles,OH,46922,(302) 961-6189,PHL73711,1946618072,FV9620008,DOC0270,Dr. Smith E,5373348622,AA5427046,MD181257,Cardiology,7639 Medical Blvd,Phoenix,CA,27648,(809) 994-5584,16,PAT002036,76,M,33597,FL,Kaiser Permanente,INS67383,GRP9668,204533,PCN5769,62.03,999.08,178.8,E11.9,Hypertension,Psychotherapeutic,Infection,02,107,27,Written,Electronic,51.07,1.61,59,737,453,1,1,116.5,2,6,7,Sunday,Afternoon,0,0,1,Tier 1,0,0,Debit Card,Pending,88,0,0,1,1,1,24.06,95.16,60.38,0
RX00000432,2024-09-21,11:29:13,2025-04-23,9,60,Azithromycin,Prednisone,15805-185-10,10mg,Syrup,154,53,207.16,392.98,3596.05,29.82,Schedule II,PH0041,Pharmacist_186,RPH810166,TX,1,PHM0001,Wellness Pharmacy,Rite Aid,1367 Oak St,Phoenix,FL,53861,(476) 909-7985,PHL62803,1227643416,FU6252817,DOC0024,Dr. Miller C,2163272440,AK1695012,MD975078,Pediatrics,7816 Medical Blvd,New York,IL,14055,(233) 510-6553,4,PAT000680,58,Other,41774,CA,UnitedHealth,INS84996,GRP6373,740939,PCN7659,5.81,4338.56,240.96,R51,Diabetes,Antibiotic,Acute Condition,03,310,-3,Fax,Electronic,93.33,42.38,132,935,483,1,1,199.56,1,5,7,Wednesday,Morning,1,0,0,Tier 3,1,2,Insurance,Reversed,88,1,1,0,1,1,10.37,85.27,75.96,0
RX00000433,2024-05-28,09:24:03,2024-12-08,8,30,Metformin,Methylprednisolone,75433-787-52,50mg,Injection,20,152,85.62,2464.6,2470.07,43.26,Schedule III,PH0012,Pharmacist_68,RPH383987,PA,19,PHM0006,Express Meds,Walgreens,4671 Oak St,Phoenix,TX,28998,(966) 614-9088,PHL92464,9670604014,FR2016449,DOC0102,Dr. Garcia L,4642342815,AC6509740,MD958929,Neurology,3824 Health Blvd,Phoenix,FL,33170,(620) 722-5129,40,PAT003640,23,F,28740,TX,UnitedHealth,INS63868,GRP9272,222052,PCN5830,14.99,4079.27,2.79,K21.9,Asthma,Cardiovascular,Acute Condition,00,22,-3,Written,Phone,79.35,11.08,185,591,397,1,0,25.03,5,3,7,Thursday,Night,0,0,1,Tier 3,0,3,Insurance,Pending,None,0,1,1,0,0,49.9,68.78,74.14,0
RX00000434,2024-08-23,16:16:11,2024-07-19,4,60,Sertraline,Montelukast,67252-205-77,500mg,Injection,133,133,399.67,2173.01,2199.03,35.96,Schedule V,PH0186,Pharmacist_41,RPH937162,OH,12,PHM0036,Prime Pharmacy,CVS,5005 Park St,New York,TX,36909,(210) 850-3474,PHL24515,2556411683,FO3964629,DOC0077,Dr. Garcia L,7967122489,AR4725346,MD305813,Psychiatry,7699 Clinic Blvd,New York,IL,98849,(790) 304-3794,3,PAT002829,52,F,70990,PA,Anthem,INS87450,GRP9739,665706,PCN1479,9.06,3020.28,82.59,F33.1,Arthritis,Analgesic,Pain,04,110,-4,Written,Electronic,0.7,43.0,277,40,380,0,1,174.78,3,10,0,Sunday,Morning,1,0,0,Non-Formulary,0,3,Insurance,Rejected,76,1,1,0,1,0,53.69,39.14,79.8,0
RX00000435,2024-12-30,16:55:25,2025-06-06,6,30,Atorvastatin,Morphine,57152-349-58,250mg,Injection,58,46,404.79,3097.96,804.16,44.29,Schedule III,PH0012,Pharmacist_141,RPH120573,FL,18,PHM0002,Prime Pharmacy,Independent,7295 Park St,Houston,OH,36778,(865) 772-9159,PHL22700,9112242070,FD1938299,DOC0244,Dr. Smith U,5314147848,AM6412551,MD666139,Pediatrics,8542 Clinic Blvd,Los Angeles,IL,40335,(227) 974-1095,18,PAT003528,25,M,51049,OH,Anthem,INS10171,GRP9743,738813,PCN9134,88.76,1727.16,282.62,M25.551,Diabetes,Antidiabetic,Chronic Disease,04,2,-12,Electronic,Fax,57.3,44.19,27,651,211,1,0,168.99,0,4,7,Monday,Afternoon,1,0,0,Non-Formulary,1,2,Credit Card,Paid,75,0,0,1,0,0,15.17,89.5,9.08,0
RX00000436,2025-12-20,16:18:11,2024-08-11,4,30,Simvastatin,Levothyroxine,76915-268-74,50mg,Tablet,123,51,172.56,1126.24,64.1,36.21,Schedule V,PH0093,Pharmacist_19,RPH435127,OH,24,PHM0004,Express Meds,Independent,3188 Maple St,Los Angeles,TX,71356,(282) 294-8171,PHL82464,7486022363,FV6796972,DOC0489,Dr. Smith X,2552388547,AG3019371,MD656372,Pediatrics,1538 Medical Blvd,Chicago,CA,47944,(304) 330-1361,1,PAT004036,51,Other,15467,TX,Kaiser Permanente,INS18879,GRP6426,548602,PCN4487,21.63,3472.59,236.41,N18.3,Asthma,Analgesic,Acute Condition,04,292,27,Electronic,Fax,21.05,11.38,239,858,168,0,0,85.53,4,2,5,Tuesday,Afternoon,0,1,0,Tier 3,1,1,Debit Card,Paid,79,0,0,1,0,0,29.88,47.72,21.95,0
RX00000437,2025-05-07,14:24:37,2025-03-01,3,60,Hydrochlorothiazide,Omeprazole,66036-458-96,500mg,Capsule,31,178,153.46,3698.79,1421.45,48.61,Schedule III,PH0096,Pharmacist_108,RPH678733,OH,8,PHM0024,QuickMeds,Independent,8997 Park St,Chicago,CA,48475,(590) 918-4812,PHL95601,1980390738,FV1777932,DOC0003,Dr. Johnson G,5328617563,AE4526421,MD352367,Dermatology,8589 Hospital Blvd,New York,IL,60670,(204) 986-3378,21,PAT000222,37,F,12117,TX,BlueCross BlueShield,INS13178,GRP6084,357067,PCN9950,91.69,4179.95,214.37,F41.9,Arthritis,Cardiovascular,Acute Condition,01,199,-28,Phone,Fax,4.94,15.79,376,519,430,1,1,60.43,1,6,8,Monday,Evening,0,1,0,Tier 1,0,1,Cash,Paid,88,1,0,0,0,1,79.39,46.41,-89.92,1
RX00000438,2024-05-23,16:42:40,2024-02-18,6,30,Simvastatin,Montelukast,79127-802-32,250mg,Tablet,118,149,473.74,1942.16,66.9,39.88,Schedule IV,PH0130,Pharmacist_175,RPH649012,CA,11,PHM0032,MediCare Drug Store,Independent,869 Maple St,Philadelphia,OH,31421,(578) 375-9917,PHL98078,6438542088,FK9448678,DOC0206,Dr. Smith N,9912394689,AO3250906,MD264398,Pediatrics,1752 Health Blvd,Phoenix,FL,11099,(422) 326-1676,36,PAT000511,85,M,44655,IL,BlueCross BlueShield,INS90976,GRP9946,991525,PCN6664,88.5,1163.15,454.16,M79.7,Asthma,Psychotherapeutic,Pain,02,273,-15,Phone,Phone,39.68,20.88,408,326,268,1,1,-23.92,5,10,2,Thursday,Morning,0,0,0,Tier 1,0,3,Debit Card,Reversed,76,0,1,1,1,0,69.24,64.03,6.24,0
RX00000439,2024-03-03,13:45:59,2025-04-18,7,30,Atorvastatin,Clopidogrel,78928-640-73,10mg,Syrup,30,95,393.37,1606.97,2434.6,33.65,Schedule II,PH0162,Pharmacist_188,RPH560963,NY,5,PHM0019,CarePlus Pharmacy,CVS,2056 Washington St,Philadelphia,TX,60816,(340) 476-8872,PHL87883,7881778087,FX5228381,DOC0025,Dr. Johnson G,4586585443,AP3668415,MD571421,Dermatology,739 Clinic Blvd,Phoenix,FL,63543,(645) 338-1524,34,PAT002531,19,F,78269,TX,Anthem,INS43169,GRP1222,901084,PCN2883,33.21,2020.59,203.14,K21.9,Diabetes,Cardiovascular,Preventive,04,357,1,Electronic,Fax,52.45,17.21,65,324,359,1,1,180.59,1,4,5,Friday,Night,1,1,0,Tier 2,0,3,Cash,Rejected,79,1,1,0,1,0,21.16,9.89,97.81,0
RX00000440,2024-02-02,16:33:13,2025-04-22,9,30,Omeprazole,Albuterol,97347-868-87,250mg,Injection,45,49,179.4,4407.05,1907.31,27.54,Schedule IV,PH0048,Pharmacist_145,RPH532306,FL,6,PHM0004,QuickMeds,CVS,6004 Washington St,Chicago,FL,45217,(856) 767-1848,PHL83342,9220205225,FG9231112,DOC0008,Dr. Garcia C,8327357470,AY3699983,MD530355,Orthopedics,7981 Hospital Blvd,Chicago,CA,94872,(608) 232-1856,5,PAT001218,72,F,47403,OH,Anthem,INS93453,GRP1595,713911,PCN8109,7.55,2721.91,18.13,I25.10,Hypertension,Cardiovascular,Pain,04,54,-3,Fax,Phone,4.65,41.74,304,894,324,1,1,133.56,2,4,3,Monday,Morning,0,1,1,Non-Formulary,0,3,Credit Card,Rejected,None,1,0,0,1,1,91.52,68.65,64.91,1
RX00000441,2024-11-06,17:56:06,2025-11-04,11,60,Ibuprofen,Azithromycin,79758-795-95,100mg,Tablet,40,136,47.06,3348.04,1141.46,33.77,Schedule III,PH0009,Pharmacist_6,RPH526923,TX,12,PHM0010,QuickMeds,Rite Aid,6989 Maple St,Los Angeles,TX,85406,(861) 513-7781,PHL54358,2529575891,FK4229005,DOC0007,Dr. Williams P,9112181645,AV5418842,MD183395,Neurology,6837 Medical Blvd,Los Angeles,IL,59022,(917) 786-6773,13,PAT004501,86,Other,75343,TX,Kaiser Permanente,INS88578,GRP9086,431798,PCN4068,5.93,3256.37,336.55,I25.10,Depression,Analgesic,Preventive,01,116,-27,Written,Fax,2.04,46.19,141,747,155,0,0,173.14,5,3,2,Friday,Night,1,1,1,Tier 3,0,1,Cash,Pending,76,1,1,1,1,0,82.35,29.49,71.35,1
RX00000442,2024-03-25,15:09:50,2024-07-16,3,90,Morphine,Hydrochlorothiazide,23470-676-11,100mg,Injection,170,178,435.21,118.7,2685.98,24.9,Schedule III,PH0075,Pharmacist_45,RPH743415,IL,11,PHM0038,Wellness Pharmacy,Independent,4157 Main St,Houston,PA,44035,(334) 324-3108,PHL75898,5838913822,FL9487937,DOC0253,Dr. Williams T,4327813015,AY4018799,MD397990,General Practice,9801 Medical Blvd,New York,TX,94312,(572) 680-2451,24,PAT004332,51,M,44668,PA,Kaiser Permanente,INS59663,GRP6738,222658,PCN3414,99.39,1003.29,102.29,F41.9,Depression,Cardiovascular,Acute Condition,00,263,19,Written,Fax,76.48,42.68,111,73,134,0,1,129.84,4,10,4,Tuesday,Evening,1,1,1,Tier 1,1,1,Insurance,Rejected,88,0,0,0,0,0,63.63,39.34,27.48,0
RX00000443,2024-07-21,17:13:49,2024-09-01,10,60,Ibuprofen,Escitalopram,17633-478-13,100mg,Tablet,169,104,473.53,3610.45,2874.88,46.97,Schedule IV,PH0172,Pharmacist_56,RPH294513,FL,26,PHM0012,HealthPlus Pharmacy,Walgreens,3412 Oak St,Houston,TX,69376,(356) 203-9126,PHL89477,3256042664,FI9239100,DOC0017,Dr. Smith P,3752167118,AO9675717,MD622985,Internal Medicine,5487 Hospital Blvd,Los Angeles,IL,87190,(836) 645-4197,25,PAT004635,31,Other,49392,TX,Humana,INS45088,GRP2763,811839,PCN9934,67.36,4418.1,457.24,M79.7,Asthma,Analgesic,Preventive,01,204,21,Phone,Electronic,3.86,5.12,412,940,263,1,0,196.2,2,9,5,Tuesday,Night,1,1,1,Tier 1,1,2,Cash,Rejected,75,0,1,0,0,0,77.68,64.11,63.46,1
RX00000444,2024-09-01,14:23:40,2025-10-30,2,30,Amoxicillin,Amoxicillin,15680-275-73,250mg,Injection,88,179,305.6,2819.63,3995.68,41.98,Schedule IV,PH0015,Pharmacist_197,RPH105241,TX,8,PHM0041,Metro Pharmacy,CVS,5434 Oak St,Phoenix,PA,17000,(865) 631-4166,PHL22524,5306977868,FG9320520,DOC0217,Dr. Miller M,1894185968,AX8846101,MD764479,Endocrinology,2848 Health Blvd,Chicago,FL,34550,(383) 604-9447,40,PAT003898,58,M,21645,CA,Kaiser Permanente,INS31432,GRP5262,896553,PCN4381,53.91,602.99,328.16,M79.7,Depression,Antidiabetic,Preventive,01,49,-11,Electronic,Phone,42.36,32.74,138,829,32,0,1,-26.31,5,4,5,Saturday,Night,0,1,0,Tier 3,0,4,Cash,Reversed,79,0,1,1,0,1,61.63,52.79,-98.89,0
RX00000445,2025-08-21,08:12:05,2024-02-21,8,60,Montelukast,Atorvastatin,12482-588-55,250mg,Tablet,80,81,414.42,1872.69,1936.21,46.03,Schedule V,PH0105,Pharmacist_104,RPH863571,FL,25,PHM0001,Community Health Pharmacy,Independent,5554 Main St,Philadelphia,TX,40748,(478) 201-2329,PHL10132,5240171398,FM7241785,DOC0185,Dr. Williams O,6601058011,AL8033901,MD985163,Psychiatry,6043 Health Blvd,Los Angeles,NY,87063,(858) 688-8859,20,PAT000685,25,F,10355,FL,Medicaid,INS52523,GRP1344,930758,PCN3488,24.13,245.32,391.71,I25.10,Arthritis,Analgesic,Pain,02,359,1,Written,Fax,15.69,41.91,429,385,56,1,0,-27.83,3,3,0,Wednesday,Afternoon,1,0,0,Non-Formulary,0,3,Cash,Rejected,None,1,0,1,0,1,89.57,11.16,68.45,0
RX00000446,2025-10-22,13:36:03,2025-03-20,1,30,Montelukast,Prednisone,85251-755-97,100mg,Injection,165,120,337.53,528.51,2590.78,17.83,Schedule IV,PH0009,Pharmacist_146,RPH752138,FL,4,PHM0036,Family Pharmacy,Rite Aid,4542 Park St,Houston,OH,19073,(352) 353-9376,PHL38703,9668957195,FV9222311,DOC0083,Dr. Jones Q,7309698763,AS9530217,MD629263,Orthopedics,4293 Hospital Blvd,Houston,TX,91490,(612) 743-7417,35,PAT003530,40,F,43244,IL,Aetna,INS40714,GRP1200,917201,PCN1585,56.99,1981.24,449.69,F41.9,Arthritis,Antibiotic,Preventive,02,8,-23,Phone,Paper,43.4,19.29,440,156,309,0,0,167.52,2,6,7,Sunday,Morning,1,0,0,Tier 2,1,3,Credit Card,Paid,75,1,0,1,1,0,5.46,56.79,34.02,0
RX00000447,2024-06-17,09:50:14,2025-08-22,10,90,Metformin,Sertraline,23920-624-19,500mg,Capsule,107,158,401.76,141.4,4062.66,31.74,Schedule III,PH0111,Pharmacist_188,RPH420104,TX,17,PHM0004,HealthPlus Pharmacy,Walgreens,9051 Main St,Chicago,CA,89278,(978) 428-5177,PHL30409,9901940589,FV3693317,DOC0007,Dr. Brown Z,3562058209,AA9397547,MD984883,Psychiatry,918 Health Blvd,Phoenix,CA,48207,(515) 282-8027,28,PAT003185,30,M,72509,OH,Medicare,INS99762,GRP3492,975833,PCN5559,16.32,8.81,444.29,M79.7,Hypertension,Psychotherapeutic,Pain,02,265,17,Electronic,Paper,2.1,14.08,348,12,291,1,1,85.37,3,10,5,Saturday,Night,0,1,0,Tier 1,0,0,Cash,Paid,76,0,1,0,1,1,97.19,58.95,21.77,1
RX00000448,2024-02-29,09:39:17,2024-04-26,5,90,Omeprazole,Levothyroxine,57565-177-86,250mg,Tablet,31,12,68.57,4307.4,1818.8,14.55,Schedule V,PH0035,Pharmacist_38,RPH564589,OH,32,PHM0045,Express Meds,Rite Aid,998 Park St,Chicago,IL,50100,(895) 369-7924,PHL76342,1740037410,FT7046680,DOC0005,Dr. Garcia L,2133524968,AW5668388,MD368506,General Practice,3079 Medical Blvd,Los Angeles,IL,93045,(204) 320-2977,21,PAT002777,79,F,88908,TX,UnitedHealth,INS98106,GRP7072,207645,PCN4452,62.26,3432.64,181.25,E78.5,Diabetes,Analgesic,Infection,03,185,-30,Phone,Fax,4.66,12.19,237,328,412,0,1,112.9,1,10,3,Tuesday,Evening,0,1,0,Tier 1,0,4,Credit Card,Reversed,88,1,1,1,0,0,79.11,49.08,77.3,1
RX00000449,2024-07-03,08:57:19,2024-07-08,2,90,Hydrochlorothiazide,Ibuprofen,72371-978-96,250mg,Capsule,142,107,94.0,3676.01,2349.44,38.68,Schedule V,PH0049,Pharmacist_188,RPH885545,FL,2,PHM0050,Family Pharmacy,Rite Aid,2676 Maple St,Phoenix,FL,38519,(589) 219-9578,PHL17928,6872037435,FR3231015,DOC0027,Dr. Miller V,5878580061,AE4403438,MD841063,Neurology,6797 Health Blvd,Chicago,CA,18325,(286) 578-4243,9,PAT003681,21,M,49418,OH,UnitedHealth,INS47433,GRP8271,599960,PCN6529,75.71,3830.33,272.41,N18.3,Arthritis,Analgesic,Acute Condition,00,121,-2,Fax,Electronic,69.11,26.3,442,829,363,1,0,142.82,4,2,8,Friday,Morning,0,0,0,Non-Formulary,1,3,Credit Card,Rejected,79,1,1,1,1,0,25.9,15.85,-34.46,0
RX00000450,2025-03-08,14:53:16,2024-01-28,4,30,Methylprednisolone,Methylprednisolone,60678-224-36,250mg,Tablet,124,29,279.72,4413.11,1695.49,46.21,Schedule IV,PH0146,Pharmacist_152,RPH936182,PA,13,PHM0039,Wellness Pharmacy,Independent,4408 Maple St,New York,CA,60375,(873) 741-4271,PHL77986,4094274007,FT3363734,DOC0107,Dr. Smith M,2622262713,AJ4112863,MD608290,General Practice,6215 Health Blvd,New York,CA,42173,(631) 866-4123,1,PAT002952,66,Other,53654,PA,Anthem,INS33095,GRP6176,756984,PCN1566,68.66,1724.94,150.04,J44.9,Diabetes,Antibiotic,Infection,04,270,4,Written,Fax,87.69,38.15,269,71,6,0,0,1.38,3,1,4,Friday,Afternoon,0,1,0,Tier 2,1,4,Insurance,Pending,88,1,1,1,0,1,54.17,13.43,-77.41,0
RX00000451,2025-05-05,09:45:37,2025-10-04,10,90,Ibuprofen,Hydrochlorothiazide,40531-624-48,500mg,Capsule,21,161,491.7,2854.27,2199.51,48.13,Schedule IV,PH0132,Pharmacist_184,RPH925337,TX,12,PHM0008,TrustedMeds,Independent,2091 Park St,New York,CA,78892,(964) 683-5575,PHL70640,9982907246,FW4831878,DOC0014,Dr. Smith D,6954742292,AT8394812,MD424187,Psychiatry,220 Hospital Blvd,New York,NY,99920,(417) 309-3177,5,PAT004009,85,M,68690,OH,BlueCross BlueShield,INS50425,GRP3911,837411,PCN5005,86.87,2222.69,157.36,G89.29,Asthma,Cardiovascular,Pain,04,162,9,Phone,Electronic,1.14,20.78,13,878,353,1,0,133.86,3,5,2,Sunday,Night,0,1,0,Tier 1,0,4,Credit Card,Rejected,None,0,0,0,1,0,95.61,75.77,-87.11,1
RX00000452,2024-02-11,15:02:11,2025-11-20,9,90,Albuterol,Metformin,88217-419-10,10mg,Syrup,109,167,194.06,4327.88,1066.81,23.13,Schedule IV,PH0127,Pharmacist_37,RPH614774,NY,3,PHM0041,Wellness Pharmacy,Walgreens,6071 Main St,Philadelphia,PA,84895,(764) 207-8109,PHL36830,2506806758,FH4469683,DOC0347,Dr. Williams A,6100246117,AE6460289,MD171549,Cardiology,5216 Clinic Blvd,Houston,CA,73615,(450) 236-6950,5,PAT002769,30,M,39011,PA,Aetna,INS13842,GRP7484,564655,PCN4326,5.51,3891.6,293.25,I25.10,Diabetes,Antibiotic,Pain,03,158,-25,Phone,Phone,65.27,28.4,349,430,79,1,1,-31.21,1,3,0,Tuesday,Night,0,1,1,Tier 3,0,1,Check,Paid,88,1,0,0,0,1,19.5,10.2,-71.68,0
RX00000453,2025-08-18,12:25:23,2025-12-15,12,30,Amlodipine,Methylprednisolone,43511-886-91,50mg,Syrup,140,84,194.56,3717.02,2894.53,7.64,Schedule V,PH0028,Pharmacist_196,RPH776965,IL,2,PHM0009,HealthPlus Pharmacy,CVS,2871 Main St,New York,FL,55620,(307) 814-9557,PHL81768,5324885196,FX1265468,DOC0205,Dr. Miller T,2499199770,AO6763740,MD225812,Endocrinology,2746 Health Blvd,Houston,FL,93099,(562) 221-5596,26,PAT000772,68,Other,30904,PA,Aetna,INS98295,GRP9441,757766,PCN5649,99.16,3300.16,336.93,E78.5,Arthritis,Psychotherapeutic,Preventive,03,84,-30,Phone,Electronic,43.11,12.93,497,969,47,1,0,10.29,0,3,6,Sunday,Evening,0,1,1,Non-Formulary,1,0,Credit Card,Pending,75,1,0,1,1,1,71.34,21.79,72.73,0
RX00000454,2024-03-17,17:57:01,2024-10-10,11,90,Sertraline,Hydrochlorothiazide,71665-300-50,100mg,Syrup,44,124,344.12,2971.58,918.06,33.31,None,PH0157,Pharmacist_7,RPH692962,IL,11,PHM0017,Central Drug Store,Walgreens,1028 Park St,New York,TX,66440,(880) 504-8240,PHL15400,6145845468,FA8376778,DOC0209,Dr. Williams D,3113056524,AZ8178836,MD113373,Orthopedics,2941 Clinic Blvd,Los Angeles,TX,52336,(407) 876-2315,13,PAT002086,29,F,65215,NY,Aetna,INS81563,GRP1461,703977,PCN6675,29.92,311.69,184.99,J45.909,Hypertension,Cardiovascular,Acute Condition,01,229,9,Written,Phone,96.1,38.59,138,568,7,0,0,-37.56,3,3,3,Tuesday,Night,0,0,0,Non-Formulary,1,3,Insurance,Rejected,None,1,1,1,1,1,95.72,83.67,99.99,0
RX00000455,2024-05-31,12:58:22,2025-10-22,11,90,Metformin,Azithromycin,50069-353-83,250mg,Cream,49,101,234.52,87.91,2612.65,44.79,Schedule V,PH0111,Pharmacist_31,RPH108687,NY,34,PHM0023,Corner Pharmacy,Walgreens,1854 Maple St,Los Angeles,IL,98628,(356) 530-6465,PHL28475,1048132255,FF7868690,DOC0258,Dr. Williams S,3272452599,AY6853390,MD294695,General Practice,3461 Medical Blvd,Chicago,NY,11980,(643) 700-4593,1,PAT004435,46,M,39752,IL,Medicaid,INS47946,GRP1304,209684,PCN8057,63.73,2087.63,200.92,J44.9,Hypertension,Psychotherapeutic,Pain,00,168,-30,Fax,Electronic,17.04,28.97,18,617,418,1,1,174.74,2,4,5,Saturday,Evening,0,1,0,Tier 3,0,4,Debit Card,Reversed,79,0,1,0,0,1,35.56,74.51,-25.47,0
RX00000456,2025-06-19,14:14:10,2024-08-20,3,30,Gabapentin,Amlodipine,74097-874-15,20mg,Cream,30,156,333.55,211.05,1843.77,39.42,None,PH0068,Pharmacist_17,RPH818513,NY,20,PHM0013,Central Drug Store,Independent,7445 Washington St,Phoenix,PA,40235,(353) 791-9306,PHL68190,9958655744,FU8238601,DOC0332,Dr. Smith L,3694092489,AS2732656,MD593660,Cardiology,2723 Clinic Blvd,Los Angeles,NY,66067,(967) 446-8232,17,PAT001762,77,M,80007,CA,UnitedHealth,INS38554,GRP2232,651059,PCN5305,19.28,337.82,172.23,J45.909,Arthritis,Cardiovascular,Acute Condition,04,73,-4,Written,Electronic,62.53,5.52,147,473,306,1,0,90.8,0,7,3,Wednesday,Night,1,0,1,Tier 3,0,2,Credit Card,Pending,79,1,1,0,0,0,91.47,77.84,2.37,0
RX00000457,2024-06-10,18:33:56,2024-04-11,4,30,Albuterol,Omeprazole,15943-227-48,250mg,Syrup,131,139,368.03,4451.48,1823.68,45.59,None,PH0133,Pharmacist_136,RPH149534,PA,17,PHM0005,Family Pharmacy,Independent,718 Oak St,Chicago,TX,62710,(932) 389-9632,PHL32344,2856415033,FO4443111,DOC0111,Dr. Williams W,2621492978,AZ8675769,MD328096,Psychiatry,3403 Medical Blvd,Chicago,IL,35578,(906) 295-9458,6,PAT001557,75,M,29884,IL,Cigna,INS78170,GRP1113,420370,PCN6560,0.68,1031.44,388.12,J45.909,Asthma,Analgesic,Chronic Disease,04,57,11,Written,Fax,63.75,14.38,212,262,206,0,1,-45.29,1,8,6,Friday,Morning,0,0,1,Tier 2,0,3,Check,Paid,88,0,1,1,0,0,23.14,36.5,0.77,0
RX00000458,2025-04-20,11:32:19,2025-10-07,11,60,Morphine,Rosuvastatin,69647-513-11,20mg,Cream,136,89,299.13,81.71,723.59,46.1,Schedule III,PH0136,Pharmacist_131,RPH174402,CA,22,PHM0045,HealthPlus Pharmacy,Independent,4166 Park St,New York,FL,73015,(749) 276-3844,PHL79610,6340134175,FT4714370,DOC0006,Dr. Jones U,7614450624,AU4746226,MD893596,Cardiology,9212 Hospital Blvd,Los Angeles,FL,94705,(729) 298-5487,28,PAT004688,62,M,87799,TX,Cigna,INS65278,GRP9463,864538,PCN3435,24.3,4349.23,87.17,M79.7,Diabetes,Antibiotic,Preventive,03,50,25,Written,Phone,0.41,21.65,456,689,202,0,0,57.7,0,6,7,Friday,Morning,0,1,1,Non-Formulary,0,0,Credit Card,Paid,75,0,1,1,1,0,81.93,99.19,77.39,1
RX00000459,2024-07-23,13:25:11,2025-05-15,7,90,Azithromycin,Albuterol,65801-819-18,100mg,Capsule,43,125,229.87,2042.07,3167.22,48.84,Schedule II,PH0157,Pharmacist_167,RPH819935,TX,5,PHM0046,QuickMeds,CVS,6778 Park St,Phoenix,OH,86300,(250) 636-6893,PHL72195,2253174843,FW7927055,DOC0018,Dr. Jones R,9107660665,AM5088328,MD808267,Dermatology,7892 Clinic Blvd,Houston,CA,76479,(478) 562-4627,22,PAT003948,75,F,75007,IL,Kaiser Permanente,INS83774,GRP3262,821412,PCN5531,96.45,2272.96,207.0,G89.29,Asthma,Analgesic,Acute Condition,02,159,4,Phone,Paper,1.5,37.95,454,387,487,0,1,116.97,1,4,4,Wednesday,Morning,0,1,1,Non-Formulary,0,1,Insurance,Reversed,88,0,1,0,1,0,82.59,72.33,92.51,1
RX00000460,2024-07-18,08:19:13,2024-08-05,4,30,Azithromycin,Levothyroxine,67284-725-80,10mg,Cream,106,91,159.85,609.42,2360.42,39.95,None,PH0158,Pharmacist_152,RPH584985,CA,32,PHM0047,QuickMeds,Independent,3491 Park St,Los Angeles,PA,20495,(440) 330-5980,PHL14230,2249540402,FL1718170,DOC0231,Dr. Smith M,6899052552,AL7121801,MD434855,Internal Medicine,5036 Health Blvd,Los Angeles,NY,82776,(272) 211-9116,1,PAT002793,68,M,54221,TX,Medicare,INS37548,GRP9574,851907,PCN5650,11.58,2575.1,3.31,E11.9,Arthritis,Antidiabetic,Pain,03,345,25,Written,Phone,29.25,9.76,41,452,391,1,1,5.7,0,2,4,Wednesday,Evening,1,1,0,Tier 1,1,1,Cash,Reversed,88,1,1,1,1,1,16.18,26.29,57.06,0
RX00000461,2025-04-23,16:34:10,2024-03-16,4,90,Tramadol,Methylprednisolone,67047-702-61,100mg,Tablet,149,39,257.19,3791.41,2331.29,6.63,None,PH0075,Pharmacist_164,RPH120605,NY,27,PHM0015,City Pharmacy,Walgreens,8725 Washington St,Chicago,TX,23801,(341) 960-7395,PHL25851,4778863280,FO1948301,DOC0118,Dr. Miller F,3608451676,AA5885856,MD408602,Dermatology,1249 Hospital Blvd,New York,NY,46002,(930) 531-6412,29,PAT004970,21,M,72319,NY,Kaiser Permanente,INS62569,GRP7346,919610,PCN8948,13.11,1122.94,190.8,M54.5,Arthritis,Antibiotic,Acute Condition,04,101,-2,Written,Phone,41.85,5.55,404,54,396,1,0,43.18,1,6,7,Thursday,Night,1,1,1,Tier 2,0,1,Credit Card,Reversed,79,0,1,0,1,1,99.95,31.36,55.89,0
RX00000462,2024-02-03,08:59:10,2024-06-17,11,90,Tramadol,Gabapentin,49077-308-81,500mg,Cream,45,106,420.31,2239.89,2573.55,48.02,Schedule II,PH0173,Pharmacist_100,RPH505675,FL,18,PHM0050,TrustedMeds,Independent,8634 Washington St,Phoenix,IL,86431,(600) 816-1133,PHL78073,8584955873,FQ8111464,DOC0081,Dr. Johnson S,4920926782,AJ3050208,MD665424,Dermatology,5401 Medical Blvd,Phoenix,TX,89941,(254) 903-5611,19,PAT002134,77,F,34413,FL,BlueCross BlueShield,INS69340,GRP3256,479900,PCN5917,27.27,3268.54,240.21,K21.9,Hypertension,Cardiovascular,Preventive,02,129,-1,Phone,Fax,60.52,13.94,29,468,67,1,0,33.62,4,3,1,Wednesday,Night,0,0,1,Tier 2,0,1,Credit Card,Reversed,88,0,0,1,1,1,3.01,45.91,78.13,0
RX00000463,2024-04-14,18:11:20,2024-11-12,7,90,Escitalopram,Tramadol,49908-891-96,100mg,Capsule,33,132,388.96,344.57,1817.63,23.28,Schedule IV,PH0189,Pharmacist_196,RPH992177,IL,27,PHM0005,MediCare Drug Store,Rite Aid,3908 Oak St,Phoenix,FL,37214,(746) 322-4961,PHL11356,5030625722,FE7879910,DOC0036,Dr. Johnson J,7104776645,AA5242364,MD521947,Psychiatry,6100 Clinic Blvd,Phoenix,FL,69311,(231) 996-6124,15,PAT003229,56,F,42564,OH,Humana,INS83812,GRP6512,401218,PCN2690,13.2,2937.4,190.15,E11.9,Asthma,Cardiovascular,Pain,01,271,9,Phone,Phone,67.27,45.9,84,546,97,0,0,3.87,5,9,2,Sunday,Morning,1,0,1,Tier 3,0,2,Credit Card,Reversed,88,1,1,0,0,0,57.57,60.11,75.31,0
RX00000464,2025-02-03,18:29:20,2024-07-12,11,60,Tramadol,Atorvastatin,70577-533-76,100mg,Tablet,176,54,240.45,4072.72,3278.39,42.89,Schedule II,PH0062,Pharmacist_58,RPH350633,OH,22,PHM0028,QuickMeds,Independent,5190 Oak St,New York,CA,82274,(474) 462-6250,PHL68687,2624381444,FN3940160,DOC0011,Dr. Jones W,8607803914,AB7952780,MD395008,Neurology,327 Hospital Blvd,New York,IL,50228,(264) 851-8976,16,PAT001480,70,F,28422,NY,Humana,INS93170,GRP8012,487401,PCN6931,28.14,3364.96,63.74,J45.909,Hypertension,Analgesic,Preventive,02,210,-1,Phone,Fax,1.43,13.09,346,54,253,0,0,192.94,5,8,1,Wednesday,Afternoon,1,0,1,Tier 3,0,2,Debit Card,Rejected,88,1,0,1,0,0,70.44,78.22,99.82,1
RX00000465,2024-09-02,18:17:39,2025-09-21,8,90,Losartan,Amoxicillin,59060-815-78,20mg,Syrup,23,98,335.97,1583.19,1216.11,37.06,None,PH0034,Pharmacist_16,RPH521020,IL,2,PHM0043,Express Meds,Rite Aid,1880 Main St,Phoenix,OH,55715,(989) 806-8443,PHL38642,8040212052,FE6506215,DOC0015,Dr. Johnson Z,1004547605,AD6294788,MD661140,Pediatrics,6302 Clinic Blvd,Los Angeles,IL,42802,(477) 976-3092,36,PAT000135,59,F,98180,CA,BlueCross BlueShield,INS86605,GRP3701,917498,PCN4452,10.75,1597.14,462.43,M79.7,Asthma,Antidiabetic,Infection,00,175,13,Phone,Electronic,3.85,42.47,123,778,137,1,0,166.19,1,9,2,Thursday,Afternoon,0,1,1,Tier 3,1,3,Cash,Pending,88,1,1,1,1,1,77.35,54.64,-56.07,1
RX00000466,2025-11-20,17:43:22,2025-09-30,8,90,Rosuvastatin,Sertraline,68316-660-66,250mg,Capsule,145,13,339.59,2833.67,2172.92,37.67,Schedule V,PH0063,Pharmacist_155,RPH567348,IL,13,PHM0001,Main Street Pharmacy,Independent,9289 Park St,Phoenix,FL,57364,(846) 858-9562,PHL48326,6550527305,FN3640148,DOC0138,Dr. Garcia K,3009005534,AG3626353,MD569247,Neurology,8853 Health Blvd,Chicago,IL,69244,(536) 254-1522,9,PAT000284,80,F,96902,NY,BlueCross BlueShield,INS43041,GRP7559,931677,PCN1769,88.67,4413.93,104.08,E11.9,Arthritis,Antibiotic,Preventive,02,245,1,Phone,Paper,77.31,2.17,153,645,124,1,1,1.88,0,10,7,Tuesday,Morning,1,0,0,Tier 1,0,1,Insurance,Rejected,79,1,0,0,1,1,60.24,92.78,78.64,0
RX00000467,2024-08-07,17:14:22,2025-06-16,7,60,Clopidogrel,Sertraline,27718-817-13,250mg,Capsule,37,59,6.21,35.78,3315.62,8.6,Schedule V,PH0057,Pharmacist_46,RPH194979,TX,11,PHM0037,TrustedMeds,Independent,1073 Washington St,Chicago,CA,60224,(586) 928-5387,PHL37629,5077646226,FR7338242,DOC0013,Dr. Smith Z,2274594324,AR4945014,MD201106,Psychiatry,8140 Hospital Blvd,Los Angeles,NY,49413,(591) 957-5130,18,PAT003885,32,M,59909,CA,Anthem,INS18035,GRP8046,576285,PCN4881,49.14,2039.08,265.82,R51,Diabetes,Cardiovascular,Chronic Disease,00,278,-23,Written,Electronic,2.47,23.01,413,623,439,0,1,198.65,3,9,8,Saturday,Morning,0,0,1,Tier 1,1,3,Credit Card,Reversed,79,1,1,1,1,1,82.61,59.26,77.28,1
RX00000468,2025-03-09,15:59:38,2025-09-26,0,90,Morphine,Ciprofloxacin,91116-697-90,20mg,Injection,145,82,270.2,4266.99,1418.63,14.77,None,PH0138,Pharmacist_2,RPH403051,TX,14,PHM0013,Family Pharmacy,Walgreens,3573 Main St,Chicago,IL,81377,(378) 226-8585,PHL14230,1009211561,FE7587563,DOC0136,Dr. Miller O,6796118039,AI8493894,MD464083,Dermatology,7213 Clinic Blvd,New York,FL,37632,(741) 342-6595,6,PAT000853,78,M,93185,NY,BlueCross BlueShield,INS35225,GRP6717,631583,PCN3684,8.97,3606.78,87.64,K21.9,Diabetes,Analgesic,Pain,04,27,20,Electronic,Electronic,72.85,26.81,354,528,321,1,0,108.31,0,2,5,Friday,Morning,1,1,0,Tier 1,1,2,Debit Card,Reversed,75,0,0,0,1,0,46.12,70.24,3.31,0
RX00000469,2025-04-26,13:08:05,2025-01-13,2,60,Escitalopram,Omeprazole,95649-562-24,10mg,Tablet,125,11,468.03,2675.32,2369.28,24.49,Schedule IV,PH0189,Pharmacist_79,RPH205748,TX,31,PHM0016,HealthPlus Pharmacy,Walgreens,5193 Washington St,Phoenix,IL,53998,(396) 851-8644,PHL48249,5196206060,FK3892299,DOC0017,Dr. Williams O,8278837449,AW9093085,MD950648,Dermatology,9480 Clinic Blvd,New York,FL,92115,(595) 234-4679,11,PAT002042,79,Other,13949,CA,Humana,INS98650,GRP1278,744910,PCN6782,71.25,4348.12,339.44,F33.1,Hypertension,Antibiotic,Pain,04,312,30,Fax,Paper,5.0,7.13,30,667,437,1,1,185.05,3,2,5,Saturday,Night,0,0,1,Tier 3,0,1,Check,Pending,None,1,0,0,1,0,96.16,54.75,52.79,1
RX00000470,2024-05-10,16:03:22,2025-09-26,10,90,Omeprazole,Gabapentin,36218-380-82,20mg,Injection,73,92,217.84,315.57,4483.14,28.5,Schedule IV,PH0158,Pharmacist_162,RPH893995,NY,19,PHM0032,TrustedMeds,CVS,4929 Maple St,New York,PA,65627,(674) 596-3363,PHL22365,2246530166,FA7829602,DOC0014,Dr. Williams P,2294594638,AT4372867,MD246862,Psychiatry,8755 Hospital Blvd,Chicago,IL,73310,(224) 818-3822,38,PAT002750,31,F,98082,NY,Medicaid,INS87231,GRP1663,683519,PCN6114,34.84,2367.96,77.18,J44.9,Arthritis,Antidiabetic,Infection,01,52,25,Phone,Phone,3.98,26.11,67,687,127,1,1,78.95,3,3,4,Monday,Evening,0,1,1,Tier 3,1,3,Credit Card,Rejected,75,1,1,1,1,0,89.85,41.22,-64.4,1
RX00000471,2024-06-02,12:20:16,2024-03-03,7,30,Tramadol,Azithromycin,52872-107-90,10mg,Syrup,122,76,341.63,3549.04,4297.71,26.81,Schedule IV,PH0080,Pharmacist_137,RPH581955,IL,20,PHM0008,Express Meds,CVS,9039 Oak St,New York,NY,69786,(646) 247-9116,PHL80225,4320116979,FG6874500,DOC0057,Dr. Jones J,3322109631,AU3139897,MD368562,Oncology,2177 Clinic Blvd,Phoenix,IL,25557,(596) 215-4096,24,PAT002035,57,M,73858,FL,Kaiser Permanente,INS50816,GRP7674,211812,PCN5293,9.87,2901.28,289.35,I10,Hypertension,Cardiovascular,Chronic Disease,03,113,6,Written,Paper,68.8,41.43,260,840,53,0,1,-14.1,4,4,4,Friday,Morning,0,0,1,Non-Formulary,0,1,Debit Card,Reversed,None,1,1,1,0,0,24.75,83.31,-80.78,0
RX00000472,2025-12-18,18:12:01,2024-06-18,9,90,Levothyroxine,Levothyroxine,84209-750-15,100mg,Syrup,34,164,309.05,1951.42,2503.54,18.29,Schedule II,PH0178,Pharmacist_145,RPH357011,FL,27,PHM0017,Express Meds,Walgreens,2176 Washington St,Philadelphia,TX,82757,(663) 332-9596,PHL11868,4989155970,FH7456436,DOC0159,Dr. Williams N,2778350698,AA1136727,MD482788,Endocrinology,9008 Medical Blvd,New York,IL,82313,(723) 213-1113,16,PAT000001,18,F,35574,FL,Medicaid,INS30155,GRP9948,516592,PCN9583,73.62,2833.33,392.99,J45.909,Diabetes,Cardiovascular,Infection,00,232,-26,Written,Electronic,25.32,44.99,218,585,291,0,0,178.04,1,9,7,Thursday,Night,0,0,1,Tier 3,0,2,Insurance,Paid,79,0,0,1,0,0,91.01,83.18,38.91,0
RX00000473,2025-04-21,12:37:10,2023-12-31,6,30,Albuterol,Methylprednisolone,93465-939-79,100mg,Syrup,167,92,175.9,451.35,2744.14,39.71,Schedule II,PH0062,Pharmacist_93,RPH480887,OH,34,PHM0033,Metro Pharmacy,Walgreens,7563 Oak St,Phoenix,PA,38975,(468) 609-4531,PHL94887,3615546421,FN2369769,DOC0441,Dr. Garcia T,5409833732,AK9191471,MD483441,Dermatology,403 Hospital Blvd,Phoenix,FL,21310,(478) 936-1935,40,PAT002439,26,F,71343,IL,Kaiser Permanente,INS92210,GRP3569,783758,PCN1690,18.71,2681.09,458.22,R51,Hypertension,Antibiotic,Chronic Disease,02,277,-25,Written,Electronic,40.95,23.71,83,526,79,1,1,33.03,4,4,8,Saturday,Night,1,1,0,Tier 1,0,3,Cash,Reversed,76,0,1,0,0,0,66.22,55.74,32.4,0
RX00000474,2024-02-16,18:20:28,2025-01-25,10,30,Prednisone,Ciprofloxacin,26888-438-54,500mg,Syrup,172,117,250.36,3513.99,2464.85,24.1,Schedule V,PH0187,Pharmacist_4,RPH101505,CA,22,PHM0045,HealthPlus Pharmacy,Independent,1922 Oak St,Los Angeles,FL,29968,(479) 920-4067,PHL48456,1159646943,FE6787363,DOC0431,Dr. Smith S,3974776545,AM8524120,MD245731,Pediatrics,4512 Health Blvd,New York,IL,57125,(684) 905-8939,11,PAT002354,86,F,73490,TX,Medicare,INS60638,GRP4978,157000,PCN9706,21.26,1977.61,334.68,R51,Hypertension,Psychotherapeutic,Pain,00,18,15,Fax,Paper,49.82,13.43,236,315,41,0,0,166.02,2,2,0,Saturday,Afternoon,0,0,0,Tier 3,1,2,Debit Card,Rejected,75,1,0,1,1,1,56.98,95.75,-28.02,0
RX00000475,2024-06-15,13:01:46,2024-10-10,12,60,Gabapentin,Rosuvastatin,72515-637-31,500mg,Injection,89,140,236.75,1128.58,235.47,12.91,Schedule III,PH0067,Pharmacist_104,RPH772215,TX,22,PHM0016,Central Drug Store,CVS,4781 Washington St,Phoenix,IL,55760,(339) 799-5350,PHL93287,7479918773,FJ8635668,DOC0092,Dr. Smith J,4514398328,AW6223892,MD489941,Cardiology,5489 Health Blvd,Los Angeles,NY,73226,(241) 637-6486,7,PAT000538,84,M,87403,FL,UnitedHealth,INS35929,GRP9762,776266,PCN8223,85.55,1637.87,308.42,E78.5,Asthma,Antibiotic,Infection,01,294,3,Written,Paper,32.44,12.38,477,664,260,0,1,46.04,0,9,7,Sunday,Night,0,0,0,Tier 1,1,3,Debit Card,Pending,75,1,0,1,0,1,41.36,60.36,-12.3,0
RX00000476,2024-04-11,11:40:19,2024-08-16,6,90,Rosuvastatin,Albuterol,86323-317-74,100mg,Tablet,110,171,368.79,3506.05,2371.37,26.62,Schedule IV,PH0099,Pharmacist_79,RPH862497,TX,34,PHM0044,Community Health Pharmacy,Independent,8941 Maple St,Los Angeles,CA,91043,(624) 849-6211,PHL31307,4116574332,FW8499836,DOC0135,Dr. Miller S,4161333448,AU1464694,MD436892,Dermatology,1161 Hospital Blvd,Houston,CA,58563,(526) 913-9029,20,PAT000509,35,Other,79667,OH,Humana,INS54041,GRP7018,663874,PCN8238,42.35,1444.49,282.64,M25.551,Hypertension,Analgesic,Acute Condition,04,46,-16,Written,Fax,27.2,25.97,231,888,212,0,0,13.22,4,3,5,Friday,Evening,0,0,0,Tier 3,1,4,Cash,Rejected,75,1,0,0,1,1,57.34,31.93,-0.01,0
RX00000477,2025-01-14,09:58:50,2025-03-06,9,30,Rosuvastatin,Clopidogrel,36366-237-73,500mg,Tablet,49,62,50.27,1289.61,4062.98,6.5,Schedule V,PH0191,Pharmacist_20,RPH146631,FL,1,PHM0050,Family Pharmacy,Rite Aid,6454 Oak St,Chicago,TX,37241,(412) 486-7801,PHL10269,5123687321,FH7151203,DOC0413,Dr. Brown I,9907060082,AM4006950,MD721195,General Practice,8215 Medical Blvd,Los Angeles,TX,29758,(296) 568-2444,18,PAT001866,62,M,72239,NY,Cigna,INS97628,GRP7247,631981,PCN6994,4.36,3286.0,397.14,F41.9,Asthma,Antibiotic,Infection,03,26,10,Phone,Paper,46.58,16.76,336,482,91,0,0,142.87,2,0,5,Saturday,Evening,0,0,1,Tier 1,0,1,Check,Paid,None,1,1,0,1,1,81.1,84.56,-66.97,0
RX00000478,2024-02-09,11:14:21,2024-12-11,5,60,Amlodipine,Rosuvastatin,58579-704-81,10mg,Cream,49,152,130.69,1057.38,2539.41,24.74,Schedule V,PH0100,Pharmacist_149,RPH687775,CA,3,PHM0023,TrustedMeds,Walgreens,8100 Oak St,Los Angeles,IL,10432,(671) 838-3060,PHL63222,7999351048,FA5847615,DOC0017,Dr. Smith J,6376734654,AL1440003,MD207573,Internal Medicine,5254 Medical Blvd,Chicago,FL,99051,(601) 555-6295,34,PAT004877,22,Other,62130,TX,Medicaid,INS62023,GRP9140,927456,PCN3180,16.38,761.58,90.84,F41.9,Diabetes,Cardiovascular,Pain,03,122,14,Written,Electronic,2.15,43.38,424,440,118,1,0,169.21,5,3,6,Sunday,Afternoon,1,0,0,Tier 3,0,0,Cash,Reversed,None,0,0,0,0,1,92.56,67.93,83.24,1
RX00000479,2025-02-18,10:09:16,2024-04-21,2,30,Hydrochlorothiazide,Amlodipine,12930-252-39,500mg,Capsule,24,13,14.1,961.5,2016.92,47.22,Schedule II,PH0140,Pharmacist_169,RPH804725,NY,17,PHM0043,HealthPlus Pharmacy,CVS,5554 Main St,Philadelphia,IL,74003,(780) 298-4822,PHL53994,2634803757,FU9131814,DOC0159,Dr. Brown F,7822053923,AX9714850,MD388144,Psychiatry,8098 Health Blvd,Chicago,CA,80432,(971) 810-8443,30,PAT004752,64,M,59278,CA,Humana,INS10455,GRP4100,100279,PCN8617,3.97,241.89,122.99,I25.10,Diabetes,Antidiabetic,Pain,01,248,30,Phone,Electronic,63.64,36.09,172,434,366,1,0,182.47,3,1,7,Saturday,Afternoon,1,0,0,Tier 3,1,4,Check,Reversed,79,1,0,0,1,0,77.15,94.63,-68.76,0
RX00000480,2025-05-06,11:33:46,2025-09-27,3,90,Losartan,Levothyroxine,31409-322-53,250mg,Tablet,108,47,242.93,146.76,2616.16,36.74,None,PH0185,Pharmacist_176,RPH200553,TX,20,PHM0005,QuickMeds,CVS,5203 Maple St,Los Angeles,NY,87366,(358) 457-7056,PHL60838,9702818222,FV4699645,DOC0006,Dr. Jones W,8061413097,AB5689935,MD535141,Orthopedics,3199 Hospital Blvd,Houston,TX,24802,(560) 401-6603,36,PAT001920,44,Other,78457,FL,Medicaid,INS94401,GRP6983,926030,PCN2305,73.14,3629.83,304.7,E78.5,Diabetes,Cardiovascular,Preventive,02,174,5,Fax,Phone,0.89,28.56,31,521,184,0,1,129.51,3,2,3,Tuesday,Afternoon,0,0,1,Tier 1,1,0,Check,Reversed,88,1,1,1,1,1,75.58,46.64,26.02,1
RX00000481,2024-02-28,14:55:23,2025-11-08,8,90,Morphine,Simvastatin,84891-239-95,20mg,Injection,179,10,373.27,1671.37,590.19,35.74,Schedule III,PH0161,Pharmacist_27,RPH934647,CA,4,PHM0049,Main Street Pharmacy,Walgreens,5917 Washington St,Los Angeles,PA,49751,(273) 346-7927,PHL96469,7047988558,FN9512764,DOC0401,Dr. Smith Z,9801909703,AK7749412,MD416897,Internal Medicine,680 Hospital Blvd,Los Angeles,FL,44948,(374) 495-6323,13,PAT001277,21,F,51965,TX,Cigna,INS28380,GRP7684,764715,PCN2100,29.49,992.95,434.24,N18.3,Diabetes,Antidiabetic,Pain,02,76,26,Electronic,Paper,25.04,39.76,23,624,50,0,1,41.68,5,6,8,Tuesday,Morning,1,0,0,Tier 2,0,2,Cash,Reversed,76,1,1,1,1,0,26.89,43.49,30.11,0
RX00000482,2025-11-13,15:42:47,2025-11-20,7,90,Metformin,Oxycodone,15215-849-18,500mg,Tablet,37,44,147.52,4198.16,1308.52,39.71,Schedule III,PH0101,Pharmacist_156,RPH771266,TX,9,PHM0007,City Pharmacy,Independent,8443 Washington St,Chicago,PA,86862,(868) 220-1418,PHL46630,9824632534,FY2035654,DOC0169,Dr. Brown F,4000601583,AW2197664,MD867521,Pediatrics,9439 Hospital Blvd,New York,TX,84506,(815) 412-1266,27,PAT002369,25,F,21219,NY,UnitedHealth,INS17732,GRP8510,142048,PCN5497,68.51,931.25,14.61,E78.5,Depression,Cardiovascular,Infection,00,186,16,Fax,Phone,62.76,2.04,213,16,83,1,1,167.28,2,10,1,Wednesday,Morning,1,0,1,Tier 1,1,3,Insurance,Pending,None,1,0,1,1,0,50.63,68.53,-86.99,0
RX00000483,2023-12-25,14:11:55,2024-08-25,1,60,Omeprazole,Morphine,58468-731-34,50mg,Tablet,19,110,52.97,4286.47,4335.87,5.47,Schedule III,PH0179,Pharmacist_128,RPH295847,TX,23,PHM0014,Family Pharmacy,Independent,690 Washington St,Los Angeles,FL,19749,(391) 349-1112,PHL67502,5917873061,FX1534207,DOC0297,Dr. Jones U,9540341511,AK3966199,MD415245,Cardiology,9091 Health Blvd,New York,IL,66166,(890) 807-3102,21,PAT001887,48,F,15108,CA,BlueCross BlueShield,INS86325,GRP4892,920132,PCN2218,83.32,2658.51,49.19,F33.1,Depression,Cardiovascular,Pain,04,312,13,Written,Paper,33.56,41.75,442,640,58,1,0,-20.63,4,2,2,Friday,Night,1,0,1,Tier 3,0,2,Credit Card,Rejected,76,1,0,0,1,1,10.47,26.06,-65.26,0
RX00000484,2025-11-12,13:04:49,2025-06-28,9,90,Oxycodone,Atorvastatin,71384-251-44,20mg,Tablet,119,136,235.64,3091.48,1054.94,22.34,Schedule IV,PH0130,Pharmacist_18,RPH112134,FL,1,PHM0033,TrustedMeds,CVS,4219 Main St,Phoenix,IL,39240,(848) 567-2363,PHL38702,4272650222,FL8623654,DOC0014,Dr. Jones F,9825137314,AF5176643,MD929898,Psychiatry,6413 Medical Blvd,Houston,NY,12117,(284) 656-3474,38,PAT002666,32,Other,28405,FL,Anthem,INS17595,GRP7856,714914,PCN7934,77.59,4398.98,425.43,E11.9,Asthma,Antibiotic,Pain,01,319,-29,Phone,Fax,2.79,19.61,248,222,323,1,0,181.81,4,6,3,Sunday,Afternoon,0,1,0,Non-Formulary,1,3,Debit Card,Reversed,None,1,1,0,0,0,96.83,33.98,84.29,1
RX00000485,2025-11-01,17:48:32,2025-11-14,5,60,Clopidogrel,Hydrochlorothiazide,50845-919-19,250mg,Cream,83,27,422.19,1313.63,1882.92,22.66,Schedule III,PH0004,Pharmacist_179,RPH288805,IL,3,PHM0029,Corner Pharmacy,Rite Aid,1610 Park St,New York,OH,92620,(716) 312-6087,PHL90124,6199033747,FP9755640,DOC0048,Dr. Williams T,1061621863,AE2571591,MD571773,Internal Medicine,4672 Medical Blvd,New York,FL,67075,(649) 540-7084,2,PAT000333,53,M,74711,TX,Cigna,INS23790,GRP6446,958285,PCN8303,35.44,4228.45,429.84,I25.10,Diabetes,Psychotherapeutic,Chronic Disease,00,275,-15,Fax,Electronic,62.61,45.37,485,598,111,0,0,-3.3,3,7,4,Friday,Night,1,1,1,Non-Formulary,1,1,Credit Card,Paid,76,0,1,1,1,0,4.31,59.85,-72.67,0
RX00000486,2025-11-24,11:31:34,2025-09-20,0,30,Amoxicillin,Amlodipine,93101-246-10,250mg,Capsule,71,75,453.36,4065.58,1825.54,31.88,Schedule V,PH0007,Pharmacist_148,RPH586579,TX,32,PHM0046,QuickMeds,Independent,8861 Maple St,New York,FL,62243,(286) 776-1302,PHL75363,9074752818,FI6241705,DOC0004,Dr. Williams T,5501023234,AH5847434,MD881038,Psychiatry,1327 Health Blvd,Los Angeles,NY,32138,(677) 906-8273,9,PAT003536,31,M,54627,TX,BlueCross BlueShield,INS32200,GRP7251,120266,PCN3950,52.32,1360.23,397.6,E78.5,Depression,Psychotherapeutic,Infection,00,362,3,Electronic,Fax,0.32,27.09,414,411,129,1,0,173.97,1,10,7,Wednesday,Evening,0,0,0,Tier 2,0,4,Credit Card,Reversed,79,0,1,1,1,0,83.75,73.19,69.44,1
RX00000487,2024-03-25,08:32:21,2024-09-28,5,30,Morphine,Oxycodone,71321-717-49,100mg,Injection,65,36,264.55,1096.91,1150.9,36.97,None,PH0004,Pharmacist_41,RPH399379,IL,11,PHM0042,Express Meds,Rite Aid,8901 Maple St,Los Angeles,OH,36563,(502) 609-2284,PHL51595,5122577845,FD8155462,DOC0414,Dr. Brown M,4157440911,AQ7860175,MD146372,Neurology,423 Health Blvd,Houston,TX,76279,(836) 656-9225,11,PAT002544,34,Other,58433,OH,Anthem,INS57255,GRP3142,892158,PCN4580,55.68,1483.4,351.22,I25.10,Hypertension,Antibiotic,Chronic Disease,02,9,14,Phone,Fax,77.14,9.76,453,927,462,0,1,111.49,3,6,0,Friday,Morning,1,1,1,Tier 1,0,4,Debit Card,Pending,75,0,0,0,1,0,23.18,2.22,-96.67,0
RX00000488,2024-07-30,16:27:01,2025-10-04,5,30,Rosuvastatin,Tramadol,93529-920-38,20mg,Syrup,91,28,90.08,2643.79,2715.03,34.05,Schedule III,PH0089,Pharmacist_70,RPH890177,CA,33,PHM0014,MediCare Drug Store,CVS,8229 Park St,Phoenix,CA,49887,(866) 703-6039,PHL28966,9089772580,FA8681552,DOC0429,Dr. Miller J,4625639863,AB4355432,MD723727,Oncology,1075 Medical Blvd,Houston,IL,66073,(657) 657-6454,22,PAT000005,22,F,34918,PA,Kaiser Permanente,INS73460,GRP7287,847613,PCN1977,65.23,1766.07,226.17,M54.5,Arthritis,Cardiovascular,Chronic Disease,01,129,0,Electronic,Electronic,29.22,49.76,392,849,316,0,1,81.71,5,3,2,Friday,Evening,1,1,0,Tier 3,0,2,Cash,Reversed,76,1,0,1,0,1,4.24,68.12,48.92,0
RX00000489,2025-09-30,15:42:16,2025-09-23,9,60,Hydrochlorothiazide,Amoxicillin,17889-162-85,20mg,Syrup,115,140,395.14,4525.58,3047.48,46.72,Schedule IV,PH0033,Pharmacist_115,RPH645559,NY,31,PHM0031,TrustedMeds,Rite Aid,6365 Maple St,Chicago,CA,27572,(429) 504-8718,PHL25913,6510958503,FD4242436,DOC0051,Dr. Brown I,5996669410,AL8240054,MD458439,Orthopedics,9440 Hospital Blvd,Houston,FL,57440,(597) 383-8442,24,PAT002063,61,Other,43876,CA,Cigna,INS49970,GRP9358,892708,PCN5043,60.51,1625.62,179.02,M54.5,Arthritis,Antibiotic,Infection,01,351,-27,Electronic,Fax,87.05,1.78,132,907,198,1,1,47.75,3,5,8,Saturday,Afternoon,0,0,1,Non-Formulary,0,3,Insurance,Pending,75,1,0,1,0,1,6.83,76.93,3.54,0
RX00000490,2024-08-30,11:35:20,2025-02-05,4,30,Gabapentin,Ibuprofen,30425-730-43,250mg,Tablet,87,118,258.02,1932.33,3259.43,33.25,Schedule V,PH0163,Pharmacist_160,RPH149033,IL,29,PHM0026,QuickMeds,CVS,4276 Oak St,Houston,NY,50283,(649) 676-2697,PHL24605,6802297896,FR8652152,DOC0009,Dr. Johnson P,3306469614,AK7822227,MD228549,Psychiatry,2669 Medical Blvd,Houston,NY,59556,(685) 287-4842,34,PAT004058,43,M,48242,CA,Cigna,INS19878,GRP2922,517125,PCN7965,41.54,3486.51,60.14,J44.9,Depression,Antidiabetic,Preventive,04,267,16,Fax,Fax,2.96,44.01,202,177,112,0,0,153.38,1,4,7,Friday,Afternoon,0,1,1,Non-Formulary,1,3,Insurance,Reversed,None,1,1,0,1,1,73.94,46.03,-71.81,1
RX00000491,2024-07-24,08:01:50,2024-03-25,3,60,Morphine,Metformin,39190-895-66,20mg,Syrup,97,78,64.72,1436.9,3746.21,41.82,None,PH0017,Pharmacist_89,RPH429975,IL,12,PHM0012,Prime Pharmacy,Independent,9231 Main St,Phoenix,TX,21042,(655) 294-1031,PHL69106,4534054763,FN8653943,DOC0210,Dr. Brown U,4738765258,AG2630597,MD931888,Psychiatry,4978 Clinic Blvd,Los Angeles,IL,35748,(397) 609-5849,11,PAT002858,59,M,39216,TX,Cigna,INS41860,GRP3864,954956,PCN2450,3.31,722.23,473.97,N18.3,Arthritis,Antidiabetic,Chronic Disease,04,35,-12,Electronic,Fax,31.61,23.61,120,98,88,1,0,-12.17,2,6,8,Saturday,Afternoon,1,0,0,Tier 1,0,2,Cash,Pending,76,1,1,0,1,1,19.23,61.61,3.12,0
RX00000492,2025-02-16,18:19:46,2025-02-07,9,90,Lisinopril,Amoxicillin,96729-513-34,20mg,Injection,124,59,282.49,3172.46,1699.65,36.94,None,PH0071,Pharmacist_36,RPH708765,TX,10,PHM0040,Family Pharmacy,Independent,2396 Main St,New York,IL,32927,(472) 657-5303,PHL37849,2465435460,FN9108675,DOC0138,Dr. Jones F,9846573654,AS4473685,MD627055,Internal Medicine,2301 Medical Blvd,New York,NY,12427,(420) 723-3474,38,PAT004140,42,Other,88094,OH,BlueCross BlueShield,INS23743,GRP7047,102704,PCN7021,62.17,4231.05,245.04,K21.9,Hypertension,Antidiabetic,Preventive,00,321,-6,Written,Paper,41.99,2.0,373,991,256,0,0,162.93,2,10,4,Sunday,Night,0,0,0,Tier 1,1,1,Cash,Reversed,None,1,1,1,0,0,43.36,10.24,76.47,0
RX00000493,2024-03-22,10:36:05,2024-01-21,7,90,Oxycodone,Lisinopril,88160-488-89,500mg,Tablet,164,27,117.85,1471.03,2208.02,23.73,Schedule V,PH0033,Pharmacist_5,RPH981775,OH,24,PHM0037,Express Meds,Walgreens,8980 Oak St,Houston,CA,84713,(227) 276-7890,PHL78136,1058377860,FY2377921,DOC0012,Dr. Williams V,8481379167,AA7459249,MD406173,Dermatology,5005 Clinic Blvd,Los Angeles,TX,89660,(704) 412-3066,4,PAT000025,70,M,25274,TX,Cigna,INS53878,GRP4300,943154,PCN1474,35.88,805.8,385.54,K21.9,Diabetes,Antibiotic,Preventive,04,287,11,Written,Phone,3.19,49.72,254,45,394,1,1,148.34,2,8,5,Wednesday,Evening,0,1,0,Tier 2,1,0,Credit Card,Reversed,76,0,0,0,1,0,79.97,56.68,25.35,1
RX00000494,2024-01-17,08:39:55,2024-01-26,5,30,Metformin,Rosuvastatin,53551-792-74,100mg,Cream,20,76,347.67,953.79,1175.63,31.55,None,PH0132,Pharmacist_174,RPH792390,IL,10,PHM0021,HealthPlus Pharmacy,Independent,5415 Washington St,Phoenix,OH,36200,(823) 932-9918,PHL15909,6118434392,FA4596257,DOC0019,Dr. Brown P,1354541492,AB7177735,MD678580,General Practice,6809 Clinic Blvd,Phoenix,TX,36902,(908) 263-8486,17,PAT004264,76,Other,20176,OH,Cigna,INS43599,GRP1367,857917,PCN6719,69.14,529.16,136.9,E78.5,Hypertension,Cardiovascular,Preventive,00,124,15,Fax,Electronic,3.87,24.76,18,3,455,0,1,124.64,4,5,4,Saturday,Morning,0,0,1,Tier 1,0,4,Credit Card,Pending,75,1,1,0,1,0,81.89,32.32,-27.77,1
RX00000495,2024-05-22,16:28:03,2025-10-17,0,90,Omeprazole,Prednisone,26934-224-52,20mg,Cream,75,37,248.38,2162.29,502.52,44.82,Schedule III,PH0132,Pharmacist_60,RPH265203,TX,3,PHM0039,HealthPlus Pharmacy,Rite Aid,5716 Oak St,Philadelphia,FL,20013,(334) 326-7357,PHL64123,7715512021,FQ2477099,DOC0009,Dr. Garcia U,1259192004,AC2078450,MD272697,Dermatology,3692 Medical Blvd,New York,FL,69605,(793) 590-6525,24,PAT003197,77,M,34478,NY,Medicaid,INS94821,GRP4148,507089,PCN9272,30.74,1320.44,153.64,K21.9,Diabetes,Analgesic,Preventive,00,249,-14,Written,Phone,3.61,49.07,263,691,179,0,1,153.86,5,9,5,Monday,Evening,0,0,1,Tier 2,1,1,Credit Card,Reversed,79,0,0,0,1,0,89.89,46.69,90.7,1
RX00000496,2024-09-05,17:32:47,2025-09-25,5,60,Losartan,Metformin,82326-419-85,50mg,Syrup,52,169,212.38,1241.62,1431.86,11.2,Schedule IV,PH0051,Pharmacist_33,RPH678489,TX,10,PHM0017,Express Meds,Independent,7956 Oak St,Phoenix,IL,17827,(879) 365-1368,PHL30305,3650932545,FU8700001,DOC0002,Dr. Johnson M,3782535250,AX5407300,MD252682,Cardiology,5217 Clinic Blvd,Houston,IL,24577,(450) 309-5767,24,PAT003111,35,Other,58873,NY,BlueCross BlueShield,INS38662,GRP1990,245221,PCN5597,84.99,988.22,7.6,I10,Diabetes,Cardiovascular,Chronic Disease,03,154,23,Electronic,Paper,4.79,4.27,128,477,398,1,0,102.47,2,5,2,Saturday,Afternoon,1,1,0,Tier 2,1,0,Credit Card,Reversed,79,1,1,0,1,1,72.39,67.19,-12.79,1
RX00000497,2025-02-27,17:39:24,2024-09-14,2,90,Montelukast,Tramadol,62806-294-37,250mg,Injection,139,16,472.81,2220.03,4098.76,32.72,Schedule III,PH0128,Pharmacist_81,RPH150041,PA,23,PHM0041,MediCare Drug Store,CVS,2199 Main St,New York,CA,28878,(695) 208-5619,PHL28663,8300120993,FS4748025,DOC0060,Dr. Johnson U,1594014164,AY2438025,MD947455,Pediatrics,3905 Hospital Blvd,New York,FL,19749,(641) 615-8727,20,PAT002519,70,Other,73774,CA,Medicare,INS25004,GRP2835,732950,PCN9635,80.71,2610.18,448.76,F33.1,Hypertension,Cardiovascular,Chronic Disease,03,279,27,Fax,Paper,85.42,12.07,31,936,108,0,1,122.75,0,5,5,Friday,Night,0,0,1,Tier 3,0,1,Debit Card,Rejected,76,1,1,1,0,1,34.77,6.92,-43.77,0
RX00000498,2024-01-10,15:40:04,2025-10-12,7,90,Gabapentin,Azithromycin,50214-385-16,10mg,Capsule,134,76,387.05,3015.88,769.08,18.81,Schedule II,PH0114,Pharmacist_156,RPH965870,NY,26,PHM0025,Central Drug Store,Rite Aid,954 Maple St,Chicago,IL,62067,(952) 669-2912,PHL25666,5621476133,FC9826194,DOC0275,Dr. Johnson X,6240977260,AO8778767,MD402224,Endocrinology,6942 Health Blvd,Phoenix,TX,59138,(917) 328-8582,16,PAT001986,31,Other,77696,OH,Medicaid,INS23704,GRP6204,535572,PCN9118,32.71,1282.05,409.73,F33.1,Depression,Antibiotic,Chronic Disease,02,338,-2,Fax,Electronic,67.04,36.22,308,803,442,0,1,39.24,3,10,0,Sunday,Evening,1,1,0,Tier 1,0,0,Debit Card,Rejected,None,1,0,0,1,0,2.58,96.15,17.55,0
RX00000499,2024-12-11,13:50:41,2024-03-19,2,60,Lisinopril,Escitalopram,71491-395-91,250mg,Syrup,120,92,78.43,3253.91,1389.61,12.01,Schedule III,PH0056,Pharmacist_113,RPH422756,NY,33,PHM0048,Express Meds,CVS,2621 Main St,Los Angeles,NY,16722,(481) 274-1057,PHL64839,7746689976,FB8677411,DOC0006,Dr. Johnson M,2462244147,AW2035170,MD968878,Neurology,4664 Health Blvd,Houston,CA,91645,(621) 662-4799,29,PAT001395,65,M,17201,IL,Cigna,INS31075,GRP2920,870453,PCN6611,38.97,3777.57,311.07,F33.1,Diabetes,Cardiovascular,Chronic Disease,00,216,16,Electronic,Electronic,0.72,19.91,291,398,295,0,1,57.84,4,8,4,Wednesday,Evening,0,0,1,Tier 3,1,0,Insurance,Paid,None,0,0,1,1,1,83.43,74.67,-40.5,1
RX00000500,2024-01-07,15:20:07,2024-04-13,6,60,Methylprednisolone,Levothyroxine,85573-517-13,50mg,Cream,120,100,117.56,4747.11,3055.96,14.53,Schedule II,PH0046,Pharmacist_9,RPH619320,OH,3,PHM0019,Wellness Pharmacy,CVS,1388 Main St,Houston,FL,32068,(369) 346-8647,PHL43265,9033198939,FQ4229252,DOC0231,Dr. Garcia M,2258671403,AR7669042,MD134580,Neurology,8065 Health Blvd,Houston,IL,69010,(418) 714-9453,4,PAT000968,31,M,37081,CA,Kaiser Permanente,INS32560,GRP3464,317975,PCN9677,22.25,4157.23,82.2,M54.5,Arthritis,Antidiabetic,Chronic Disease,00,138,-12,Written,Fax,9.75,32.68,323,192,125,1,1,40.64,4,10,6,Friday,Evening,1,0,1,Tier 1,0,3,Insurance,Reversed,76,1,1,0,1,0,94.56,19.64,17.6,0
RX00000501,2024-11-21,17:53:47,2025-11-15,4,60,Prednisone,Simvastatin,19549-151-29,250mg,Injection,179,176,324.77,1840.05,1325.42,31.42,None,PH0194,Pharmacist_68,RPH308046,FL,30,PHM0003,MediCare Drug Store,CVS,6890 Washington St,New York,TX,11390,(410) 529-7775,PHL32069,8529117258,FM5505052,DOC0088,Dr. Miller K,8767425244,AA5934282,MD663392,Oncology,1515 Medical Blvd,Phoenix,IL,14111,(614) 527-7437,16,PAT001442,41,Other,62987,FL,Self-Pay,INS19343,GRP2890,180673,PCN9050,50.87,513.24,173.82,N18.3,Diabetes,Antidiabetic,Infection,04,39,-5,Electronic,Paper,67.07,38.16,67,902,454,0,1,-30.65,1,8,4,Monday,Night,1,1,1,Tier 1,1,3,Credit Card,Reversed,75,0,1,1,0,1,88.39,43.29,-0.07,0
RX00000502,2025-06-04,15:32:13,2024-11-14,10,30,Sertraline,Azithromycin,85537-286-59,100mg,Cream,113,107,322.4,127.74,4250.8,26.66,Schedule III,PH0107,Pharmacist_86,RPH350170,CA,2,PHM0004,Community Health Pharmacy,CVS,2444 Washington St,Chicago,CA,90728,(406) 908-7703,PHL96378,4497016550,FI8890983,DOC0141,Dr. Miller A,3657690846,AR1598169,MD346271,Dermatology,7515 Medical Blvd,Chicago,NY,99419,(314) 421-8737,19,PAT003683,40,F,84545,NY,Self-Pay,INS32993,GRP3357,818524,PCN7678,98.94,3165.23,311.05,M25.551,Asthma,Antibiotic,Chronic Disease,01,255,22,Fax,Paper,20.18,30.58,374,747,144,0,1,153.41,5,9,8,Tuesday,Afternoon,1,0,1,Tier 2,0,4,Credit Card,Paid,79,0,0,0,0,1,4.77,1.94,-58.43,0
RX00000503,2025-08-12,10:30:23,2024-04-13,4,30,Simvastatin,Escitalopram,40483-916-27,500mg,Injection,55,57,447.88,518.52,1422.61,20.67,Schedule II,PH0082,Pharmacist_13,RPH914894,CA,26,PHM0040,Express Meds,Independent,3173 Oak St,Phoenix,FL,43240,(570) 298-2398,PHL97176,6989898351,FW2149176,DOC0111,Dr. Brown A,7642793945,AF5968956,MD973719,Endocrinology,5424 Medical Blvd,Los Angeles,NY,86160,(635) 636-1076,22,PAT003804,59,M,94070,IL,Anthem,INS61788,GRP5994,602165,PCN2076,97.62,420.76,42.86,I25.10,Diabetes,Cardiovascular,Acute Condition,01,98,17,Written,Electronic,77.79,26.91,499,410,75,1,1,32.33,0,6,3,Thursday,Evening,0,1,1,Non-Formulary,1,2,Check,Paid,88,1,1,1,1,0,99.53,74.06,-72.42,0
RX00000504,2025-02-27,11:28:42,2025-12-16,11,60,Omeprazole,Prednisone,43022-258-47,250mg,Tablet,117,49,215.2,607.01,2108.29,39.38,Schedule III,PH0038,Pharmacist_47,RPH252175,CA,12,PHM0044,Main Street Pharmacy,Walgreens,2249 Main St,Philadelphia,OH,87377,(691) 396-9408,PHL22143,6293867361,FO4422593,DOC0177,Dr. Smith O,2403007391,AB3963809,MD719625,Oncology,8954 Hospital Blvd,Phoenix,TX,11932,(718) 953-4371,16,PAT001379,78,M,13197,TX,Kaiser Permanente,INS37167,GRP6285,191830,PCN4564,31.78,1919.2,100.88,J45.909,Depression,Analgesic,Pain,03,39,8,Written,Fax,79.89,11.59,413,201,363,1,1,121.57,3,10,1,Saturday,Evening,1,0,0,Tier 2,1,2,Insurance,Reversed,79,0,0,0,1,0,57.34,56.96,28.99,0
RX00000505,2025-02-13,13:29:07,2024-01-30,8,60,Methylprednisolone,Prednisone,23104-874-82,500mg,Cream,31,119,371.9,1852.04,1323.55,32.23,None,PH0078,Pharmacist_83,RPH360892,PA,27,PHM0022,Central Drug Store,Independent,3381 Oak St,Phoenix,FL,24546,(428) 624-8634,PHL48114,8940118526,FC8232256,DOC0151,Dr. Smith N,4547789215,AK5575224,MD352714,Dermatology,7516 Medical Blvd,Houston,NY,60142,(680) 280-3081,32,PAT002128,79,M,64736,IL,Kaiser Permanente,INS41370,GRP2279,282535,PCN2769,45.34,2378.92,382.95,F41.9,Hypertension,Antidiabetic,Preventive,03,71,8,Fax,Fax,4.25,49.3,438,54,395,1,0,182.31,4,6,2,Friday,Afternoon,0,0,1,Non-Formulary,1,2,Check,Reversed,76,1,1,0,0,0,55.11,63.82,-31.1,0
RX00000506,2024-10-02,09:18:45,2025-04-25,8,90,Gabapentin,Ibuprofen,39713-717-69,20mg,Injection,132,96,141.03,2205.64,3684.27,33.45,Schedule V,PH0076,Pharmacist_23,RPH370531,NY,23,PHM0043,Central Drug Store,Independent,5877 Washington St,Los Angeles,FL,98765,(948) 257-4572,PHL76774,2383529893,FQ9771972,DOC0252,Dr. Johnson G,1902473581,AT8172263,MD609809,General Practice,3641 Clinic Blvd,Los Angeles,TX,80225,(916) 899-6976,40,PAT004743,31,Other,70718,OH,Medicare,INS63646,GRP5050,637129,PCN6930,51.18,1763.14,400.42,R51,Diabetes,Analgesic,Chronic Disease,02,116,1,Fax,Paper,26.12,21.1,91,515,167,1,0,159.48,0,7,1,Sunday,Night,1,0,1,Tier 3,1,1,Check,Pending,76,0,1,1,0,1,79.93,53.81,-52.91,0
RX00000507,2024-01-09,18:17:07,2024-09-19,9,30,Tramadol,Morphine,90772-406-38,10mg,Syrup,154,40,132.02,4554.26,1606.22,18.95,None,PH0149,Pharmacist_103,RPH585083,OH,25,PHM0010,Main Street Pharmacy,Walgreens,2436 Park St,Chicago,FL,44301,(233) 516-1370,PHL58503,8261621776,FZ1331072,DOC0331,Dr. Johnson L,7278741979,AM4883331,MD152420,Internal Medicine,7334 Health Blvd,Chicago,CA,97438,(860) 200-1461,26,PAT002897,30,Other,47086,CA,Medicare,INS32227,GRP4743,394115,PCN7686,10.25,3268.75,135.97,N18.3,Hypertension,Antidiabetic,Pain,04,78,6,Phone,Paper,15.13,2.73,74,843,374,1,0,33.38,5,3,0,Monday,Afternoon,1,0,0,Tier 1,1,3,Credit Card,Reversed,75,0,1,1,1,0,46.17,24.06,0.8,0
RX00000508,2025-02-24,13:24:59,2024-06-11,4,60,Atorvastatin,Simvastatin,40394-300-36,20mg,Cream,149,88,442.22,4333.89,1545.21,30.68,None,PH0054,Pharmacist_183,RPH405089,IL,13,PHM0004,City Pharmacy,Independent,2358 Maple St,New York,NY,15392,(320) 632-1803,PHL63161,8687419246,FV5411502,DOC0035,Dr. Miller S,1176180824,AL5078309,MD404776,Neurology,8051 Health Blvd,Los Angeles,NY,47316,(935) 903-4829,3,PAT003719,32,Other,29904,OH,UnitedHealth,INS91992,GRP9705,267355,PCN2507,80.08,3017.42,442.28,J45.909,Diabetes,Psychotherapeutic,Infection,01,34,3,Fax,Fax,49.5,49.57,341,534,313,0,0,70.02,5,0,8,Sunday,Morning,0,0,0,Non-Formulary,1,0,Cash,Pending,79,1,0,1,1,1,96.02,27.04,-87.23,0
RX00000509,2024-11-15,11:37:36,2024-01-02,6,30,Hydrochlorothiazide,Amoxicillin,96974-260-39,250mg,Syrup,169,46,29.26,360.89,2853.37,33.04,Schedule III,PH0083,Pharmacist_3,RPH736700,CA,2,PHM0042,Express Meds,CVS,6083 Washington St,Los Angeles,IL,59323,(830) 447-6570,PHL40874,4572599008,FA7424762,DOC0007,Dr. Miller W,3065148658,AH4574729,MD644944,Orthopedics,7385 Health Blvd,Chicago,NY,48730,(753) 885-1859,12,PAT002458,67,F,78306,IL,Self-Pay,INS32448,GRP4857,684413,PCN6934,54.78,3260.49,369.54,E11.9,Hypertension,Cardiovascular,Pain,02,347,-11,Electronic,Phone,2.31,27.57,159,504,249,0,0,77.72,3,4,0,Wednesday,Morning,1,0,0,Tier 2,0,0,Debit Card,Reversed,76,0,0,1,1,0,97.3,57.42,-94.79,1
RX00000510,2024-08-09,10:32:48,2025-10-12,0,30,Morphine,Ciprofloxacin,69491-276-86,50mg,Injection,93,101,442.37,580.97,1943.78,25.85,None,PH0127,Pharmacist_196,RPH736747,FL,14,PHM0014,HealthPlus Pharmacy,Independent,3060 Oak St,Chicago,CA,71205,(596) 639-8158,PHL79800,1748541338,FF9205766,DOC0111,Dr. Williams N,1688822679,AG4591734,MD417608,Oncology,9555 Clinic Blvd,Phoenix,NY,93753,(837) 576-7518,23,PAT003259,38,M,86028,NY,Self-Pay,INS52751,GRP1538,711807,PCN5979,87.48,337.88,149.28,E78.5,Diabetes,Antidiabetic,Acute Condition,01,231,18,Phone,Phone,72.34,48.07,479,300,353,1,1,7.39,2,7,6,Thursday,Evening,1,1,1,Tier 1,1,0,Check,Reversed,76,0,1,1,1,1,27.43,86.43,-86.68,0
RX00000511,2024-10-24,16:29:00,2025-02-06,2,60,Gabapentin,Simvastatin,90000-611-89,50mg,Tablet,149,22,392.69,1504.03,1791.44,42.77,Schedule IV,PH0057,Pharmacist_130,RPH838325,OH,12,PHM0033,HealthPlus Pharmacy,Walgreens,618 Maple St,New York,FL,28640,(981) 675-6410,PHL10007,1699052536,FU3649151,DOC0349,Dr. Johnson K,1750679849,AF4761671,MD688332,Cardiology,2959 Clinic Blvd,Chicago,FL,27618,(704) 587-4989,21,PAT000786,55,Other,70822,TX,Self-Pay,INS71773,GRP2500,430421,PCN2598,13.16,2688.18,164.4,E78.5,Asthma,Psychotherapeutic,Infection,04,160,-16,Phone,Phone,87.36,25.06,339,301,160,0,1,160.82,4,5,3,Wednesday,Evening,0,0,1,Tier 3,0,1,Insurance,Paid,None,0,1,1,1,0,61.62,76.61,-75.5,0
RX00000512,2024-04-05,09:59:55,2025-10-26,5,90,Amoxicillin,Hydrochlorothiazide,98153-869-51,250mg,Injection,172,36,309.42,2266.9,2921.53,17.11,None,PH0181,Pharmacist_93,RPH746979,FL,24,PHM0050,TrustedMeds,Independent,3506 Maple St,Philadelphia,TX,56872,(814) 953-5465,PHL32024,1382303719,FW6027924,DOC0020,Dr. Johnson A,9181232944,AC9618008,MD296049,General Practice,6769 Clinic Blvd,Chicago,IL,14723,(676) 760-8257,12,PAT002658,60,M,58924,TX,UnitedHealth,INS53855,GRP2979,735664,PCN1788,57.38,2061.03,417.46,F33.1,Arthritis,Cardiovascular,Acute Condition,04,194,12,Written,Fax,4.27,4.72,344,434,222,1,0,134.68,1,5,1,Tuesday,Evening,0,1,1,Tier 3,1,4,Cash,Reversed,79,0,1,0,0,1,76.3,59.9,31.26,1
RX00000513,2025-11-29,16:41:11,2024-07-29,6,30,Amoxicillin,Amoxicillin,32244-828-38,50mg,Tablet,178,45,14.05,3123.31,3906.63,21.44,Schedule V,PH0182,Pharmacist_200,RPH502380,IL,8,PHM0022,Main Street Pharmacy,Rite Aid,3466 Maple St,Phoenix,TX,35516,(775) 554-7932,PHL36271,6173363340,FL9588514,DOC0219,Dr. Garcia X,3975164665,AH8944891,MD841064,General Practice,8259 Medical Blvd,New York,IL,77615,(290) 844-2432,8,PAT001889,47,F,89967,TX,Aetna,INS37323,GRP4310,198316,PCN5357,23.51,1239.68,314.75,M79.7,Hypertension,Antidiabetic,Pain,01,250,2,Fax,Fax,25.26,12.08,382,523,344,1,0,-42.84,4,1,3,Saturday,Afternoon,0,0,0,Tier 2,0,2,Credit Card,Pending,75,1,0,1,0,1,67.14,88.07,17.23,0
RX00000514,2025-01-06,17:37:01,2025-12-05,11,90,Levothyroxine,Rosuvastatin,48621-268-27,50mg,Tablet,137,21,353.4,2700.48,3516.4,42.31,Schedule II,PH0161,Pharmacist_25,RPH350146,FL,32,PHM0044,TrustedMeds,Walgreens,3534 Maple St,New York,NY,17769,(549) 956-8749,PHL85231,6027545384,FW2524730,DOC0432,Dr. Brown H,1957625387,AL9733477,MD220815,Dermatology,6792 Hospital Blvd,Los Angeles,CA,20708,(843) 542-3555,40,PAT003986,71,Other,58236,TX,Anthem,INS33027,GRP2332,196902,PCN7313,95.31,39.11,26.77,J44.9,Hypertension,Psychotherapeutic,Infection,00,67,-13,Written,Fax,97.24,42.0,337,387,17,1,1,117.15,5,10,5,Saturday,Afternoon,1,0,0,Tier 1,0,2,Insurance,Paid,None,0,1,1,1,1,80.12,2.71,-73.48,0
RX00000515,2025-04-02,13:17:42,2024-05-02,4,90,Ciprofloxacin,Montelukast,28454-460-47,100mg,Capsule,178,24,144.78,1261.02,3755.5,49.62,None,PH0115,Pharmacist_93,RPH531935,NY,17,PHM0038,CarePlus Pharmacy,Independent,4407 Washington St,Chicago,CA,47159,(508) 464-5999,PHL65134,6854490552,FJ9670657,DOC0452,Dr. Smith Z,2366664321,AK3258725,MD837475,General Practice,8469 Health Blvd,Chicago,FL,51681,(217) 773-4757,2,PAT002049,48,M,72345,IL,Humana,INS30349,GRP2252,349136,PCN2604,22.38,1965.9,304.68,M79.7,Depression,Antibiotic,Preventive,01,315,-17,Fax,Fax,94.06,24.24,68,767,269,1,0,182.6,2,4,2,Tuesday,Evening,0,0,1,Tier 1,0,4,Cash,Pending,None,0,1,1,0,0,28.53,22.96,72.99,0
RX00000516,2025-05-13,15:03:43,2025-10-28,6,30,Levothyroxine,Amlodipine,88087-718-81,500mg,Cream,135,126,105.26,4780.65,721.05,49.65,Schedule V,PH0088,Pharmacist_136,RPH298379,PA,30,PHM0024,HealthPlus Pharmacy,Walgreens,9046 Oak St,Houston,NY,30855,(289) 740-5606,PHL58438,4775361169,FX2022366,DOC0095,Dr. Jones Q,3869093705,AQ3054642,MD204554,Endocrinology,4528 Hospital Blvd,Phoenix,CA,75131,(927) 773-4852,19,PAT001106,18,F,43450,NY,Cigna,INS96248,GRP6229,455888,PCN4081,81.08,879.6,141.9,J45.909,Arthritis,Cardiovascular,Preventive,03,65,10,Written,Phone,6.98,2.62,474,893,227,0,0,70.75,2,2,4,Sunday,Afternoon,0,0,0,Non-Formulary,0,0,Debit Card,Rejected,75,0,1,0,0,1,29.75,76.49,-65.86,0
RX00000517,2025-08-04,09:58:57,2025-07-02,5,60,Ciprofloxacin,Albuterol,87077-542-86,10mg,Tablet,47,87,425.78,2848.82,2266.53,41.69,Schedule II,PH0121,Pharmacist_196,RPH270744,TX,19,PHM0042,QuickMeds,Independent,5997 Oak St,New York,FL,60318,(784) 796-2263,PHL56617,1904106534,FC8776443,DOC0017,Dr. Brown Q,7769996878,AD8150925,MD525396,Oncology,1023 Medical Blvd,Phoenix,CA,16899,(581) 482-5862,2,PAT001180,77,F,61098,CA,UnitedHealth,INS97211,GRP3071,333069,PCN2594,38.9,1527.77,235.68,I10,Hypertension,Cardiovascular,Pain,01,197,25,Fax,Phone,4.62,23.63,160,245,393,1,0,67.82,4,4,7,Saturday,Morning,1,1,0,Non-Formulary,0,0,Cash,Paid,75,0,0,0,1,0,92.1,98.23,-5.08,1
RX00000518,2025-05-24,09:03:09,2024-11-26,2,30,Montelukast,Amoxicillin,57569-137-59,100mg,Syrup,152,54,338.41,808.74,4481.5,30.91,Schedule III,PH0073,Pharmacist_101,RPH453020,OH,18,PHM0032,HealthPlus Pharmacy,Rite Aid,3746 Main St,Houston,IL,22090,(504) 579-6798,PHL88009,1230028463,FM6676184,DOC0004,Dr. Johnson L,9114795259,AF4422949,MD562388,Orthopedics,4288 Health Blvd,Houston,FL,60328,(963) 328-3742,27,PAT003948,67,M,74619,TX,Medicare,INS87075,GRP1194,390974,PCN6827,99.5,1509.01,83.06,J44.9,Depression,Analgesic,Pain,02,305,20,Fax,Phone,2.65,48.51,76,376,171,1,1,54.69,4,0,6,Wednesday,Afternoon,1,0,1,Tier 1,0,2,Check,Reversed,75,0,0,1,0,0,87.87,34.8,69.17,1
RX00000519,2024-01-22,13:17:51,2025-06-16,4,30,Metformin,Sertraline,13003-792-43,20mg,Injection,166,25,352.02,2085.3,2468.53,28.91,Schedule V,PH0062,Pharmacist_87,RPH652916,PA,24,PHM0023,Express Meds,Independent,3776 Washington St,Chicago,TX,44460,(848) 775-8345,PHL58897,7369932435,FE6862648,DOC0019,Dr. Garcia J,4959854741,AU1970164,MD866737,Pediatrics,3589 Health Blvd,Phoenix,NY,72578,(534) 613-9439,17,PAT004794,81,Other,79205,TX,BlueCross BlueShield,INS69391,GRP9560,772006,PCN8063,90.74,2165.44,90.66,E78.5,Diabetes,Cardiovascular,Preventive,00,170,3,Written,Fax,0.57,48.17,268,691,194,1,1,161.32,0,1,3,Saturday,Afternoon,1,1,1,Tier 1,0,3,Credit Card,Rejected,75,1,0,0,0,0,97.81,72.82,24.54,1
RX00000520,2024-05-27,15:22:28,2025-10-25,5,30,Levothyroxine,Ibuprofen,83756-835-41,100mg,Tablet,66,171,10.56,1449.67,3632.46,17.31,None,PH0160,Pharmacist_124,RPH265375,PA,19,PHM0005,Main Street Pharmacy,Independent,3562 Washington St,Houston,TX,79544,(214) 596-4639,PHL30144,2143184596,FC2533327,DOC0465,Dr. Brown C,4575451393,AB5167886,MD841241,Internal Medicine,558 Health Blvd,New York,IL,44665,(621) 669-1935,36,PAT003812,78,Other,40687,FL,Cigna,INS93489,GRP2729,536364,PCN3346,44.74,2743.28,245.17,K21.9,Hypertension,Cardiovascular,Pain,00,204,10,Fax,Fax,31.88,14.67,1,609,328,1,0,150.4,0,8,3,Tuesday,Evening,1,1,0,Tier 1,1,0,Insurance,Pending,75,1,0,0,1,0,38.57,82.93,-79.95,0
RX00000521,2025-05-11,17:02:20,2025-09-13,11,30,Lisinopril,Metformin,81572-169-58,250mg,Capsule,78,160,56.39,3916.67,4121.94,24.64,Schedule V,PH0123,Pharmacist_17,RPH141592,OH,8,PHM0019,Wellness Pharmacy,Independent,5095 Main St,New York,OH,65777,(434) 383-3454,PHL29897,2558221209,FS7394370,DOC0405,Dr. Williams Y,8005616620,AD8258434,MD567735,Orthopedics,1878 Medical Blvd,Houston,CA,30438,(534) 459-5938,39,PAT003199,58,F,14722,NY,Humana,INS30536,GRP2370,985510,PCN9491,66.34,3567.45,457.97,M25.551,Depression,Psychotherapeutic,Pain,02,356,-1,Electronic,Phone,17.01,0.2,451,175,67,1,0,48.94,2,10,2,Thursday,Afternoon,0,1,0,Tier 2,0,3,Credit Card,Pending,88,1,1,0,0,0,72.49,0.24,-96.67,0
RX00000522,2024-10-11,15:17:19,2024-07-08,2,30,Rosuvastatin,Oxycodone,74119-667-11,100mg,Capsule,167,25,22.43,4172.03,1350.28,24.46,None,PH0179,Pharmacist_149,RPH505477,FL,26,PHM0029,QuickMeds,Rite Aid,2961 Park St,Houston,CA,92938,(360) 926-8113,PHL95294,5473480533,FZ9267067,DOC0007,Dr. Smith N,7043170556,AO8748005,MD851793,Neurology,4116 Health Blvd,New York,TX,35889,(460) 371-8628,33,PAT004768,45,Other,32873,IL,Medicare,INS38177,GRP3392,921024,PCN3843,80.58,3453.8,213.12,E78.5,Depression,Psychotherapeutic,Chronic Disease,01,255,25,Electronic,Phone,3.91,49.04,353,313,107,1,1,112.3,5,0,3,Saturday,Morning,0,0,0,Tier 3,0,3,Debit Card,Pending,88,1,1,0,0,0,77.05,13.65,-50.23,1
RX00000523,2025-07-08,10:49:48,2024-07-02,9,90,Morphine,Clopidogrel,57820-888-71,500mg,Syrup,87,164,450.86,752.31,28.81,40.43,Schedule II,PH0180,Pharmacist_158,RPH673758,CA,8,PHM0013,Prime Pharmacy,CVS,7746 Washington St,New York,OH,90149,(279) 574-8486,PHL73153,5169621067,FD6212784,DOC0191,Dr. Smith D,4974392890,AL9863866,MD213199,Psychiatry,2619 Hospital Blvd,New York,TX,41896,(824) 479-3628,36,PAT000601,32,F,81481,FL,Anthem,INS54286,GRP1639,704876,PCN2051,37.64,4042.62,224.24,J45.909,Depression,Cardiovascular,Chronic Disease,03,310,18,Phone,Electronic,38.82,43.6,190,66,125,0,0,78.67,0,0,4,Wednesday,Afternoon,0,0,0,Non-Formulary,1,1,Cash,Paid,79,1,1,1,0,1,21.84,64.32,25.7,0
RX00000524,2024-11-12,15:26:47,2025-05-03,11,90,Lisinopril,Metformin,50553-352-20,500mg,Tablet,127,96,114.73,2987.66,3891.34,44.6,Schedule IV,PH0021,Pharmacist_71,RPH214062,TX,12,PHM0028,Community Health Pharmacy,Walgreens,2295 Park St,Los Angeles,CA,59335,(886) 463-7249,PHL24682,4151229030,FX9493615,DOC0448,Dr. Miller X,5566590444,AP6040946,MD843102,Orthopedics,8950 Clinic Blvd,Chicago,CA,56630,(745) 491-8775,17,PAT002017,89,Other,48380,FL,Kaiser Permanente,INS27508,GRP9327,718068,PCN8935,80.11,728.71,152.59,M25.551,Asthma,Antidiabetic,Preventive,04,301,4,Phone,Paper,86.36,46.3,148,349,269,1,1,183.56,0,10,4,Tuesday,Morning,0,0,0,Tier 3,1,0,Insurance,Reversed,79,1,1,1,0,0,17.31,72.13,-11.96,0
RX00000525,2025-05-14,11:36:21,2025-04-17,11,30,Ibuprofen,Oxycodone,98037-743-26,500mg,Syrup,99,60,297.63,4304.67,828.94,33.78,Schedule IV,PH0178,Pharmacist_53,RPH576504,OH,32,PHM0043,Family Pharmacy,CVS,1828 Oak St,Chicago,NY,50823,(570) 743-9019,PHL14187,1528336898,FD2962474,DOC0215,Dr. Smith O,2507772040,AP4986535,MD799437,Dermatology,6077 Hospital Blvd,Houston,NY,48533,(776) 847-3889,8,PAT002760,29,F,66195,IL,Humana,INS50824,GRP4609,680066,PCN9117,88.59,2140.19,228.8,I10,Diabetes,Antibiotic,Preventive,01,178,27,Written,Electronic,74.43,45.71,402,841,477,1,0,98.64,2,6,2,Saturday,Night,0,1,1,Tier 2,0,0,Debit Card,Paid,75,0,0,1,1,1,12.81,15.32,38.93,0
RX00000526,2024-01-11,17:28:55,2024-12-23,0,60,Simvastatin,Ciprofloxacin,87697-206-97,500mg,Capsule,149,90,482.92,3693.78,2333.35,30.44,Schedule III,PH0075,Pharmacist_21,RPH540791,TX,16,PHM0014,Central Drug Store,Independent,1472 Main St,Chicago,FL,93521,(924) 754-6205,PHL50917,5141687804,FF7490106,DOC0073,Dr. Garcia E,5472297405,AW1164119,MD850535,Dermatology,6798 Hospital Blvd,Los Angeles,NY,99750,(578) 957-3005,36,PAT002666,39,M,87947,PA,UnitedHealth,INS66038,GRP6801,518357,PCN2528,19.93,4027.6,418.26,N18.3,Diabetes,Psychotherapeutic,Preventive,03,40,11,Electronic,Phone,44.03,34.11,489,278,113,1,0,-15.81,0,0,7,Saturday,Evening,1,1,1,Non-Formulary,1,0,Credit Card,Reversed,76,0,0,0,1,0,39.7,20.06,-65.0,0
RX00000527,2025-01-14,15:47:22,2024-09-02,11,90,Simvastatin,Simvastatin,17310-564-17,20mg,Syrup,15,126,359.67,1915.14,1923.27,47.14,Schedule V,PH0165,Pharmacist_173,RPH474471,CA,33,PHM0024,TrustedMeds,CVS,7088 Main St,New York,FL,77226,(831) 619-7102,PHL55369,4157869023,FE7467475,DOC0460,Dr. Miller I,7427214349,AD5356797,MD167225,Orthopedics,4556 Medical Blvd,Chicago,NY,84554,(646) 732-5645,33,PAT001724,58,Other,60826,CA,BlueCross BlueShield,INS10700,GRP2101,678995,PCN3545,0.77,2311.4,52.84,J45.909,Diabetes,Psychotherapeutic,Preventive,00,303,-17,Phone,Fax,70.61,4.15,49,519,487,0,0,-0.79,4,8,7,Friday,Afternoon,0,1,1,Tier 1,0,4,Insurance,Reversed,76,1,1,0,0,0,88.89,96.52,-13.79,0
RX00000528,2025-09-23,13:08:43,2024-07-08,9,30,Levothyroxine,Rosuvastatin,24071-915-61,100mg,Syrup,30,134,474.09,1012.57,931.99,43.06,Schedule IV,PH0075,Pharmacist_146,RPH357925,CA,16,PHM0021,Central Drug Store,CVS,8110 Washington St,Los Angeles,OH,55171,(550) 831-5047,PHL74468,2588683922,FC9701929,DOC0452,Dr. Johnson K,9063566766,AU6663342,MD215606,Psychiatry,3614 Medical Blvd,Houston,NY,71446,(297) 985-6402,17,PAT004382,42,F,32564,IL,UnitedHealth,INS35588,GRP5707,227385,PCN4838,78.42,105.72,100.84,K21.9,Hypertension,Antidiabetic,Chronic Disease,04,212,24,Fax,Phone,41.21,22.35,331,763,383,1,1,26.55,5,5,4,Saturday,Evening,0,0,1,Tier 2,0,0,Cash,Pending,76,1,1,1,0,1,12.51,5.81,53.91,0
RX00000529,2024-02-11,14:20:44,2024-10-18,9,90,Clopidogrel,Tramadol,38723-658-72,50mg,Syrup,132,135,39.57,1546.54,748.21,38.49,Schedule V,PH0179,Pharmacist_199,RPH771217,NY,17,PHM0006,City Pharmacy,Independent,7045 Maple St,Houston,OH,27739,(825) 947-8299,PHL65257,8897903471,FL8076738,DOC0127,Dr. Miller F,4321412839,AN9369033,MD762462,Cardiology,3971 Hospital Blvd,Los Angeles,FL,67750,(896) 698-8440,17,PAT002551,30,M,99613,IL,Humana,INS36604,GRP8686,227930,PCN2834,51.98,4438.13,27.48,E11.9,Diabetes,Antibiotic,Pain,04,125,-9,Phone,Fax,37.4,36.83,59,942,391,1,0,86.37,5,2,0,Tuesday,Morning,0,1,1,Non-Formulary,1,3,Credit Card,Paid,88,1,1,1,1,1,66.53,34.97,0.11,0
RX00000530,2025-09-24,09:18:55,2024-04-16,1,60,Ciprofloxacin,Hydrochlorothiazide,64622-168-92,250mg,Tablet,106,160,354.38,4700.88,3600.63,33.74,Schedule V,PH0091,Pharmacist_25,RPH121759,IL,14,PHM0009,Main Street Pharmacy,Rite Aid,8566 Washington St,Houston,IL,65791,(755) 876-9604,PHL49540,1627497053,FA4841589,DOC0272,Dr. Johnson M,2421458235,AU4830452,MD152113,Oncology,2390 Clinic Blvd,New York,CA,45727,(973) 372-1644,29,PAT003335,65,M,39223,NY,Kaiser Permanente,INS33302,GRP5624,729343,PCN7120,47.64,238.7,356.0,J45.909,Asthma,Antidiabetic,Pain,00,276,-13,Phone,Fax,46.58,2.78,396,325,375,0,1,95.24,4,7,6,Monday,Afternoon,1,1,1,Non-Formulary,0,0,Cash,Pending,76,1,1,0,1,0,87.94,98.71,-75.9,0
RX00000531,2024-05-28,18:36:55,2024-04-29,11,60,Amlodipine,Metformin,33363-991-16,10mg,Cream,94,157,461.35,1565.94,4375.84,6.33,Schedule II,PH0072,Pharmacist_27,RPH810312,FL,3,PHM0014,Community Health Pharmacy,Rite Aid,4221 Oak St,Los Angeles,OH,74346,(940) 454-4567,PHL20174,6173533371,FU3501542,DOC0499,Dr. Williams C,7984808702,AD9599599,MD700146,Internal Medicine,6547 Hospital Blvd,New York,FL,71479,(820) 875-5822,10,PAT004995,40,M,14595,OH,UnitedHealth,INS74882,GRP3224,619810,PCN5383,54.2,600.22,354.27,I25.10,Hypertension,Antidiabetic,Chronic Disease,00,251,13,Fax,Paper,19.2,4.1,74,281,469,0,1,169.85,4,6,1,Friday,Night,1,0,1,Non-Formulary,0,3,Insurance,Pending,76,1,0,1,1,1,51.21,77.89,-12.82,0
RX00000532,2024-09-03,09:43:56,2024-09-02,1,30,Metformin,Methylprednisolone,87428-684-34,500mg,Cream,32,136,190.15,3716.96,9.68,43.82,Schedule IV,PH0164,Pharmacist_3,RPH101514,NY,11,PHM0042,CarePlus Pharmacy,Rite Aid,9560 Washington St,Los Angeles,PA,46260,(513) 544-3998,PHL67993,8935842334,FG1001307,DOC0493,Dr. Garcia A,7636147995,AQ1670880,MD540448,Pediatrics,7040 Clinic Blvd,Phoenix,TX,88224,(289) 874-9855,27,PAT004447,56,Other,95344,IL,Medicare,INS45617,GRP4168,832720,PCN3923,0.77,3247.64,70.61,K21.9,Asthma,Antidiabetic,Preventive,03,13,11,Phone,Fax,37.27,18.42,497,756,109,1,1,137.69,2,5,7,Saturday,Night,1,0,0,Tier 2,1,3,Credit Card,Rejected,None,0,0,0,0,0,44.17,34.6,-7.9,0
RX00000533,2024-12-03,08:36:17,2025-02-01,5,90,Azithromycin,Azithromycin,68134-337-22,50mg,Cream,48,178,478.63,2115.22,658.97,34.6,Schedule IV,PH0113,Pharmacist_110,RPH102559,NY,10,PHM0044,QuickMeds,Independent,1073 Washington St,New York,CA,16416,(347) 461-6179,PHL78893,7135682686,FD8714571,DOC0003,Dr. Garcia S,3747283564,AY4406890,MD357709,General Practice,3306 Hospital Blvd,Phoenix,FL,66304,(767) 724-4444,36,PAT003265,84,Other,79379,NY,Kaiser Permanente,INS77203,GRP3011,569145,PCN4447,55.73,3239.63,483.38,I10,Arthritis,Antibiotic,Infection,01,127,-9,Written,Fax,1.6,40.43,326,618,183,0,1,85.78,4,7,3,Saturday,Evening,0,0,0,Non-Formulary,1,4,Debit Card,Paid,75,0,1,0,1,0,82.65,54.12,-7.26,1
RX00000534,2025-10-24,15:25:28,2024-09-09,11,60,Morphine,Albuterol,64173-553-95,500mg,Capsule,164,133,38.08,4979.4,4424.92,7.04,Schedule V,PH0113,Pharmacist_68,RPH551101,IL,15,PHM0014,Family Pharmacy,Independent,6023 Oak St,Philadelphia,FL,46782,(243) 884-7954,PHL30687,9480698269,FE7508112,DOC0099,Dr. Smith B,4045928730,AH3540502,MD393239,General Practice,7837 Health Blvd,Los Angeles,FL,55899,(311) 740-9790,18,PAT004962,32,Other,80322,OH,Anthem,INS61570,GRP2328,321747,PCN3313,58.03,96.47,119.11,E78.5,Arthritis,Analgesic,Chronic Disease,03,206,24,Phone,Phone,18.59,23.84,76,828,339,1,1,-27.96,0,0,7,Tuesday,Evening,0,1,0,Tier 1,1,3,Check,Rejected,76,1,0,1,0,1,63.12,61.63,-37.91,0
RX00000535,2025-03-02,13:15:24,2025-02-23,9,90,Simvastatin,Lisinopril,18060-599-73,500mg,Cream,164,172,222.59,720.67,727.36,36.39,Schedule III,PH0097,Pharmacist_187,RPH807750,CA,21,PHM0016,QuickMeds,CVS,659 Main St,Los Angeles,FL,11456,(339) 671-6952,PHL17849,3418076606,FR1649295,DOC0403,Dr. Williams D,6377917102,AH7330702,MD780613,Endocrinology,260 Medical Blvd,Houston,IL,19223,(358) 979-1614,32,PAT002802,18,M,13315,FL,Self-Pay,INS90973,GRP2325,464884,PCN6995,52.97,4173.0,463.97,M54.5,Asthma,Analgesic,Infection,02,131,-10,Electronic,Fax,48.83,17.0,109,186,176,0,0,18.3,2,8,4,Wednesday,Morning,0,1,0,Non-Formulary,1,4,Check,Rejected,75,0,0,0,1,1,72.08,58.38,17.45,0
RX00000536,2023-12-26,09:00:53,2024-10-05,3,60,Lisinopril,Azithromycin,18349-927-27,250mg,Injection,84,20,352.61,2517.43,513.27,25.4,Schedule II,PH0007,Pharmacist_176,RPH494008,IL,15,PHM0034,Express Meds,CVS,1234 Maple St,Chicago,NY,81463,(651) 731-7496,PHL27689,2007459530,FY4138908,DOC0001,Dr. Jones J,5537237203,AE2253555,MD626865,Oncology,875 Clinic Blvd,Houston,CA,83352,(394) 961-2750,37,PAT000787,37,Other,63529,CA,Humana,INS81604,GRP6798,880448,PCN9655,56.73,1466.77,306.63,G89.29,Hypertension,Psychotherapeutic,Chronic Disease,02,7,8,Phone,Fax,3.84,17.73,158,471,477,0,0,139.66,3,10,0,Saturday,Evening,1,1,1,Non-Formulary,0,2,Debit Card,Reversed,75,0,0,0,1,1,89.78,99.66,16.88,1
RX00000537,2025-08-01,18:49:46,2025-05-08,5,30,Clopidogrel,Simvastatin,92362-483-58,100mg,Tablet,102,17,492.26,3091.7,3755.75,43.37,Schedule III,PH0179,Pharmacist_118,RPH548999,TX,32,PHM0035,Community Health Pharmacy,Independent,3585 Washington St,Phoenix,PA,42591,(797) 298-6052,PHL73899,2144833885,FO3549544,DOC0160,Dr. Jones S,9768893120,AG6462769,MD259809,Neurology,9381 Health Blvd,New York,IL,26351,(227) 341-8464,28,PAT002229,81,M,50433,NY,Humana,INS98549,GRP4733,276514,PCN2321,10.07,3660.33,290.44,J44.9,Arthritis,Antidiabetic,Infection,01,248,-2,Phone,Electronic,36.14,39.16,486,877,200,0,0,164.77,4,8,3,Monday,Evening,1,0,0,Non-Formulary,0,1,Credit Card,Reversed,75,0,0,1,1,0,87.16,80.31,-16.63,0
RX00000538,2024-02-15,13:58:35,2025-11-09,0,30,Tramadol,Sertraline,82897-689-94,50mg,Capsule,149,39,164.15,4162.54,3893.89,7.39,None,PH0081,Pharmacist_70,RPH331600,PA,35,PHM0045,Metro Pharmacy,Walgreens,7539 Park St,New York,IL,93323,(250) 692-8439,PHL91395,4950274768,FZ5731957,DOC0481,Dr. Jones Q,5786565002,AV2915129,MD409290,Pediatrics,7107 Health Blvd,New York,IL,96221,(808) 549-5137,8,PAT003721,29,M,10488,OH,Anthem,INS57637,GRP7799,984384,PCN3318,91.07,1759.0,268.16,E78.5,Depression,Antibiotic,Chronic Disease,01,324,13,Fax,Paper,76.07,24.93,411,509,282,1,1,-41.48,2,9,5,Friday,Morning,0,0,1,Tier 3,0,1,Check,Paid,79,0,0,1,1,1,39.27,51.04,-38.05,0
RX00000539,2024-07-09,11:25:13,2023-12-22,5,90,Ibuprofen,Prednisone,59027-869-36,20mg,Tablet,178,102,41.49,1006.31,3050.62,13.86,Schedule IV,PH0030,Pharmacist_28,RPH565856,CA,11,PHM0032,Community Health Pharmacy,Independent,4843 Washington St,Los Angeles,TX,50202,(667) 791-4136,PHL68407,1754673712,FY2849578,DOC0290,Dr. Brown Y,2633220174,AT7833627,MD684649,Orthopedics,2887 Clinic Blvd,Phoenix,IL,54711,(882) 735-5478,13,PAT000985,45,Other,51168,PA,Medicare,INS49899,GRP1247,653358,PCN8330,30.74,1232.41,432.63,M54.5,Asthma,Antidiabetic,Infection,04,321,-4,Written,Fax,38.55,17.43,175,450,200,1,0,-9.96,3,1,8,Tuesday,Evening,1,0,1,Tier 1,0,4,Insurance,Pending,76,1,1,0,0,1,9.67,10.45,84.38,0
RX00000540,2025-09-22,18:28:03,2024-02-24,10,60,Gabapentin,Ciprofloxacin,25375-411-49,50mg,Capsule,72,136,344.7,1754.24,810.58,9.34,Schedule III,PH0098,Pharmacist_157,RPH200272,TX,28,PHM0044,QuickMeds,Independent,6319 Maple St,New York,TX,72132,(433) 392-8785,PHL65765,7518503003,FA2486967,DOC0242,Dr. Johnson I,9897893907,AP9503169,MD172140,Cardiology,194 Health Blvd,New York,IL,59065,(693) 857-2673,20,PAT002825,31,F,86398,TX,UnitedHealth,INS46670,GRP6884,442770,PCN9719,77.48,2441.86,428.74,K21.9,Asthma,Cardiovascular,Acute Condition,01,304,-5,Fax,Electronic,0.71,42.26,265,51,159,1,0,190.7,4,8,1,Thursday,Evening,0,1,0,Tier 2,0,4,Check,Paid,79,0,1,1,1,1,54.72,34.04,-52.78,0
RX00000541,2024-04-05,17:03:32,2025-09-26,8,60,Amlodipine,Omeprazole,16915-129-32,100mg,Injection,71,45,403.98,2290.32,752.64,40.2,Schedule II,PH0110,Pharmacist_157,RPH998741,TX,4,PHM0017,Community Health Pharmacy,CVS,2494 Washington St,New York,TX,86695,(249) 466-8607,PHL40647,2531749193,FK3363004,DOC0214,Dr. Johnson N,6867149505,AS4456625,MD154968,Oncology,3527 Health Blvd,Los Angeles,TX,58385,(298) 399-6680,40,PAT004813,73,F,29014,FL,BlueCross BlueShield,INS93028,GRP7223,963993,PCN2014,71.5,2745.29,311.08,M79.7,Diabetes,Antidiabetic,Chronic Disease,00,358,-10,Written,Phone,71.35,32.77,125,118,1,1,1,-18.91,0,1,1,Saturday,Afternoon,1,1,1,Tier 3,0,1,Credit Card,Pending,75,1,0,0,1,0,26.17,54.0,29.19,0
RX00000542,2024-03-30,11:34:41,2024-04-18,5,90,Hydrochlorothiazide,Sertraline,83700-678-31,20mg,Syrup,26,174,241.55,4337.3,1452.75,31.84,Schedule V,PH0114,Pharmacist_118,RPH472630,FL,24,PHM0021,QuickMeds,Independent,2760 Park St,Phoenix,PA,90992,(887) 541-8137,PHL36456,3302405542,FN9228432,DOC0106,Dr. Brown N,2950190806,AG2346947,MD870906,Cardiology,1382 Hospital Blvd,Los Angeles,CA,42163,(429) 859-9451,32,PAT002920,44,Other,99166,OH,Humana,INS33403,GRP2207,415942,PCN5706,73.71,965.17,396.38,F41.9,Depression,Antidiabetic,Chronic Disease,04,259,3,Phone,Fax,36.06,44.29,497,206,266,0,1,65.62,1,5,4,Tuesday,Morning,0,1,0,Tier 3,0,0,Credit Card,Paid,79,0,1,1,1,0,25.98,94.03,-13.49,0
RX00000543,2025-04-03,15:06:22,2024-08-20,12,60,Clopidogrel,Lisinopril,12252-658-15,500mg,Tablet,19,64,409.72,820.05,4006.25,37.21,Schedule II,PH0150,Pharmacist_87,RPH481040,CA,12,PHM0007,Community Health Pharmacy,Rite Aid,9869 Park St,Los Angeles,NY,35038,(356) 768-6817,PHL43995,5718973525,FE3756063,DOC0314,Dr. Brown H,3696849099,AN3141011,MD219318,Pediatrics,4426 Clinic Blvd,Los Angeles,FL,23946,(544) 861-1595,18,PAT002637,33,Other,61480,FL,Medicaid,INS67749,GRP9089,677187,PCN9192,80.98,3446.02,480.0,J45.909,Hypertension,Antibiotic,Preventive,00,106,-19,Fax,Phone,73.51,9.39,465,180,289,1,0,-12.09,2,5,4,Thursday,Morning,0,0,1,Tier 2,0,0,Credit Card,Reversed,None,1,0,0,0,0,80.92,35.4,-31.85,0
RX00000544,2025-06-17,11:21:27,2025-03-04,0,90,Methylprednisolone,Amlodipine,11906-737-88,250mg,Cream,120,140,303.71,400.72,3260.54,5.56,Schedule V,PH0112,Pharmacist_127,RPH696620,FL,14,PHM0043,TrustedMeds,Independent,1873 Park St,Philadelphia,CA,92269,(781) 497-8538,PHL45765,2669781844,FF4933965,DOC0018,Dr. Garcia C,3843872813,AB3382698,MD403114,Neurology,6035 Clinic Blvd,New York,FL,52843,(732) 978-7495,14,PAT003712,44,F,36786,NY,Aetna,INS72064,GRP1561,236907,PCN9268,77.52,2669.13,200.92,K21.9,Asthma,Antidiabetic,Preventive,02,276,23,Electronic,Paper,0.89,3.57,198,166,323,0,0,107.14,5,10,6,Wednesday,Morning,1,1,1,Tier 2,1,2,Credit Card,Rejected,None,0,1,1,1,1,89.17,6.64,-90.96,1
RX00000545,2024-03-16,16:37:48,2025-01-16,8,60,Ciprofloxacin,Montelukast,89679-293-52,250mg,Syrup,62,75,450.86,949.82,1181.54,17.44,Schedule III,PH0043,Pharmacist_190,RPH206347,NY,23,PHM0046,QuickMeds,Independent,7198 Main St,Houston,NY,94239,(979) 205-9391,PHL24088,3368916429,FV5572399,DOC0002,Dr. Smith U,3511476175,AK3082554,MD936951,Pediatrics,1801 Clinic Blvd,New York,TX,17809,(771) 557-1233,6,PAT001984,52,F,92476,TX,Aetna,INS88827,GRP7578,329821,PCN7793,25.47,4000.55,85.88,K21.9,Depression,Antidiabetic,Infection,02,354,-13,Phone,Paper,2.13,14.34,109,615,336,1,0,133.58,2,2,4,Monday,Morning,1,1,1,Tier 2,1,1,Check,Reversed,88,1,0,1,1,0,79.92,1.92,-80.42,1
RX00000546,2025-08-17,12:56:10,2024-06-19,0,90,Escitalopram,Amoxicillin,31154-108-87,100mg,Cream,13,165,217.94,1241.72,3901.19,9.57,Schedule III,PH0160,Pharmacist_20,RPH178434,FL,22,PHM0042,Wellness Pharmacy,CVS,3962 Main St,Houston,CA,27730,(886) 558-4339,PHL41358,3035632030,FR7530972,DOC0073,Dr. Smith J,6307160422,AY9029537,MD462372,General Practice,7649 Hospital Blvd,Chicago,NY,71235,(288) 704-3266,3,PAT000941,59,M,41473,NY,BlueCross BlueShield,INS10969,GRP4271,295413,PCN6515,95.11,2589.23,403.93,F41.9,Arthritis,Antibiotic,Pain,01,120,-26,Written,Phone,97.95,4.66,213,516,78,0,1,46.04,4,4,2,Tuesday,Night,1,0,0,Tier 3,1,1,Insurance,Paid,75,1,0,0,0,1,30.67,82.1,28.12,0
RX00000547,2023-12-29,11:21:05,2025-02-15,5,30,Levothyroxine,Rosuvastatin,93743-238-37,20mg,Syrup,65,89,256.0,1611.76,845.42,37.25,Schedule IV,PH0196,Pharmacist_157,RPH695723,NY,17,PHM0039,TrustedMeds,Rite Aid,5921 Washington St,Houston,TX,82060,(445) 856-4624,PHL55419,1757134730,FV9324825,DOC0013,Dr. Smith V,6959534223,AA8268177,MD402434,Neurology,2453 Hospital Blvd,New York,TX,46816,(241) 359-6049,17,PAT003771,82,M,11093,FL,Kaiser Permanente,INS11905,GRP2753,519304,PCN4224,14.17,2854.77,479.32,J45.909,Depression,Psychotherapeutic,Pain,02,52,25,Written,Phone,2.06,6.36,486,620,354,1,0,112.81,3,4,2,Thursday,Afternoon,0,0,1,Tier 3,1,2,Cash,Reversed,79,1,1,1,1,1,72.64,38.99,25.92,1
RX00000548,2025-09-20,11:13:14,2025-08-07,7,90,Morphine,Albuterol,82109-238-22,100mg,Tablet,53,174,475.02,3334.78,2180.36,32.14,Schedule IV,PH0019,Pharmacist_76,RPH998342,IL,19,PHM0040,Main Street Pharmacy,Independent,8948 Maple St,New York,TX,70248,(563) 632-3018,PHL64500,4174051339,FZ4504118,DOC0218,Dr. Jones J,3968031400,AM1490718,MD958917,Psychiatry,8544 Hospital Blvd,Los Angeles,IL,70085,(779) 520-7618,5,PAT002514,28,M,84135,FL,Anthem,INS19166,GRP7039,744887,PCN3780,62.06,854.95,365.86,M79.7,Asthma,Psychotherapeutic,Pain,04,258,-9,Written,Fax,19.53,28.47,98,57,263,0,1,173.08,5,7,1,Monday,Afternoon,0,0,1,Tier 2,0,1,Cash,Pending,88,1,0,0,0,0,40.83,46.47,-70.57,0
RX00000549,2024-06-15,17:43:22,2025-10-12,1,90,Lisinopril,Amlodipine,92113-882-89,250mg,Injection,130,72,270.77,3310.41,2709.25,24.76,Schedule IV,PH0100,Pharmacist_113,RPH659360,OH,11,PHM0016,QuickMeds,Rite Aid,225 Park St,Philadelphia,TX,33900,(333) 807-7278,PHL63490,2413192478,FJ5290473,DOC0007,Dr. Garcia I,6913322591,AO5542481,MD307569,Cardiology,6701 Hospital Blvd,New York,FL,79184,(266) 516-5894,37,PAT001011,82,Other,67546,NY,BlueCross BlueShield,INS32698,GRP9420,182979,PCN2031,20.85,3416.41,258.86,M54.5,Diabetes,Psychotherapeutic,Pain,02,43,7,Written,Electronic,0.84,35.07,325,449,290,1,0,83.65,1,0,5,Monday,Night,1,1,0,Tier 3,1,1,Cash,Reversed,None,0,0,0,1,1,92.08,76.22,-77.7,1
RX00000550,2025-06-20,12:53:03,2024-07-06,11,90,Morphine,Losartan,25028-770-93,100mg,Capsule,43,71,253.22,987.1,67.69,45.51,Schedule III,PH0124,Pharmacist_183,RPH797020,TX,5,PHM0003,Community Health Pharmacy,CVS,7896 Washington St,Los Angeles,NY,64315,(946) 542-5386,PHL26013,8381858171,FE7041886,DOC0065,Dr. Miller R,2502906637,AZ8241693,MD345648,Oncology,8178 Medical Blvd,New York,FL,47076,(994) 484-8106,27,PAT004100,53,F,23944,OH,Cigna,INS32361,GRP1961,930790,PCN2646,77.61,3993.14,416.02,J45.909,Hypertension,Antibiotic,Preventive,02,350,-23,Written,Phone,97.9,26.33,469,124,193,0,0,190.39,2,6,0,Tuesday,Afternoon,1,0,1,Non-Formulary,0,4,Check,Paid,None,1,0,0,0,0,59.19,33.66,-54.44,0
RX00000551,2024-05-02,10:29:33,2024-03-12,8,90,Gabapentin,Montelukast,77185-889-97,100mg,Tablet,149,29,426.96,1001.8,4294.83,15.33,Schedule IV,PH0172,Pharmacist_114,RPH883466,CA,23,PHM0006,TrustedMeds,Independent,4286 Washington St,Los Angeles,CA,92193,(768) 231-4027,PHL77784,1405296584,FD2319149,DOC0016,Dr. Garcia J,6036704663,AU2549495,MD971375,Pediatrics,3934 Medical Blvd,Chicago,TX,50518,(590) 780-8609,35,PAT004823,55,M,52945,IL,Anthem,INS38975,GRP5920,707798,PCN1257,76.07,4184.04,295.37,K21.9,Asthma,Psychotherapeutic,Infection,01,141,-7,Written,Electronic,2.32,12.99,317,373,302,0,0,109.56,1,10,0,Tuesday,Morning,1,1,1,Tier 1,1,0,Debit Card,Paid,79,1,1,1,1,0,71.47,79.59,94.78,1
RX00000552,2025-10-09,16:06:34,2024-11-17,9,60,Ciprofloxacin,Atorvastatin,39664-899-45,50mg,Syrup,24,93,185.26,719.5,4157.96,27.43,Schedule IV,PH0044,Pharmacist_22,RPH929298,NY,27,PHM0013,Express Meds,Rite Aid,2602 Main St,Philadelphia,IL,19749,(617) 207-5464,PHL86574,5765325480,FX3643593,DOC0288,Dr. Miller G,3680370404,AC8363199,MD158608,Psychiatry,7038 Health Blvd,Los Angeles,FL,27586,(302) 914-9938,24,PAT004545,45,F,77318,TX,BlueCross BlueShield,INS49940,GRP8887,141308,PCN6999,69.38,397.59,448.1,J44.9,Arthritis,Antibiotic,Acute Condition,02,196,24,Electronic,Electronic,76.86,34.06,162,405,64,1,1,179.66,3,1,5,Thursday,Morning,0,0,0,Tier 1,1,0,Insurance,Paid,76,0,1,1,1,0,53.09,80.4,76.84,0
RX00000553,2023-12-22,11:12:22,2024-04-08,12,90,Rosuvastatin,Azithromycin,43836-648-16,250mg,Injection,26,139,215.84,3802.4,3111.94,28.24,Schedule II,PH0193,Pharmacist_3,RPH958914,TX,14,PHM0018,QuickMeds,CVS,2738 Park St,Phoenix,OH,97220,(707) 753-7121,PHL38428,4727508608,FW1056132,DOC0011,Dr. Smith W,2032690172,AS4644223,MD110067,Endocrinology,324 Clinic Blvd,New York,CA,42411,(701) 630-6647,36,PAT002534,90,Other,12083,CA,Humana,INS15554,GRP6556,553668,PCN6453,73.58,666.25,175.97,G89.29,Arthritis,Cardiovascular,Preventive,00,312,-10,Written,Paper,0.48,34.14,237,754,276,0,1,54.24,3,3,6,Friday,Morning,0,0,1,Tier 3,0,3,Cash,Reversed,88,1,0,1,0,1,83.81,95.36,34.35,1
RX00000554,2024-01-23,17:45:19,2024-01-31,12,30,Tramadol,Simvastatin,91629-201-55,50mg,Cream,171,167,231.34,2703.94,3281.39,35.22,Schedule III,PH0025,Pharmacist_177,RPH244974,TX,21,PHM0011,Express Meds,Rite Aid,7838 Main St,Chicago,CA,79890,(683) 545-6537,PHL15366,6678404185,FF5454562,DOC0055,Dr. Williams R,9935023473,AX9939908,MD791287,Psychiatry,7340 Clinic Blvd,New York,CA,39587,(787) 315-4291,34,PAT003779,25,F,46487,OH,UnitedHealth,INS49165,GRP3756,123017,PCN2658,24.08,3763.38,407.78,F33.1,Asthma,Antibiotic,Infection,04,89,4,Written,Phone,31.9,0.93,200,182,469,1,1,99.43,4,6,3,Sunday,Evening,1,0,0,Non-Formulary,0,3,Cash,Rejected,None,0,0,1,1,1,70.94,30.99,31.06,0
RX00000555,2024-04-21,13:18:38,2024-11-19,8,60,Lisinopril,Escitalopram,70358-921-95,20mg,Tablet,130,154,466.01,2868.75,346.56,44.17,Schedule V,PH0157,Pharmacist_165,RPH763936,PA,33,PHM0018,QuickMeds,Rite Aid,7405 Washington St,New York,FL,12515,(811) 788-7098,PHL25479,1170224939,FW6890430,DOC0008,Dr. Brown X,5164141218,AK9093956,MD826787,Psychiatry,2278 Medical Blvd,New York,IL,14413,(345) 739-1423,23,PAT003717,61,F,13054,CA,BlueCross BlueShield,INS43660,GRP5879,387500,PCN2207,34.44,3831.51,416.68,K21.9,Diabetes,Cardiovascular,Chronic Disease,03,80,1,Electronic,Fax,4.71,7.82,453,927,132,0,0,56.3,1,1,7,Wednesday,Afternoon,0,0,1,Tier 2,1,0,Insurance,Rejected,79,1,0,1,0,0,99.3,67.18,-56.69,1
RX00000556,2024-08-31,15:58:23,2024-10-16,7,60,Ciprofloxacin,Gabapentin,59268-497-79,50mg,Capsule,57,80,58.82,3814.36,2276.55,12.03,Schedule V,PH0155,Pharmacist_131,RPH677046,PA,3,PHM0032,Corner Pharmacy,Rite Aid,5981 Washington St,Philadelphia,TX,67306,(552) 742-6550,PHL98702,8515408090,FR7236364,DOC0163,Dr. Brown J,2574907613,AY4011272,MD390495,Orthopedics,7447 Hospital Blvd,Chicago,FL,80537,(897) 330-6950,6,PAT003265,62,M,34063,PA,Medicaid,INS74295,GRP4404,442084,PCN2767,8.65,2101.14,265.15,M54.5,Depression,Cardiovascular,Chronic Disease,02,286,27,Fax,Fax,77.63,22.12,228,964,311,1,0,6.86,4,7,1,Monday,Afternoon,0,1,0,Non-Formulary,1,4,Debit Card,Paid,79,1,1,1,0,0,19.33,33.05,40.58,0
RX00000557,2025-10-10,14:13:16,2024-10-30,5,30,Albuterol,Oxycodone,63043-978-50,10mg,Syrup,69,31,66.75,1472.44,327.5,43.64,Schedule V,PH0033,Pharmacist_161,RPH745666,IL,31,PHM0040,Central Drug Store,Independent,8810 Washington St,Philadelphia,IL,65995,(522) 310-5152,PHL67239,8894659799,FZ1890293,DOC0451,Dr. Miller Z,5735135120,AA6870965,MD694199,Dermatology,6895 Health Blvd,New York,CA,53879,(578) 908-3702,12,PAT003176,57,M,27527,TX,Anthem,INS59028,GRP6486,261665,PCN6919,71.83,2525.56,483.0,I25.10,Diabetes,Antibiotic,Pain,03,278,-15,Phone,Electronic,29.67,47.04,93,163,240,1,0,-6.14,0,3,1,Friday,Morning,0,0,0,Tier 3,0,0,Check,Pending,79,1,1,1,1,1,53.5,24.66,37.33,0
RX00000558,2024-02-11,09:35:50,2024-03-11,3,60,Simvastatin,Methylprednisolone,44424-738-76,20mg,Syrup,160,141,320.75,2626.62,1758.24,28.22,Schedule IV,PH0053,Pharmacist_36,RPH705687,OH,30,PHM0021,QuickMeds,Independent,4570 Maple St,Houston,NY,72152,(309) 863-4105,PHL71110,9818994479,FE5352360,DOC0018,Dr. Williams M,7550774531,AL1488297,MD731135,Cardiology,6319 Health Blvd,New York,IL,48917,(678) 737-4251,4,PAT003414,36,F,48143,FL,Kaiser Permanente,INS75802,GRP9714,693703,PCN9187,17.74,1204.16,379.57,K21.9,Diabetes,Cardiovascular,Infection,04,350,-13,Phone,Electronic,0.43,29.0,89,470,217,1,0,69.11,5,9,0,Friday,Morning,0,0,0,Tier 1,0,0,Credit Card,Paid,75,1,0,0,1,1,96.5,3.2,-41.87,1
RX00000559,2024-06-18,15:31:30,2024-12-05,1,90,Ibuprofen,Morphine,16060-310-32,20mg,Injection,16,131,121.34,3803.08,2092.0,38.61,Schedule II,PH0042,Pharmacist_110,RPH590421,TX,35,PHM0020,Express Meds,Rite Aid,4559 Oak St,New York,OH,18108,(413) 343-4576,PHL40402,2106130262,FO8292542,DOC0013,Dr. Brown H,9826695331,AL6752140,MD664198,Orthopedics,1364 Health Blvd,Chicago,TX,88972,(827) 629-9937,10,PAT001136,52,M,22212,NY,UnitedHealth,INS29563,GRP6828,483453,PCN9215,50.18,2338.65,367.72,J44.9,Diabetes,Cardiovascular,Acute Condition,04,61,-13,Written,Paper,2.49,46.16,394,338,184,1,0,50.18,5,6,7,Monday,Night,1,0,1,Tier 3,1,2,Debit Card,Pending,88,1,0,0,0,0,99.89,37.39,50.95,1
RX00000560,2025-02-18,10:24:51,2025-02-21,5,90,Oxycodone,Clopidogrel,40255-685-45,100mg,Cream,83,105,257.02,3546.64,3634.51,41.01,None,PH0050,Pharmacist_89,RPH681738,PA,23,PHM0033,Corner Pharmacy,Rite Aid,2315 Washington St,Los Angeles,PA,34568,(911) 684-6733,PHL14517,4601082246,FP2190263,DOC0430,Dr. Jones E,6965147657,AF2852930,MD882134,Cardiology,2934 Hospital Blvd,Phoenix,FL,31282,(728) 760-1508,32,PAT002044,73,F,93558,TX,Self-Pay,INS74701,GRP1685,497158,PCN6126,57.88,2792.24,364.07,J45.909,Hypertension,Psychotherapeutic,Acute Condition,02,112,17,Phone,Phone,11.8,20.76,97,596,426,1,0,-39.63,1,1,1,Sunday,Morning,1,0,0,Tier 1,0,4,Cash,Rejected,75,0,1,0,0,0,48.65,4.25,17.29,0
RX00000561,2024-10-12,14:04:54,2024-09-19,1,30,Metformin,Hydrochlorothiazide,71625-984-78,20mg,Syrup,129,100,448.52,3073.11,452.8,10.48,Schedule IV,PH0050,Pharmacist_146,RPH146117,OH,26,PHM0027,Family Pharmacy,Walgreens,1054 Washington St,Phoenix,IL,92521,(945) 714-6981,PHL70561,8374333082,FY1649786,DOC0204,Dr. Johnson O,1845480786,AN1333819,MD350215,Oncology,971 Hospital Blvd,Chicago,TX,12046,(603) 404-3074,30,PAT000499,62,M,46095,CA,Anthem,INS89746,GRP5213,915714,PCN6143,43.13,1349.01,268.43,K21.9,Arthritis,Antidiabetic,Chronic Disease,03,314,24,Written,Phone,57.17,8.37,259,313,392,0,0,-42.42,0,0,1,Tuesday,Night,1,0,1,Tier 3,1,0,Insurance,Reversed,75,0,0,0,0,1,4.93,84.71,88.31,0
RX00000562,2024-03-03,10:55:13,2025-04-24,4,60,Ibuprofen,Lisinopril,54867-382-25,100mg,Injection,113,104,231.18,4996.08,4494.11,24.67,None,PH0179,Pharmacist_167,RPH152914,CA,2,PHM0023,QuickMeds,Independent,1513 Main St,Phoenix,FL,31322,(859) 949-5393,PHL75480,5099866806,FJ9526211,DOC0374,Dr. Garcia S,5661078649,AB3154104,MD513936,Endocrinology,6471 Hospital Blvd,New York,TX,55566,(848) 559-9613,4,PAT000155,82,F,58567,FL,Kaiser Permanente,INS70414,GRP6382,203297,PCN4473,10.96,4180.39,111.69,N18.3,Asthma,Analgesic,Infection,03,27,12,Electronic,Phone,78.06,12.88,275,956,114,1,0,175.89,0,10,3,Saturday,Morning,0,1,1,Tier 1,1,1,Check,Rejected,75,1,1,1,1,0,48.09,6.57,72.36,0
RX00000563,2025-11-02,14:23:12,2024-11-04,0,60,Hydrochlorothiazide,Oxycodone,84051-598-20,20mg,Injection,157,69,39.97,199.95,705.29,22.46,Schedule IV,PH0120,Pharmacist_81,RPH538724,OH,1,PHM0028,QuickMeds,Independent,5026 Main St,Phoenix,FL,90771,(597) 210-6888,PHL60360,4611150515,FC4135173,DOC0250,Dr. Jones S,9963397256,AA9066726,MD428426,General Practice,7157 Clinic Blvd,Los Angeles,TX,83674,(443) 222-9078,21,PAT001829,43,Other,59469,NY,UnitedHealth,INS44321,GRP3205,625961,PCN7685,98.85,425.01,343.02,I10,Arthritis,Antibiotic,Acute Condition,04,221,-17,Electronic,Phone,48.77,33.01,409,606,117,1,1,-40.5,5,10,2,Tuesday,Morning,1,0,1,Tier 3,0,0,Insurance,Rejected,76,0,1,1,1,0,84.1,25.4,-42.03,0
RX00000564,2025-09-24,17:53:48,2025-06-13,7,90,Levothyroxine,Montelukast,67997-618-36,50mg,Tablet,137,159,417.74,3135.29,849.66,47.29,Schedule V,PH0021,Pharmacist_143,RPH193254,FL,31,PHM0006,Express Meds,Rite Aid,7504 Main St,New York,CA,39610,(491) 244-3859,PHL16982,6234604200,FC9356829,DOC0002,Dr. Williams K,9565841321,AD8947791,MD757067,Endocrinology,1187 Clinic Blvd,Phoenix,CA,12355,(263) 228-1251,6,PAT001866,48,M,93648,NY,UnitedHealth,INS46213,GRP9971,717368,PCN1301,25.53,36.12,46.83,M25.551,Diabetes,Psychotherapeutic,Infection,00,181,12,Written,Paper,2.83,23.36,252,962,219,0,1,131.95,2,3,7,Saturday,Night,1,1,1,Tier 1,1,3,Check,Paid,76,0,0,1,1,1,78.71,30.96,76.79,1
RX00000565,2025-08-21,17:11:44,2024-01-31,9,30,Rosuvastatin,Amlodipine,39200-634-26,500mg,Injection,98,118,61.08,2355.83,2859.58,40.05,Schedule IV,PH0140,Pharmacist_19,RPH242203,FL,26,PHM0027,Main Street Pharmacy,Independent,9607 Main St,Houston,PA,85243,(780) 361-8496,PHL69377,3895052369,FV9428286,DOC0343,Dr. Miller U,8665426495,AL8649591,MD929689,Pediatrics,8931 Health Blvd,Chicago,IL,68971,(652) 879-6238,39,PAT003801,80,F,73229,NY,Medicaid,INS12054,GRP1642,584829,PCN6211,3.4,3667.34,262.24,M54.5,Diabetes,Antidiabetic,Infection,01,289,-15,Electronic,Fax,46.19,38.64,354,96,53,0,1,198.87,3,8,8,Thursday,Evening,1,0,1,Tier 2,1,2,Debit Card,Paid,76,0,0,1,0,0,29.15,6.67,-56.43,0
RX00000566,2024-07-18,16:56:00,2025-07-05,11,90,Levothyroxine,Methylprednisolone,96055-936-54,50mg,Injection,111,168,378.42,285.25,2354.19,14.69,None,PH0113,Pharmacist_154,RPH867472,IL,5,PHM0045,TrustedMeds,Independent,266 Washington St,Los Angeles,NY,99782,(878) 864-2361,PHL55324,8477042141,FH6143258,DOC0284,Dr. Williams T,9928103227,AP6205666,MD991352,Internal Medicine,150 Clinic Blvd,Phoenix,FL,73961,(327) 314-8206,11,PAT002402,85,Other,51444,OH,Self-Pay,INS59431,GRP4925,368539,PCN4310,42.25,3736.68,486.98,M25.551,Hypertension,Psychotherapeutic,Chronic Disease,00,213,29,Phone,Fax,58.42,48.2,92,273,224,0,1,149.73,1,8,7,Monday,Morning,0,0,0,Tier 3,1,3,Debit Card,Paid,None,0,1,0,1,0,68.04,0.73,57.21,0
RX00000567,2025-10-01,16:55:38,2024-06-05,10,30,Atorvastatin,Levothyroxine,20324-348-23,250mg,Cream,175,111,16.66,184.39,4135.19,22.32,None,PH0122,Pharmacist_61,RPH409711,CA,31,PHM0046,TrustedMeds,Walgreens,1541 Maple St,Houston,OH,55278,(572) 507-6368,PHL21257,9523229986,FL2258195,DOC0314,Dr. Brown Z,3661587320,AL7889787,MD525903,Dermatology,485 Hospital Blvd,Houston,NY,40499,(724) 621-6041,33,PAT003274,60,M,17144,FL,Humana,INS44329,GRP4420,441390,PCN3938,89.93,1426.83,325.74,I10,Asthma,Cardiovascular,Acute Condition,02,118,-5,Electronic,Fax,89.05,1.08,202,667,306,1,1,69.08,5,10,7,Thursday,Morning,0,1,0,Tier 3,1,1,Credit Card,Pending,88,1,1,0,1,0,15.87,34.61,-95.1,0
RX00000568,2025-11-10,14:13:38,2025-07-16,9,90,Gabapentin,Azithromycin,62956-472-22,20mg,Capsule,126,31,25.06,1503.15,2951.42,9.67,Schedule II,PH0110,Pharmacist_197,RPH915324,TX,16,PHM0034,QuickMeds,Walgreens,7834 Main St,Philadelphia,IL,83520,(300) 789-3592,PHL94818,5368804704,FB2594923,DOC0009,Dr. Brown G,5046355935,AV5091546,MD957983,Psychiatry,2182 Clinic Blvd,Phoenix,NY,27576,(765) 638-6919,32,PAT000981,32,Other,89630,NY,Humana,INS85221,GRP2771,246798,PCN9369,76.93,4095.51,105.96,I25.10,Hypertension,Antidiabetic,Infection,01,272,-23,Phone,Paper,0.47,13.49,60,425,279,1,0,128.11,3,7,6,Monday,Night,0,1,0,Tier 1,1,1,Check,Rejected,75,0,1,0,0,0,92.05,36.14,-83.54,1
RX00000569,2025-08-02,12:22:44,2024-03-12,0,60,Tramadol,Tramadol,13675-688-42,10mg,Syrup,124,180,248.47,3782.65,1933.84,12.46,Schedule V,PH0138,Pharmacist_45,RPH181285,IL,9,PHM0019,Family Pharmacy,Walgreens,6426 Park St,Los Angeles,OH,22682,(609) 399-7150,PHL27061,7862895508,FA4555659,DOC0201,Dr. Jones N,1990800422,AW3724268,MD328277,Orthopedics,2363 Clinic Blvd,Los Angeles,FL,36208,(663) 769-4519,26,PAT004198,28,M,54617,TX,UnitedHealth,INS48483,GRP6609,242994,PCN9543,77.79,4236.29,270.75,M79.7,Depression,Psychotherapeutic,Pain,02,132,-1,Electronic,Electronic,54.39,22.19,160,220,85,1,1,65.1,0,0,5,Thursday,Evening,0,1,1,Tier 2,1,1,Cash,Rejected,75,1,1,1,0,1,71.18,72.69,-76.26,0
RX00000570,2024-09-16,15:20:59,2025-03-25,7,30,Tramadol,Albuterol,25844-861-51,500mg,Injection,17,119,212.05,1737.92,3210.89,9.66,Schedule IV,PH0045,Pharmacist_48,RPH127553,TX,13,PHM0043,Central Drug Store,Rite Aid,7367 Main St,Chicago,IL,47389,(761) 687-3703,PHL46929,7519732965,FS3169556,DOC0209,Dr. Brown D,2496771821,AQ4987459,MD106088,Oncology,7062 Hospital Blvd,New York,IL,16169,(720) 379-1349,31,PAT004115,18,Other,75737,IL,Aetna,INS32419,GRP1589,708459,PCN3119,35.64,2817.52,1.96,N18.3,Asthma,Antibiotic,Infection,01,325,-8,Electronic,Fax,55.06,28.29,109,51,470,0,1,124.34,4,2,0,Tuesday,Evening,0,0,0,Tier 2,0,3,Check,Rejected,76,1,0,1,1,0,0.52,16.88,57.97,0
RX00000571,2024-03-03,08:00:14,2024-08-15,12,90,Lisinopril,Escitalopram,23867-905-54,10mg,Injection,148,93,74.64,1912.32,2280.6,45.09,Schedule V,PH0150,Pharmacist_95,RPH961760,IL,11,PHM0044,Express Meds,Independent,8969 Maple St,New York,TX,21044,(999) 391-3298,PHL94687,1195136299,FS8662433,DOC0006,Dr. Garcia J,7776803903,AD2724707,MD917108,Internal Medicine,1901 Clinic Blvd,Phoenix,CA,40763,(615) 502-9205,32,PAT002033,78,M,55077,IL,BlueCross BlueShield,INS23850,GRP3391,431442,PCN7980,50.61,2345.12,101.88,F33.1,Diabetes,Analgesic,Preventive,03,276,28,Fax,Fax,4.29,3.81,160,963,125,0,1,120.17,5,9,5,Sunday,Night,0,1,1,Non-Formulary,0,0,Debit Card,Paid,88,0,0,0,1,0,86.53,21.89,62.95,1
RX00000572,2025-12-09,13:48:40,2025-09-23,5,60,Albuterol,Oxycodone,81210-761-65,100mg,Capsule,38,178,324.71,3336.88,2441.16,7.54,None,PH0017,Pharmacist_88,RPH418661,NY,8,PHM0008,Wellness Pharmacy,Independent,8295 Park St,Chicago,IL,43657,(811) 926-2878,PHL91783,8344243787,FK6633829,DOC0340,Dr. Smith P,1881709149,AM7542924,MD543597,Pediatrics,9090 Medical Blvd,Chicago,NY,21559,(423) 661-5323,2,PAT000006,29,Other,81672,CA,UnitedHealth,INS24093,GRP1078,529768,PCN5063,55.52,815.26,418.87,M54.5,Diabetes,Antidiabetic,Chronic Disease,02,291,22,Electronic,Electronic,47.07,33.33,312,641,58,0,1,0.5,4,10,5,Sunday,Evening,0,1,0,Tier 3,1,1,Debit Card,Paid,75,1,1,1,0,0,62.55,97.47,-43.27,0
RX00000573,2024-04-29,13:25:39,2024-06-15,1,90,Albuterol,Tramadol,38304-292-34,10mg,Injection,130,160,479.75,850.54,3597.55,17.96,Schedule II,PH0182,Pharmacist_13,RPH568666,TX,1,PHM0022,HealthPlus Pharmacy,Independent,9514 Park St,New York,PA,66444,(484) 221-9452,PHL25116,5553452595,FO2849836,DOC0017,Dr. Smith S,5744037684,AT7305661,MD487475,Neurology,389 Clinic Blvd,Phoenix,NY,13339,(753) 591-6376,14,PAT004087,55,Other,45590,TX,Kaiser Permanente,INS79859,GRP4206,722801,PCN4083,8.51,1639.44,421.12,K21.9,Arthritis,Antibiotic,Chronic Disease,04,125,-14,Fax,Electronic,0.26,39.67,394,421,411,0,0,50.86,3,10,8,Sunday,Night,0,0,0,Tier 1,1,0,Cash,Paid,79,0,1,1,0,0,96.35,96.48,-65.44,1
RX00000574,2024-02-24,09:10:47,2024-09-26,7,60,Lisinopril,Sertraline,22500-658-13,100mg,Cream,78,89,63.84,1951.27,1959.14,36.5,None,PH0016,Pharmacist_66,RPH790438,NY,23,PHM0039,Corner Pharmacy,Rite Aid,6838 Maple St,Houston,CA,34068,(546) 462-5886,PHL55883,7635995795,FZ8389391,DOC0292,Dr. Jones V,2515507460,AT7558976,MD166863,Pediatrics,9498 Medical Blvd,New York,TX,13676,(909) 801-1351,22,PAT002487,56,F,84903,FL,Aetna,INS95087,GRP7129,251701,PCN2794,42.1,1107.74,451.63,R51,Arthritis,Analgesic,Preventive,00,234,27,Fax,Fax,74.09,37.18,249,366,58,0,1,158.68,5,4,2,Monday,Afternoon,0,1,1,Non-Formulary,0,3,Credit Card,Paid,None,0,1,1,0,1,8.49,43.77,-53.24,0
RX00000575,2025-07-24,15:07:48,2024-10-18,6,30,Omeprazole,Ciprofloxacin,94690-334-55,20mg,Injection,10,31,230.83,3149.9,2016.23,43.66,Schedule III,PH0086,Pharmacist_130,RPH170606,OH,14,PHM0009,TrustedMeds,Rite Aid,1715 Oak St,Chicago,PA,44073,(339) 663-1089,PHL20778,1549804402,FG3224951,DOC0002,Dr. Garcia U,4895980622,AB3786215,MD440048,Dermatology,805 Clinic Blvd,Houston,FL,50484,(217) 999-8424,7,PAT004461,65,M,40467,CA,UnitedHealth,INS54580,GRP7612,409349,PCN9308,21.99,3825.6,88.85,M25.551,Asthma,Antidiabetic,Chronic Disease,01,351,-24,Electronic,Paper,4.38,11.96,148,577,476,0,0,135.32,2,2,6,Wednesday,Evening,1,0,1,Non-Formulary,0,4,Cash,Paid,75,0,0,0,1,0,85.35,46.64,-80.87,1
RX00000576,2025-09-22,10:51:48,2024-12-09,1,30,Lisinopril,Albuterol,81584-295-98,20mg,Syrup,13,176,39.44,2879.47,330.38,45.57,Schedule III,PH0179,Pharmacist_182,RPH458468,PA,24,PHM0031,Express Meds,Rite Aid,6460 Park St,Philadelphia,FL,29731,(552) 406-7733,PHL69154,4578935779,FD9145476,DOC0003,Dr. Smith X,1585561968,AH6118228,MD484606,Internal Medicine,4497 Medical Blvd,Houston,TX,59889,(552) 833-3829,14,PAT000048,24,M,34237,TX,Aetna,INS26916,GRP4784,571967,PCN2500,40.24,1732.76,114.0,M54.5,Diabetes,Antibiotic,Pain,04,318,9,Fax,Paper,4.85,45.9,34,71,272,1,0,173.51,4,2,7,Sunday,Morning,0,0,1,Non-Formulary,1,2,Cash,Paid,None,0,1,0,0,0,84.68,7.78,22.51,1
RX00000577,2025-11-03,12:37:21,2024-11-19,6,90,Simvastatin,Tramadol,55403-191-12,20mg,Cream,162,101,105.67,3431.37,821.21,25.67,Schedule V,PH0059,Pharmacist_147,RPH291533,PA,1,PHM0011,TrustedMeds,Walgreens,3613 Oak St,Chicago,TX,79311,(756) 757-1364,PHL74450,8348074486,FL8761999,DOC0009,Dr. Brown Z,7008271564,AJ4579223,MD699552,Oncology,9866 Hospital Blvd,Phoenix,IL,23108,(462) 633-4867,5,PAT001362,55,F,99618,NY,Humana,INS69451,GRP5286,710235,PCN2078,94.91,1827.94,363.53,F41.9,Arthritis,Psychotherapeutic,Pain,04,80,-21,Phone,Paper,1.72,32.18,137,696,118,1,1,147.24,2,7,4,Friday,Evening,1,1,1,Tier 3,1,0,Credit Card,Rejected,None,1,1,0,0,1,71.44,13.25,43.58,1
RX00000578,2025-08-10,15:25:50,2025-03-07,10,60,Lisinopril,Morphine,27341-316-86,50mg,Syrup,77,103,370.02,4756.2,4142.79,45.33,Schedule V,PH0200,Pharmacist_29,RPH976572,NY,29,PHM0012,QuickMeds,Independent,6870 Washington St,Houston,PA,97452,(422) 261-8550,PHL83614,1113345362,FT4587926,DOC0133,Dr. Williams M,7697175379,AF1853425,MD849125,Internal Medicine,5730 Hospital Blvd,Phoenix,CA,88561,(289) 979-4117,36,PAT001296,84,Other,83981,OH,UnitedHealth,INS76857,GRP4453,858493,PCN6250,1.32,1063.04,250.18,G89.29,Depression,Antibiotic,Pain,02,18,-5,Written,Phone,27.05,4.79,45,272,404,1,0,175.88,3,8,5,Thursday,Night,0,0,1,Non-Formulary,0,3,Cash,Pending,75,0,1,1,1,1,57.93,86.85,97.27,0
RX00000579,2024-11-21,11:15:34,2025-03-28,5,60,Hydrochlorothiazide,Losartan,10432-191-26,500mg,Capsule,45,28,453.81,4870.82,3599.96,34.12,Schedule V,PH0077,Pharmacist_144,RPH204996,NY,6,PHM0009,TrustedMeds,Independent,5963 Park St,Los Angeles,CA,82571,(787) 732-4837,PHL13119,4012499323,FU4109369,DOC0009,Dr. Johnson W,1170004678,AW6180104,MD172447,Internal Medicine,7091 Health Blvd,Phoenix,FL,15980,(896) 613-9691,13,PAT004486,38,Other,31578,FL,Anthem,INS68768,GRP5743,163297,PCN1301,66.62,2692.52,494.22,M79.7,Arthritis,Analgesic,Chronic Disease,02,297,12,Fax,Paper,0.27,18.33,425,613,275,1,0,94.41,5,1,2,Monday,Afternoon,1,1,0,Tier 1,0,1,Credit Card,Rejected,76,0,1,1,1,1,76.11,58.15,-7.0,1
RX00000580,2025-09-23,12:32:11,2025-06-16,1,30,Ciprofloxacin,Oxycodone,44126-921-52,500mg,Injection,56,14,444.92,1741.55,1444.6,15.22,None,PH0102,Pharmacist_189,RPH873056,PA,21,PHM0023,Central Drug Store,Walgreens,113 Oak St,Houston,OH,88091,(491) 576-1225,PHL56221,4506394758,FX7573554,DOC0345,Dr. Smith O,1682808359,AR9437149,MD395621,Endocrinology,9547 Hospital Blvd,Phoenix,NY,79740,(849) 772-7657,25,PAT004141,85,M,22839,CA,Anthem,INS92893,GRP6579,906136,PCN3949,53.02,1282.94,155.82,M54.5,Hypertension,Antibiotic,Infection,01,217,-24,Electronic,Electronic,29.12,21.67,404,956,468,0,1,2.63,0,7,2,Thursday,Evening,0,0,0,Tier 3,0,1,Check,Pending,None,1,0,1,1,0,43.47,4.71,-47.48,0
RX00000581,2025-06-29,12:35:48,2024-09-19,8,60,Azithromycin,Ibuprofen,50411-207-49,100mg,Tablet,76,11,340.1,4299.09,4083.85,28.32,Schedule IV,PH0148,Pharmacist_195,RPH466234,OH,5,PHM0021,Central Drug Store,Rite Aid,9746 Oak St,Los Angeles,IL,25025,(861) 404-8472,PHL92822,9735408027,FC7676741,DOC0072,Dr. Jones Q,5354202248,AW9014277,MD987918,Psychiatry,3960 Hospital Blvd,New York,IL,86256,(517) 682-2639,20,PAT000840,58,Other,85555,NY,Medicaid,INS49580,GRP3270,589966,PCN7226,49.03,3787.81,139.08,K21.9,Depression,Analgesic,Acute Condition,02,208,17,Fax,Fax,74.14,27.83,424,430,395,0,1,166.07,0,6,4,Tuesday,Night,0,0,0,Non-Formulary,1,4,Credit Card,Rejected,76,0,1,0,1,1,59.76,30.08,9.53,0
RX00000582,2025-12-10,09:54:05,2025-11-23,2,90,Albuterol,Rosuvastatin,36622-810-25,50mg,Cream,180,27,135.3,275.6,408.4,10.82,None,PH0166,Pharmacist_117,RPH951701,TX,30,PHM0017,QuickMeds,Independent,1627 Maple St,Philadelphia,FL,84535,(646) 298-5490,PHL26968,3150271290,FF2136461,DOC0347,Dr. Johnson I,5956878142,AY9016781,MD885940,Cardiology,8438 Medical Blvd,Houston,CA,86633,(384) 672-9477,24,PAT003676,52,Other,35306,FL,Humana,INS31441,GRP6407,387846,PCN3923,67.69,3055.25,30.38,J44.9,Arthritis,Psychotherapeutic,Pain,02,338,-12,Fax,Fax,20.48,21.88,321,135,139,0,1,31.16,5,2,7,Tuesday,Afternoon,0,0,1,Tier 1,1,1,Cash,Pending,76,1,0,1,1,0,73.21,54.89,13.92,0
RX00000583,2024-04-20,16:02:08,2024-05-29,4,60,Amoxicillin,Atorvastatin,69078-629-35,100mg,Capsule,178,106,276.31,4539.1,4087.33,32.81,Schedule III,PH0028,Pharmacist_176,RPH811480,TX,30,PHM0039,QuickMeds,Independent,4424 Maple St,Houston,TX,20740,(554) 440-9037,PHL92966,3601003308,FM1300233,DOC0373,Dr. Miller Y,2852379745,AR3167069,MD361228,General Practice,2501 Medical Blvd,New York,CA,99382,(851) 376-8742,35,PAT000071,71,Other,73140,PA,Medicaid,INS28208,GRP5392,542429,PCN6145,63.15,911.39,304.81,J44.9,Diabetes,Analgesic,Pain,01,263,5,Written,Fax,99.73,31.21,105,814,488,1,0,47.35,1,2,3,Tuesday,Night,0,0,1,Tier 3,0,2,Insurance,Reversed,None,0,0,1,1,0,51.36,99.08,-67.18,0
RX00000584,2024-11-11,09:38:37,2024-05-19,7,30,Ibuprofen,Rosuvastatin,22295-884-75,100mg,Capsule,47,38,120.32,1141.61,4215.79,36.18,Schedule II,PH0021,Pharmacist_200,RPH372591,TX,23,PHM0020,Wellness Pharmacy,Walgreens,7417 Oak St,Los Angeles,FL,13655,(931) 252-5327,PHL77623,9550961060,FZ5418560,DOC0119,Dr. Miller I,2943226840,AB4663779,MD615499,Pediatrics,8539 Clinic Blvd,New York,IL,37790,(648) 475-4642,10,PAT000413,24,F,96342,CA,Medicaid,INS42312,GRP1032,770102,PCN8448,48.75,4297.16,373.33,K21.9,Arthritis,Antibiotic,Preventive,02,297,3,Fax,Fax,72.76,47.75,373,752,90,1,1,56.24,1,3,3,Wednesday,Afternoon,0,1,0,Tier 2,0,4,Check,Pending,None,1,1,1,1,1,50.21,76.21,90.39,0
RX00000585,2024-03-13,14:09:17,2024-06-15,0,90,Ciprofloxacin,Sertraline,30745-263-43,500mg,Capsule,126,93,213.63,4351.68,3226.25,45.41,Schedule IV,PH0039,Pharmacist_14,RPH182701,FL,2,PHM0005,HealthPlus Pharmacy,Independent,7410 Maple St,Philadelphia,TX,53639,(910) 600-8449,PHL70243,9042319996,FP5157325,DOC0017,Dr. Williams D,7092983980,AW6094656,MD411526,Pediatrics,8424 Medical Blvd,Houston,CA,62240,(699) 842-9055,34,PAT004221,24,M,12378,OH,Aetna,INS47534,GRP3220,329754,PCN1031,97.83,43.68,107.2,F41.9,Hypertension,Psychotherapeutic,Acute Condition,00,163,15,Electronic,Electronic,4.52,49.63,101,632,178,0,0,119.21,1,8,0,Tuesday,Evening,1,0,0,Tier 2,1,1,Insurance,Rejected,88,1,0,1,0,1,92.29,70.18,13.03,1
RX00000586,2024-08-15,16:02:39,2024-04-25,2,90,Amlodipine,Tramadol,96876-688-79,100mg,Capsule,157,34,314.72,2103.55,145.37,47.81,Schedule IV,PH0144,Pharmacist_107,RPH306067,CA,15,PHM0035,QuickMeds,Independent,6448 Park St,New York,IL,43742,(758) 602-8859,PHL15120,6396200741,FI2078072,DOC0257,Dr. Smith R,2507797752,AB2774874,MD459712,Pediatrics,2827 Health Blvd,Los Angeles,TX,53809,(670) 434-1241,7,PAT004130,23,Other,74792,NY,Kaiser Permanente,INS75950,GRP5938,283936,PCN4674,1.65,726.13,365.86,I25.10,Diabetes,Antidiabetic,Chronic Disease,01,58,13,Electronic,Paper,64.25,24.41,492,748,70,0,0,-16.71,0,1,4,Tuesday,Evening,0,1,1,Tier 2,0,3,Debit Card,Reversed,76,1,0,1,1,1,69.42,10.96,14.37,0
RX00000587,2025-01-15,18:58:28,2025-03-02,12,30,Ciprofloxacin,Simvastatin,80547-337-43,500mg,Cream,121,170,297.93,2453.82,1924.81,18.06,Schedule IV,PH0041,Pharmacist_158,RPH231939,IL,6,PHM0049,HealthPlus Pharmacy,Rite Aid,7969 Oak St,Houston,OH,12548,(533) 447-1033,PHL81266,4908221979,FC1215559,DOC0229,Dr. Smith B,8313946480,AR4967068,MD222592,General Practice,2663 Health Blvd,Los Angeles,FL,93803,(456) 272-9847,32,PAT000391,44,M,34375,TX,BlueCross BlueShield,INS77529,GRP2449,754828,PCN4258,23.09,3033.25,80.45,M25.551,Depression,Antibiotic,Chronic Disease,02,337,14,Electronic,Phone,92.49,38.46,468,494,180,0,1,188.16,4,7,2,Wednesday,Evening,1,1,0,Non-Formulary,1,0,Debit Card,Reversed,88,1,1,1,0,0,18.87,68.1,-24.82,0
RX00000588,2025-01-30,17:54:57,2025-05-25,0,90,Escitalopram,Rosuvastatin,74716-677-13,250mg,Tablet,55,138,491.39,889.13,375.65,12.26,Schedule IV,PH0056,Pharmacist_81,RPH936786,PA,8,PHM0024,QuickMeds,Rite Aid,7935 Main St,New York,NY,60957,(375) 374-6318,PHL23391,3610634187,FG6317054,DOC0014,Dr. Brown E,9011117793,AJ4855715,MD610945,Orthopedics,8965 Hospital Blvd,Phoenix,TX,13678,(941) 301-3748,23,PAT001087,25,M,44783,NY,Aetna,INS16103,GRP2139,667126,PCN3566,50.03,2923.8,76.74,M79.7,Asthma,Antidiabetic,Acute Condition,03,338,-1,Phone,Electronic,0.52,9.72,50,502,197,0,1,134.12,0,9,3,Thursday,Evening,0,0,1,Non-Formulary,1,4,Insurance,Pending,None,1,1,0,1,1,83.58,6.83,-69.33,1
RX00000589,2025-09-18,17:16:02,2024-12-03,6,90,Hydrochlorothiazide,Morphine,99573-455-91,250mg,Capsule,74,23,467.92,505.16,3761.29,21.36,Schedule II,PH0141,Pharmacist_116,RPH842216,OH,31,PHM0011,Main Street Pharmacy,CVS,5665 Washington St,Philadelphia,PA,52058,(248) 331-3862,PHL54082,3649981229,FW2973832,DOC0160,Dr. Garcia F,3039713271,AL5514383,MD399310,Endocrinology,6092 Clinic Blvd,New York,NY,99253,(213) 663-6196,35,PAT001086,60,F,66091,FL,Medicare,INS29465,GRP4894,748789,PCN7146,44.17,2182.25,95.63,E11.9,Arthritis,Antibiotic,Pain,03,103,4,Written,Fax,25.05,21.37,208,773,383,1,1,78.21,0,9,0,Thursday,Afternoon,1,0,0,Tier 1,1,3,Credit Card,Paid,75,1,0,1,1,1,42.65,25.08,35.77,0
RX00000590,2024-07-03,12:35:19,2025-10-09,10,60,Methylprednisolone,Levothyroxine,26617-650-38,50mg,Injection,18,44,67.85,2970.92,4390.09,45.62,None,PH0170,Pharmacist_125,RPH910834,TX,33,PHM0041,Express Meds,Rite Aid,3202 Washington St,Phoenix,NY,80821,(952) 247-6736,PHL80632,6382392846,FB8962022,DOC0003,Dr. Smith V,8931083566,AH6658653,MD803140,Neurology,8077 Clinic Blvd,Phoenix,NY,20536,(648) 364-7915,5,PAT000274,87,Other,44440,TX,Anthem,INS36343,GRP2251,892199,PCN5111,44.69,2662.49,198.53,F33.1,Diabetes,Antidiabetic,Chronic Disease,00,270,4,Fax,Phone,3.36,49.85,259,834,295,1,0,98.73,3,9,7,Friday,Morning,1,1,0,Non-Formulary,1,0,Insurance,Reversed,76,1,1,0,0,0,79.99,47.47,-9.48,1
RX00000591,2024-09-03,08:25:02,2024-07-05,12,90,Losartan,Oxycodone,54471-665-74,500mg,Capsule,89,148,395.78,4310.52,1279.68,47.48,Schedule II,PH0043,Pharmacist_120,RPH840322,TX,20,PHM0006,City Pharmacy,Independent,5371 Washington St,Chicago,NY,71968,(664) 252-2383,PHL94205,2644173973,FM7726873,DOC0186,Dr. Miller T,9938997287,AB7164858,MD231894,Internal Medicine,9731 Hospital Blvd,New York,CA,83172,(533) 460-7521,16,PAT000836,72,Other,46383,PA,Anthem,INS15121,GRP7549,819563,PCN7583,63.46,2538.57,100.49,J44.9,Diabetes,Antidiabetic,Chronic Disease,02,355,22,Phone,Paper,89.55,36.31,116,233,162,0,1,180.92,4,3,2,Wednesday,Evening,1,0,0,Tier 1,1,3,Debit Card,Pending,75,1,1,1,0,0,46.14,56.74,-95.71,0
RX00000592,2024-10-18,14:26:54,2025-09-19,7,90,Amoxicillin,Rosuvastatin,77034-944-61,50mg,Syrup,169,158,446.46,1963.48,4382.61,47.9,Schedule IV,PH0200,Pharmacist_106,RPH462478,CA,10,PHM0047,MediCare Drug Store,Independent,4933 Oak St,Chicago,CA,21151,(357) 336-2907,PHL57389,5108713397,FL4401792,DOC0498,Dr. Brown K,3066520387,AS8784576,MD514326,Psychiatry,2004 Health Blvd,Los Angeles,TX,27864,(820) 970-4111,14,PAT004347,21,M,97688,CA,Medicare,INS99411,GRP1728,221190,PCN8184,46.1,4130.47,146.84,K21.9,Hypertension,Psychotherapeutic,Infection,02,286,28,Fax,Phone,20.6,28.77,250,762,0,1,0,-8.05,3,8,3,Monday,Afternoon,0,0,0,Tier 3,0,2,Check,Reversed,79,0,0,1,1,0,3.93,63.84,67.94,0
RX00000593,2024-10-28,14:33:43,2024-05-08,8,30,Omeprazole,Ciprofloxacin,69491-790-34,500mg,Capsule,123,145,196.87,805.22,2368.26,36.31,Schedule IV,PH0056,Pharmacist_93,RPH484169,TX,2,PHM0005,Express Meds,CVS,1187 Park St,Philadelphia,OH,84282,(282) 468-6701,PHL26932,2381165778,FK7129152,DOC0134,Dr. Johnson A,7753234726,AL5556302,MD696927,Internal Medicine,1051 Clinic Blvd,Phoenix,TX,43579,(569) 894-2642,17,PAT002565,36,M,10592,NY,BlueCross BlueShield,INS93872,GRP4355,628885,PCN9933,66.62,7.4,226.02,M54.5,Arthritis,Cardiovascular,Chronic Disease,01,34,-21,Written,Electronic,10.73,1.79,209,555,178,1,1,20.05,2,2,1,Monday,Morning,1,1,1,Tier 3,0,2,Credit Card,Reversed,88,1,0,0,0,0,10.46,95.27,28.67,0
RX00000594,2024-11-24,15:13:38,2025-07-26,9,30,Tramadol,Azithromycin,63934-872-83,10mg,Injection,12,107,125.97,2586.59,2218.66,37.17,Schedule III,PH0195,Pharmacist_135,RPH915285,OH,13,PHM0036,TrustedMeds,Independent,5568 Main St,Houston,TX,93319,(342) 255-5983,PHL70901,3075003588,FB6136658,DOC0166,Dr. Jones G,3996520139,AV8493732,MD509716,Orthopedics,7671 Hospital Blvd,Los Angeles,TX,54939,(418) 759-3582,30,PAT002515,45,Other,40700,NY,Anthem,INS31140,GRP3088,453685,PCN1956,42.56,3529.57,152.04,M54.5,Arthritis,Analgesic,Infection,01,1,-26,Electronic,Fax,1.87,12.9,248,373,48,0,0,190.86,4,0,5,Saturday,Evening,0,1,0,Tier 1,0,4,Debit Card,Paid,None,0,0,1,1,0,46.0,21.78,-27.29,0
RX00000595,2025-11-08,18:37:53,2024-10-28,11,30,Ibuprofen,Oxycodone,79339-592-61,250mg,Syrup,180,144,196.45,1643.5,3019.63,12.0,Schedule III,PH0048,Pharmacist_119,RPH561210,FL,34,PHM0023,HealthPlus Pharmacy,Rite Aid,5597 Maple St,Philadelphia,FL,48437,(519) 344-3873,PHL74783,7415381095,FA2450074,DOC0018,Dr. Jones G,2544291910,AW7842043,MD964788,Internal Medicine,5214 Clinic Blvd,Los Angeles,NY,32686,(292) 634-7314,4,PAT002911,40,M,76742,OH,UnitedHealth,INS45993,GRP9970,571940,PCN2240,68.9,817.32,10.88,I25.10,Diabetes,Antibiotic,Acute Condition,03,230,9,Phone,Electronic,4.03,8.92,26,297,397,0,1,172.99,5,3,6,Tuesday,Afternoon,0,1,1,Tier 3,0,1,Debit Card,Rejected,76,1,1,1,0,0,87.62,87.33,43.41,1
RX00000596,2024-12-21,12:59:51,2024-03-16,12,60,Ciprofloxacin,Methylprednisolone,18890-453-96,500mg,Cream,155,135,109.94,152.38,1105.57,27.12,Schedule V,PH0083,Pharmacist_136,RPH207891,TX,20,PHM0041,Central Drug Store,CVS,9384 Park St,Philadelphia,NY,63508,(744) 678-7714,PHL25002,3680324363,FO6255352,DOC0295,Dr. Smith K,2700069665,AD6824051,MD909756,Oncology,6060 Medical Blvd,New York,FL,49192,(809) 840-9929,8,PAT004608,84,F,89401,OH,Anthem,INS23684,GRP2415,490309,PCN9646,60.82,288.6,35.95,G89.29,Arthritis,Analgesic,Preventive,03,4,22,Written,Paper,88.26,44.12,260,219,260,0,1,57.78,3,2,4,Tuesday,Morning,1,0,1,Tier 1,0,3,Check,Reversed,79,0,1,1,0,1,14.29,76.38,70.87,0
RX00000597,2025-02-19,15:05:37,2025-12-19,11,30,Prednisone,Amlodipine,32690-608-23,10mg,Injection,73,42,170.38,2263.8,2807.42,11.3,Schedule II,PH0062,Pharmacist_10,RPH946107,NY,20,PHM0033,Wellness Pharmacy,Independent,9335 Main St,Chicago,FL,42934,(409) 283-8255,PHL28045,9927594570,FB5694902,DOC0424,Dr. Miller M,4491863519,AZ2193530,MD650521,Psychiatry,7552 Medical Blvd,New York,IL,80432,(706) 747-4428,23,PAT000164,58,F,48689,TX,Self-Pay,INS34845,GRP2789,673808,PCN2746,22.23,428.04,179.51,I25.10,Arthritis,Cardiovascular,Preventive,04,255,-18,Electronic,Electronic,6.81,11.87,334,867,376,0,1,154.92,2,0,7,Sunday,Night,1,1,0,Non-Formulary,0,4,Credit Card,Rejected,79,0,0,0,1,1,93.83,90.46,88.56,0
RX00000598,2025-11-27,15:48:34,2025-04-08,11,60,Prednisone,Rosuvastatin,46309-437-78,50mg,Tablet,55,43,81.23,3601.67,4407.56,35.87,Schedule II,PH0025,Pharmacist_142,RPH157018,FL,28,PHM0032,Corner Pharmacy,CVS,5600 Oak St,Houston,IL,35158,(969) 944-5648,PHL43349,9170187743,FL3062313,DOC0165,Dr. Garcia Z,3528659813,AM8382867,MD612529,Pediatrics,2455 Medical Blvd,New York,IL,35200,(215) 625-4417,18,PAT002419,43,Other,74219,CA,BlueCross BlueShield,INS99508,GRP9500,368641,PCN3737,33.17,3939.2,498.66,F41.9,Diabetes,Analgesic,Acute Condition,01,172,-17,Electronic,Fax,46.9,6.37,160,535,332,1,0,-16.56,1,2,5,Sunday,Afternoon,1,0,0,Tier 2,1,3,Credit Card,Reversed,88,0,0,0,1,1,0.83,87.43,-56.05,0
RX00000599,2025-01-11,10:10:11,2025-09-27,10,90,Prednisone,Levothyroxine,15916-134-49,10mg,Capsule,64,179,485.35,672.97,4182.15,7.13,Schedule II,PH0174,Pharmacist_140,RPH601823,PA,14,PHM0036,Central Drug Store,Walgreens,6210 Oak St,Chicago,OH,14309,(255) 328-2588,PHL51139,2766823544,FR4326355,DOC0025,Dr. Brown M,4244724802,AN6684601,MD632417,Psychiatry,5083 Medical Blvd,Phoenix,IL,72866,(755) 911-6260,8,PAT001802,57,F,51313,PA,Kaiser Permanente,INS42457,GRP3647,725447,PCN7387,49.8,854.5,426.73,R51,Depression,Analgesic,Preventive,01,45,2,Fax,Electronic,87.99,19.94,215,410,270,0,0,128.06,2,2,8,Sunday,Morning,0,0,1,Tier 3,0,3,Check,Rejected,76,1,1,0,1,1,88.17,66.69,-77.24,0
RX00000600,2024-03-02,12:31:25,2024-12-24,1,30,Clopidogrel,Escitalopram,99689-755-93,500mg,Syrup,162,14,229.28,4019.0,1571.18,14.01,Schedule II,PH0067,Pharmacist_94,RPH533302,NY,14,PHM0015,Community Health Pharmacy,Walgreens,9940 Maple St,Houston,OH,53347,(311) 542-9714,PHL30123,9816338601,FJ9169472,DOC0498,Dr. Brown B,7128507114,AN7107434,MD802543,Psychiatry,1472 Hospital Blvd,Chicago,IL,81850,(899) 423-4770,20,PAT002116,30,F,60055,FL,Self-Pay,INS60391,GRP4353,633987,PCN3453,37.16,742.53,307.56,F33.1,Depression,Psychotherapeutic,Infection,03,109,18,Electronic,Paper,94.37,30.69,266,957,133,0,0,57.16,5,1,6,Saturday,Night,1,1,1,Non-Formulary,1,4,Debit Card,Rejected,75,0,1,0,0,0,88.38,40.39,-49.35,0
RX00000601,2024-02-04,09:32:45,2024-08-29,10,30,Tramadol,Lisinopril,54935-333-83,250mg,Injection,78,15,175.7,1366.61,2601.6,31.23,Schedule V,PH0150,Pharmacist_77,RPH852659,PA,35,PHM0041,Corner Pharmacy,Walgreens,2088 Main St,Houston,TX,32108,(599) 281-6103,PHL27175,7201454177,FA5976787,DOC0360,Dr. Williams C,5232389761,AF9788804,MD812715,Oncology,8315 Hospital Blvd,Houston,CA,83346,(318) 250-4864,23,PAT003711,53,M,21445,IL,Self-Pay,INS25280,GRP1606,131020,PCN6101,64.6,2620.77,89.72,K21.9,Hypertension,Cardiovascular,Infection,04,320,-8,Electronic,Fax,60.32,45.06,205,794,73,0,0,185.52,5,5,0,Friday,Morning,0,1,1,Non-Formulary,0,2,Cash,Pending,79,0,0,1,1,0,39.39,83.02,-22.53,0
RX00000602,2024-06-23,16:58:31,2024-11-08,9,90,Metformin,Albuterol,64876-389-76,500mg,Syrup,29,54,40.7,1196.92,2564.84,6.57,Schedule V,PH0165,Pharmacist_53,RPH893986,FL,3,PHM0046,QuickMeds,Rite Aid,2495 Washington St,Los Angeles,NY,53788,(342) 600-5429,PHL37491,2638760389,FD5123529,DOC0017,Dr. Miller Q,7587225393,AB6374140,MD592087,Neurology,7185 Hospital Blvd,Phoenix,IL,46724,(709) 950-7123,20,PAT004127,81,M,16910,IL,Anthem,INS43419,GRP7747,223585,PCN5373,37.53,2744.46,257.23,F33.1,Asthma,Antibiotic,Acute Condition,00,62,-3,Fax,Phone,2.89,27.74,390,424,213,1,1,125.13,4,9,5,Tuesday,Afternoon,1,1,1,Tier 2,0,0,Cash,Reversed,None,0,0,1,0,0,95.57,78.46,85.09,1
RX00000603,2025-03-03,10:55:53,2025-06-10,6,90,Omeprazole,Montelukast,78745-108-96,20mg,Injection,30,129,36.85,2172.22,2424.0,29.5,Schedule IV,PH0073,Pharmacist_104,RPH920951,CA,10,PHM0003,MediCare Drug Store,Walgreens,6879 Maple St,Chicago,TX,59524,(525) 644-7387,PHL38977,8260055734,FX4519215,DOC0224,Dr. Brown G,4244182191,AG3398468,MD934959,Orthopedics,2983 Hospital Blvd,New York,TX,33996,(299) 258-4783,32,PAT004870,88,M,14019,TX,Medicaid,INS68455,GRP4521,622596,PCN1752,91.54,416.33,115.87,E78.5,Arthritis,Psychotherapeutic,Infection,03,322,0,Electronic,Electronic,43.89,4.13,308,133,323,0,0,110.52,0,1,3,Tuesday,Night,0,1,1,Non-Formulary,1,0,Check,Pending,None,1,1,0,0,0,37.11,60.4,7.71,0
RX00000604,2024-10-03,16:14:05,2025-04-20,8,30,Tramadol,Amoxicillin,99809-323-41,250mg,Capsule,70,121,374.9,3738.44,3752.49,13.94,Schedule IV,PH0018,Pharmacist_77,RPH854361,CA,19,PHM0032,TrustedMeds,Rite Aid,1354 Park St,Chicago,TX,65129,(289) 885-6235,PHL80246,1321113391,FM5839507,DOC0014,Dr. Garcia E,3484661285,AF4958666,MD166577,Endocrinology,8135 Clinic Blvd,Phoenix,IL,37570,(859) 865-3411,3,PAT000527,22,Other,83340,IL,Medicaid,INS19836,GRP1117,604132,PCN3593,22.97,3272.97,70.84,I25.10,Arthritis,Antibiotic,Acute Condition,04,121,21,Written,Electronic,1.27,31.28,390,317,483,1,0,176.03,0,8,8,Tuesday,Evening,1,1,0,Tier 3,0,3,Credit Card,Rejected,76,1,0,1,1,1,79.36,47.55,-0.12,1
RX00000605,2025-10-14,13:28:58,2025-10-11,9,30,Amoxicillin,Hydrochlorothiazide,94047-345-85,100mg,Cream,54,71,484.7,4502.36,131.53,38.64,Schedule II,PH0078,Pharmacist_37,RPH465111,CA,21,PHM0039,QuickMeds,Rite Aid,3431 Main St,New York,FL,30665,(633) 773-5807,PHL46911,4846819836,FR8860923,DOC0019,Dr. Miller Z,2782504080,AW8868992,MD548415,General Practice,7274 Hospital Blvd,Phoenix,FL,26428,(941) 220-5937,11,PAT004807,81,F,81574,PA,UnitedHealth,INS17608,GRP2531,821956,PCN6056,6.34,3250.81,263.55,J44.9,Depression,Psychotherapeutic,Infection,01,24,-6,Electronic,Electronic,1.03,5.88,212,571,359,0,1,58.29,0,5,2,Sunday,Morning,0,1,1,Tier 1,1,2,Debit Card,Paid,76,0,1,1,0,1,90.11,74.81,-97.13,1
RX00000606,2024-09-26,16:34:52,2024-09-25,5,30,Simvastatin,Amlodipine,31110-269-76,50mg,Syrup,39,69,115.75,968.17,2486.25,7.45,Schedule II,PH0175,Pharmacist_19,RPH162505,NY,31,PHM0048,Express Meds,Rite Aid,346 Main St,Los Angeles,NY,38119,(525) 755-3283,PHL35992,5395825348,FF8859238,DOC0002,Dr. Williams V,9945043000,AZ7207788,MD596355,Cardiology,8424 Hospital Blvd,Los Angeles,IL,61531,(236) 470-2568,25,PAT000819,57,M,54786,OH,Humana,INS38814,GRP5987,713312,PCN2839,71.52,2915.32,251.5,J44.9,Depression,Antibiotic,Chronic Disease,03,146,11,Fax,Phone,0.21,36.2,101,237,345,0,1,128.56,0,3,0,Saturday,Evening,0,0,1,Tier 3,0,2,Insurance,Reversed,75,0,1,0,1,0,76.32,96.51,30.94,1
RX00000607,2024-03-31,11:44:33,2024-11-25,11,60,Losartan,Simvastatin,82274-449-94,10mg,Capsule,45,12,319.43,100.01,859.02,36.8,Schedule IV,PH0173,Pharmacist_173,RPH704559,PA,10,PHM0029,QuickMeds,Independent,6155 Main St,Los Angeles,OH,34138,(996) 960-5587,PHL61931,2397125346,FR4168731,DOC0417,Dr. Garcia L,3551956808,AI8294195,MD218805,Orthopedics,830 Medical Blvd,Chicago,CA,69431,(803) 718-4699,18,PAT000150,18,F,68303,OH,UnitedHealth,INS95462,GRP7900,761894,PCN1981,10.0,140.28,362.59,N18.3,Diabetes,Cardiovascular,Acute Condition,01,158,23,Fax,Paper,23.9,8.84,189,369,226,0,0,-33.2,4,7,5,Tuesday,Morning,1,1,0,Non-Formulary,0,1,Cash,Pending,None,0,0,0,1,0,93.48,49.4,41.75,0
RX00000608,2024-05-25,15:47:17,2025-12-07,10,90,Methylprednisolone,Escitalopram,58755-760-72,500mg,Cream,76,44,457.68,1738.59,2829.09,47.17,None,PH0182,Pharmacist_41,RPH943658,FL,20,PHM0012,Corner Pharmacy,Independent,5041 Park St,Los Angeles,OH,79793,(926) 722-5865,PHL19522,6520997534,FO4135831,DOC0063,Dr. Brown U,7964539997,AT4334151,MD747664,Orthopedics,193 Clinic Blvd,Chicago,CA,58081,(958) 865-8623,1,PAT002057,63,Other,34738,PA,Cigna,INS11455,GRP5742,329761,PCN5098,62.35,2498.65,180.83,R51,Asthma,Psychotherapeutic,Infection,03,264,0,Electronic,Phone,63.94,11.1,345,505,116,0,0,-3.74,2,10,0,Tuesday,Morning,0,0,0,Tier 1,0,1,Check,Paid,None,0,1,0,1,1,34.37,37.37,14.21,0
RX00000609,2025-02-11,12:14:03,2025-01-13,3,60,Gabapentin,Morphine,93125-590-53,50mg,Tablet,141,47,447.77,2777.48,2379.44,29.0,None,PH0101,Pharmacist_21,RPH344309,FL,6,PHM0038,Wellness Pharmacy,Walgreens,8544 Park St,New York,FL,39587,(346) 696-2999,PHL50314,2635713674,FL6758400,DOC0244,Dr. Williams E,7588641079,AN9720234,MD956499,Psychiatry,3617 Health Blvd,Los Angeles,CA,37430,(370) 404-9606,15,PAT001270,34,F,17936,TX,Self-Pay,INS44286,GRP4916,247437,PCN8813,96.7,1316.26,79.99,E78.5,Depression,Psychotherapeutic,Chronic Disease,04,92,-14,Electronic,Electronic,90.64,8.36,370,745,36,0,0,13.09,0,8,1,Friday,Evening,1,0,1,Tier 1,1,1,Check,Rejected,79,0,1,1,0,1,85.19,65.67,-0.53,0
RX00000610,2025-10-08,12:26:06,2025-04-27,3,60,Gabapentin,Montelukast,34790-915-41,100mg,Tablet,53,92,161.38,3777.1,3376.78,22.58,Schedule III,PH0162,Pharmacist_141,RPH225476,TX,8,PHM0042,QuickMeds,Walgreens,7691 Washington St,Philadelphia,CA,83176,(257) 965-8374,PHL42992,3424747157,FE4162498,DOC0003,Dr. Jones N,7073431287,AE9933036,MD765047,Oncology,1821 Clinic Blvd,New York,IL,10013,(724) 975-3957,29,PAT002279,58,Other,69325,TX,Kaiser Permanente,INS63934,GRP6717,998160,PCN3460,99.58,80.1,214.71,M54.5,Diabetes,Antidiabetic,Infection,03,147,24,Phone,Phone,0.29,37.81,119,508,173,0,0,72.47,0,4,6,Tuesday,Morning,1,0,0,Tier 3,0,0,Credit Card,Rejected,88,1,0,0,0,0,78.89,4.97,-19.28,1
RX00000611,2024-11-13,15:14:20,2025-07-26,1,60,Amoxicillin,Rosuvastatin,42395-405-15,20mg,Cream,161,126,402.46,3904.75,2781.42,39.41,Schedule V,PH0053,Pharmacist_69,RPH742828,PA,26,PHM0018,City Pharmacy,Rite Aid,9921 Oak St,Chicago,NY,91381,(927) 544-7382,PHL31473,4437306062,FX6446890,DOC0275,Dr. Williams E,2789935548,AN8626258,MD986284,Neurology,8711 Hospital Blvd,Houston,FL,18062,(291) 413-8063,5,PAT004778,29,F,60780,FL,Cigna,INS34428,GRP3333,226187,PCN8497,64.92,4113.1,494.0,R51,Depression,Cardiovascular,Chronic Disease,02,249,0,Phone,Electronic,29.2,38.43,175,231,244,0,1,0.02,5,6,7,Friday,Morning,1,0,1,Non-Formulary,0,2,Cash,Reversed,None,1,0,0,0,1,26.42,58.95,89.6,0
RX00000612,2024-12-12,14:14:39,2025-06-14,1,30,Rosuvastatin,Montelukast,82629-871-23,500mg,Injection,46,108,321.53,4305.18,2369.15,24.7,Schedule III,PH0190,Pharmacist_173,RPH222837,CA,23,PHM0044,HealthPlus Pharmacy,Independent,7673 Oak St,Chicago,TX,63991,(735) 551-1032,PHL14828,7958778633,FO5379569,DOC0007,Dr. Brown Y,8075748688,AY2663888,MD506810,Psychiatry,2626 Medical Blvd,Phoenix,FL,85162,(335) 783-7450,35,PAT003140,47,Other,65951,PA,Medicare,INS69367,GRP8007,341875,PCN7146,38.57,3886.2,64.04,M54.5,Arthritis,Cardiovascular,Pain,03,184,-7,Written,Phone,3.8,0.55,287,283,342,0,0,149.65,4,3,8,Friday,Morning,0,0,1,Tier 3,0,4,Cash,Paid,79,0,1,1,1,0,85.0,91.68,-65.16,1
RX00000613,2025-12-17,10:56:59,2024-05-25,0,30,Levothyroxine,Levothyroxine,99054-408-47,100mg,Injection,31,115,163.21,2370.14,3725.01,30.27,Schedule IV,PH0105,Pharmacist_47,RPH990565,FL,23,PHM0032,Family Pharmacy,Independent,4994 Oak St,Phoenix,OH,79458,(405) 401-3876,PHL35914,7537127248,FA2986535,DOC0056,Dr. Johnson Y,3571782796,AO7798481,MD903433,Pediatrics,9537 Clinic Blvd,Houston,FL,48861,(371) 654-4435,21,PAT004653,88,F,17245,PA,Medicare,INS13385,GRP6274,414536,PCN8675,15.44,3387.23,66.71,F41.9,Arthritis,Antibiotic,Infection,04,211,-1,Electronic,Fax,88.77,5.63,310,862,218,0,1,88.07,3,8,0,Thursday,Afternoon,0,0,0,Tier 1,1,4,Debit Card,Reversed,79,1,0,0,0,0,26.1,1.37,29.67,0
RX00000614,2025-01-03,13:11:09,2025-11-20,9,60,Lisinopril,Levothyroxine,44068-444-93,500mg,Injection,57,172,313.04,747.87,3971.38,6.04,Schedule III,PH0067,Pharmacist_166,RPH960245,CA,17,PHM0007,Express Meds,Independent,3199 Park St,Houston,TX,44207,(556) 363-6395,PHL51044,5713893040,FY7534417,DOC0014,Dr. Williams N,3407321247,AN6086652,MD989290,Endocrinology,5401 Medical Blvd,Phoenix,NY,63426,(351) 723-8898,24,PAT004023,37,M,96978,PA,Cigna,INS23019,GRP5698,826083,PCN4219,85.52,1824.02,149.7,F33.1,Diabetes,Psychotherapeutic,Preventive,02,270,6,Electronic,Fax,2.61,2.05,338,597,495,0,1,70.47,4,9,8,Monday,Afternoon,0,1,0,Tier 1,1,2,Check,Paid,79,0,0,0,1,1,73.92,42.39,91.27,1
RX00000615,2025-09-09,10:41:51,2024-09-05,12,60,Ciprofloxacin,Ibuprofen,54085-295-95,250mg,Injection,95,29,359.6,2540.25,3745.47,20.34,Schedule III,PH0047,Pharmacist_148,RPH573459,PA,4,PHM0015,TrustedMeds,Independent,7678 Washington St,Los Angeles,NY,77344,(203) 231-5141,PHL21848,1831935466,FU8010183,DOC0013,Dr. Garcia V,2291930285,AZ1133552,MD962399,Pediatrics,2284 Hospital Blvd,Los Angeles,CA,14398,(913) 899-7336,24,PAT004477,66,M,34900,NY,Humana,INS83637,GRP8960,649327,PCN2097,61.55,1342.66,83.61,I10,Hypertension,Antibiotic,Acute Condition,02,203,-1,Electronic,Fax,4.65,11.05,360,325,363,0,1,78.41,0,5,6,Monday,Night,0,0,0,Tier 3,0,1,Insurance,Reversed,88,0,1,1,1,0,79.42,46.25,-90.3,1
RX00000616,2024-07-05,12:07:54,2024-09-17,2,60,Omeprazole,Gabapentin,17310-500-82,100mg,Syrup,77,39,113.98,3869.85,1730.56,37.33,None,PH0172,Pharmacist_27,RPH943016,OH,21,PHM0004,QuickMeds,Independent,9581 Oak St,Los Angeles,IL,76110,(406) 245-3484,PHL28951,1964216842,FO1512246,DOC0385,Dr. Williams V,4007010792,AG9627892,MD529559,Cardiology,8230 Hospital Blvd,Phoenix,TX,35409,(235) 620-3285,33,PAT003748,42,F,53906,CA,Aetna,INS85167,GRP7048,966402,PCN2914,61.48,3032.73,497.92,G89.29,Depression,Antibiotic,Preventive,03,255,9,Phone,Electronic,76.92,19.03,448,41,362,0,1,177.47,4,6,3,Saturday,Evening,1,1,1,Non-Formulary,0,1,Check,Paid,79,1,1,0,0,0,3.74,3.56,64.63,0
RX00000617,2024-08-24,16:43:21,2024-04-01,7,30,Omeprazole,Gabapentin,19523-216-26,250mg,Capsule,171,147,342.49,2603.13,43.58,12.58,Schedule II,PH0142,Pharmacist_162,RPH802912,TX,12,PHM0017,MediCare Drug Store,Rite Aid,6659 Maple St,Philadelphia,OH,56883,(496) 563-1705,PHL75697,6684543867,FI9684923,DOC0129,Dr. Williams T,5483504793,AS1843910,MD420786,Dermatology,9594 Health Blvd,Phoenix,IL,80763,(820) 792-5728,40,PAT004463,56,F,10144,FL,BlueCross BlueShield,INS29144,GRP7359,707947,PCN1572,57.11,1646.05,153.74,E78.5,Diabetes,Cardiovascular,Preventive,04,293,9,Written,Paper,33.49,45.75,408,790,203,1,1,152.33,3,3,0,Friday,Morning,1,0,0,Tier 2,0,1,Cash,Reversed,79,1,0,1,0,1,85.66,57.83,-29.32,0
RX00000618,2024-03-13,09:50:14,2025-07-27,5,30,Amlodipine,Atorvastatin,56856-632-81,250mg,Syrup,175,14,152.26,404.1,781.75,17.39,Schedule II,PH0025,Pharmacist_33,RPH804360,OH,8,PHM0006,Prime Pharmacy,Walgreens,5032 Maple St,Chicago,PA,77406,(970) 558-1252,PHL29099,8203818547,FY7839010,DOC0072,Dr. Garcia C,9668518013,AW2183600,MD507762,General Practice,1633 Medical Blvd,Houston,CA,42348,(693) 696-9023,15,PAT000122,60,M,49784,PA,Anthem,INS11364,GRP8321,299542,PCN9084,17.19,1384.45,121.67,J44.9,Depression,Cardiovascular,Chronic Disease,02,10,-24,Phone,Electronic,83.84,22.3,176,978,398,1,0,62.22,5,4,3,Thursday,Morning,1,1,1,Tier 1,0,1,Check,Paid,76,0,0,0,1,1,14.42,42.79,-12.27,0
RX00000619,2025-05-28,14:15:13,2025-07-19,0,90,Hydrochlorothiazide,Rosuvastatin,22400-516-74,50mg,Capsule,31,159,449.36,3302.2,12.55,28.63,None,PH0018,Pharmacist_194,RPH419099,FL,8,PHM0033,Metro Pharmacy,Rite Aid,1031 Oak St,Houston,PA,39940,(836) 332-5366,PHL61109,4351892327,FC6114153,DOC0225,Dr. Garcia Z,6961916011,AF6601073,MD909124,Cardiology,8425 Hospital Blvd,Los Angeles,NY,44708,(847) 403-7732,37,PAT003538,57,Other,98003,FL,Medicare,INS37914,GRP3433,361226,PCN9062,15.7,3892.21,295.69,N18.3,Diabetes,Psychotherapeutic,Infection,00,126,-16,Phone,Phone,81.62,47.41,475,403,312,0,1,142.89,5,9,4,Thursday,Morning,1,1,0,Non-Formulary,1,2,Insurance,Pending,79,1,0,1,0,1,96.7,73.67,-81.05,0
RX00000620,2025-01-27,14:10:05,2024-04-16,7,60,Escitalopram,Clopidogrel,16229-406-48,10mg,Syrup,47,78,54.72,740.86,3049.46,19.18,Schedule II,PH0109,Pharmacist_19,RPH514328,CA,17,PHM0026,HealthPlus Pharmacy,Walgreens,4134 Main St,Philadelphia,CA,67499,(364) 512-8586,PHL61563,9131090699,FW1171466,DOC0008,Dr. Williams Y,4085205047,AC4653750,MD746684,Internal Medicine,8765 Hospital Blvd,Houston,TX,72618,(585) 588-4674,32,PAT003870,79,M,49993,OH,Aetna,INS43676,GRP3766,606129,PCN9355,31.19,3113.14,88.08,G89.29,Arthritis,Antidiabetic,Pain,01,258,-21,Fax,Electronic,2.85,8.06,428,732,179,1,1,57.06,4,9,4,Saturday,Morning,1,0,1,Tier 1,0,3,Credit Card,Reversed,None,0,1,0,1,1,92.95,83.33,-62.47,1
RX00000621,2024-11-28,10:17:29,2025-10-05,6,60,Simvastatin,Ciprofloxacin,35458-744-99,250mg,Injection,91,27,464.99,137.82,1186.45,20.97,Schedule II,PH0129,Pharmacist_7,RPH864669,FL,33,PHM0027,Metro Pharmacy,Walgreens,7711 Washington St,New York,CA,65093,(795) 584-3269,PHL12167,2028208174,FM3105618,DOC0287,Dr. Brown A,7013064424,AY5095555,MD806329,General Practice,1282 Hospital Blvd,Houston,IL,87712,(538) 596-3254,13,PAT002686,55,M,57896,PA,UnitedHealth,INS31323,GRP1313,426543,PCN6888,54.49,2546.47,207.8,N18.3,Asthma,Antibiotic,Preventive,02,70,-12,Written,Phone,26.69,42.5,30,285,201,1,0,-32.07,5,0,6,Saturday,Night,1,0,1,Tier 1,1,4,Cash,Pending,75,0,1,0,0,0,50.33,94.69,65.31,0
RX00000622,2025-11-06,10:52:34,2024-04-06,10,90,Levothyroxine,Rosuvastatin,22283-363-88,250mg,Cream,110,99,444.35,4302.76,2654.7,43.37,Schedule IV,PH0142,Pharmacist_29,RPH902591,TX,17,PHM0044,HealthPlus Pharmacy,Independent,3180 Washington St,New York,PA,19036,(523) 447-4611,PHL39171,9368894326,FM6127216,DOC0004,Dr. Williams S,6139875052,AO5730805,MD339818,Cardiology,3913 Clinic Blvd,Los Angeles,FL,71036,(760) 965-5394,22,PAT003242,73,Other,18457,CA,Kaiser Permanente,INS55891,GRP7536,689579,PCN2263,89.4,4140.11,298.13,K21.9,Depression,Cardiovascular,Chronic Disease,03,261,1,Fax,Fax,2.01,1.47,396,750,310,0,1,195.63,4,2,6,Sunday,Morning,1,1,0,Tier 1,1,2,Check,Paid,75,1,1,0,1,0,86.29,1.25,64.76,1
RX00000623,2025-07-17,09:30:18,2024-12-05,10,60,Losartan,Albuterol,86287-809-79,250mg,Syrup,60,151,212.15,1486.23,1368.45,15.19,Schedule V,PH0006,Pharmacist_171,RPH510793,IL,18,PHM0007,Main Street Pharmacy,Walgreens,6225 Washington St,Phoenix,TX,55516,(954) 939-8446,PHL35821,5576836271,FU8115841,DOC0239,Dr. Garcia O,5640343455,AN2406981,MD297246,Cardiology,2149 Hospital Blvd,Los Angeles,FL,62783,(420) 809-2479,26,PAT002328,81,M,85738,FL,Anthem,INS78606,GRP8599,812808,PCN7281,36.65,4083.57,147.75,M25.551,Arthritis,Cardiovascular,Preventive,00,345,29,Fax,Phone,30.55,48.53,137,40,404,1,0,159.97,5,9,7,Sunday,Evening,0,0,1,Tier 3,1,1,Credit Card,Pending,None,1,0,0,0,0,86.84,58.83,77.28,0
RX00000624,2024-08-16,10:49:49,2024-09-11,12,90,Tramadol,Amlodipine,38139-279-32,100mg,Capsule,135,61,33.03,2071.11,2327.15,18.71,Schedule IV,PH0149,Pharmacist_129,RPH174761,OH,9,PHM0003,Wellness Pharmacy,Independent,7153 Washington St,Phoenix,PA,90629,(659) 361-7915,PHL70118,9960508842,FJ8863218,DOC0464,Dr. Miller A,1313121231,AT4546586,MD808331,Endocrinology,4286 Clinic Blvd,Chicago,CA,60051,(482) 595-1446,32,PAT000881,62,M,10151,FL,Anthem,INS55515,GRP3717,675300,PCN6433,90.47,225.35,130.18,E78.5,Arthritis,Psychotherapeutic,Acute Condition,04,171,9,Phone,Paper,62.1,7.66,65,887,221,0,0,54.92,3,5,7,Saturday,Night,1,0,1,Tier 3,0,0,Insurance,Paid,75,1,0,0,1,1,61.49,84.8,-65.4,0
RX00000625,2024-03-03,08:42:51,2024-02-03,8,30,Escitalopram,Ciprofloxacin,60828-245-25,10mg,Injection,133,37,73.85,213.19,1756.14,20.43,Schedule II,PH0102,Pharmacist_94,RPH733203,IL,35,PHM0001,City Pharmacy,Independent,6757 Washington St,Chicago,IL,99630,(304) 430-7912,PHL63439,4017213723,FF3568892,DOC0035,Dr. Miller B,7627878266,AC1462630,MD246144,Neurology,3993 Medical Blvd,Chicago,CA,84824,(590) 441-5263,32,PAT004511,42,F,79424,IL,UnitedHealth,INS44878,GRP7496,106610,PCN3383,26.01,1997.64,7.75,N18.3,Arthritis,Psychotherapeutic,Chronic Disease,01,159,-11,Electronic,Electronic,41.83,33.56,240,843,427,1,1,198.58,3,6,1,Sunday,Night,0,0,0,Tier 2,0,4,Cash,Pending,None,0,1,1,0,0,72.44,76.4,-73.08,0
RX00000626,2025-11-16,13:42:04,2025-08-25,9,30,Rosuvastatin,Albuterol,38044-795-17,250mg,Tablet,79,97,313.53,446.71,2995.99,26.16,Schedule II,PH0154,Pharmacist_22,RPH729924,NY,1,PHM0018,HealthPlus Pharmacy,CVS,642 Main St,Phoenix,TX,86770,(262) 990-6731,PHL30981,3053548361,FD2312102,DOC0011,Dr. Miller R,6985333158,AN9242309,MD294704,Orthopedics,4599 Medical Blvd,Los Angeles,IL,61062,(543) 945-1387,16,PAT004230,57,M,17157,CA,Self-Pay,INS56391,GRP4059,267363,PCN3970,26.46,801.72,437.71,F41.9,Depression,Cardiovascular,Acute Condition,03,43,24,Electronic,Paper,1.95,34.7,69,54,384,1,1,121.4,5,10,4,Sunday,Night,0,0,0,Tier 3,1,4,Insurance,Pending,75,0,0,0,1,0,83.79,27.93,-24.51,1
RX00000627,2024-10-23,09:51:28,2024-07-13,0,90,Escitalopram,Lisinopril,36178-448-38,250mg,Syrup,123,60,75.2,1333.04,4078.41,44.99,Schedule III,PH0119,Pharmacist_16,RPH883076,NY,28,PHM0024,HealthPlus Pharmacy,Independent,6228 Park St,Los Angeles,TX,72675,(226) 704-4061,PHL72846,9597820720,FI8221964,DOC0012,Dr. Garcia S,4572245480,AX8340295,MD250361,Neurology,3834 Health Blvd,New York,NY,66508,(941) 273-7273,32,PAT000757,67,Other,72264,NY,Medicare,INS17010,GRP3475,251990,PCN5791,7.93,3535.95,208.91,I10,Hypertension,Psychotherapeutic,Infection,00,281,-17,Phone,Electronic,2.68,38.23,494,942,362,0,1,55.74,5,3,1,Sunday,Afternoon,1,0,1,Tier 2,0,0,Check,Rejected,75,0,1,0,0,0,75.25,58.81,-71.47,1
RX00000628,2025-11-09,12:09:54,2025-04-27,8,60,Prednisone,Simvastatin,76103-123-85,10mg,Tablet,133,127,308.5,1415.79,3232.51,44.43,None,PH0156,Pharmacist_119,RPH655612,OH,24,PHM0010,CarePlus Pharmacy,Walgreens,4128 Park St,Phoenix,CA,34671,(736) 530-6052,PHL18926,1969736824,FW8726777,DOC0262,Dr. Garcia U,6416613984,AR6622406,MD947929,Neurology,9642 Clinic Blvd,Chicago,TX,32340,(887) 428-4361,17,PAT002094,23,M,58890,PA,Medicaid,INS95534,GRP9294,480177,PCN6428,91.44,41.84,262.49,J44.9,Hypertension,Antidiabetic,Pain,00,267,12,Fax,Phone,92.99,26.82,125,83,91,1,1,-31.79,2,10,6,Saturday,Morning,1,0,1,Tier 3,1,3,Debit Card,Pending,75,0,1,1,0,1,52.91,18.99,-44.93,0
RX00000629,2025-08-21,14:09:07,2024-04-07,8,90,Escitalopram,Gabapentin,47350-531-84,20mg,Tablet,117,153,346.36,4034.42,3923.53,42.6,Schedule III,PH0174,Pharmacist_173,RPH176834,FL,19,PHM0040,CarePlus Pharmacy,Independent,409 Washington St,New York,PA,45508,(484) 549-2900,PHL88549,8262865595,FJ4033433,DOC0434,Dr. Johnson X,5402242178,AW8143228,MD168368,Endocrinology,324 Medical Blvd,Houston,TX,77842,(500) 367-6244,11,PAT002202,70,F,25642,IL,Cigna,INS18167,GRP7270,849512,PCN5856,82.5,2194.24,99.39,R51,Hypertension,Psychotherapeutic,Acute Condition,02,98,-9,Phone,Paper,84.73,36.32,494,214,366,1,1,115.91,0,3,3,Tuesday,Morning,1,1,1,Tier 2,0,1,Cash,Pending,79,0,1,1,0,1,11.2,61.71,10.33,0
RX00000630,2025-10-27,12:14:59,2024-05-23,7,30,Rosuvastatin,Rosuvastatin,81928-795-44,20mg,Injection,38,106,362.32,2133.09,1876.07,46.81,Schedule III,PH0188,Pharmacist_56,RPH928095,IL,11,PHM0034,Metro Pharmacy,Walgreens,403 Oak St,Chicago,FL,66700,(812) 611-5911,PHL58623,8274530390,FJ1007435,DOC0357,Dr. Brown M,8420218744,AE6705375,MD327302,Orthopedics,8541 Hospital Blvd,Houston,IL,40436,(205) 840-1493,5,PAT000804,87,F,32918,CA,Cigna,INS84412,GRP9905,862237,PCN4098,72.89,4141.03,17.9,E11.9,Depression,Antidiabetic,Chronic Disease,03,84,12,Phone,Fax,47.41,33.38,209,752,254,0,0,149.17,4,6,1,Friday,Morning,0,1,1,Tier 1,1,4,Credit Card,Paid,76,0,1,0,1,1,81.23,90.83,-51.74,0
RX00000631,2025-06-17,10:33:20,2024-12-22,6,30,Amlodipine,Clopidogrel,63428-945-94,10mg,Capsule,67,95,73.83,4498.59,3545.3,27.4,Schedule V,PH0169,Pharmacist_35,RPH210746,CA,12,PHM0035,Express Meds,Independent,1237 Oak St,New York,OH,52275,(275) 220-3540,PHL69424,9958777077,FA6899272,DOC0004,Dr. Garcia Q,5670983945,AO8040579,MD800174,Cardiology,5553 Health Blvd,Los Angeles,NY,38433,(236) 804-5187,30,PAT004725,75,F,77534,IL,Kaiser Permanente,INS44854,GRP4235,373788,PCN7315,79.86,3728.17,162.43,J44.9,Asthma,Antibiotic,Chronic Disease,03,105,25,Fax,Paper,1.54,12.49,480,11,400,0,0,108.17,5,0,4,Thursday,Morning,1,1,0,Tier 2,1,1,Credit Card,Rejected,None,0,0,0,1,0,83.8,75.2,-78.28,1
RX00000632,2024-08-01,18:18:06,2025-02-13,6,60,Clopidogrel,Clopidogrel,95371-342-67,10mg,Injection,19,171,130.73,3454.46,2882.89,26.37,Schedule IV,PH0181,Pharmacist_95,RPH185012,TX,16,PHM0024,QuickMeds,CVS,5362 Maple St,Philadelphia,TX,66100,(958) 369-3064,PHL29968,6585706285,FY7787087,DOC0012,Dr. Brown B,9832138902,AP6148467,MD920280,Endocrinology,123 Medical Blvd,Los Angeles,FL,24138,(821) 431-7119,36,PAT000805,65,M,48998,CA,Medicaid,INS58606,GRP5870,159472,PCN1945,31.08,2293.16,302.72,K21.9,Depression,Antidiabetic,Pain,04,128,-6,Electronic,Phone,3.64,33.55,306,880,126,1,1,65.32,5,9,7,Thursday,Evening,1,1,0,Tier 2,0,2,Insurance,Paid,None,1,0,0,0,1,84.64,2.54,-82.1,1
RX00000633,2025-07-22,09:29:08,2025-06-14,0,90,Hydrochlorothiazide,Amlodipine,43523-278-33,10mg,Cream,45,86,482.49,4984.2,3031.1,29.64,Schedule III,PH0119,Pharmacist_117,RPH862796,IL,31,PHM0014,QuickMeds,Walgreens,1908 Oak St,Houston,NY,37253,(240) 934-8486,PHL39608,6649523704,FD4555764,DOC0014,Dr. Brown X,9884974993,AO8824080,MD366398,Endocrinology,8248 Clinic Blvd,Los Angeles,TX,31372,(528) 746-6222,16,PAT002609,59,Other,91051,IL,Kaiser Permanente,INS25718,GRP6159,383380,PCN2726,96.94,1116.65,464.79,F41.9,Diabetes,Psychotherapeutic,Acute Condition,01,146,-15,Written,Phone,1.42,27.96,208,749,403,0,1,53.49,2,10,1,Wednesday,Evening,0,1,0,Non-Formulary,0,1,Debit Card,Pending,79,0,0,1,1,0,91.55,52.92,-99.8,1
RX00000634,2025-01-26,18:41:11,2024-04-12,6,60,Amlodipine,Escitalopram,16018-966-42,100mg,Injection,138,25,304.32,1776.95,3870.9,29.68,Schedule III,PH0014,Pharmacist_91,RPH202519,OH,34,PHM0016,Central Drug Store,Walgreens,5145 Main St,Los Angeles,FL,57500,(571) 468-9034,PHL98677,1227151623,FI3976448,DOC0314,Dr. Jones K,1088341579,AU4375825,MD548596,Endocrinology,4108 Health Blvd,Phoenix,NY,49209,(236) 358-2681,8,PAT000237,52,F,49070,OH,Self-Pay,INS78098,GRP1674,758566,PCN5713,38.9,1775.78,93.78,F41.9,Asthma,Analgesic,Pain,04,216,-4,Fax,Paper,27.23,15.56,64,426,266,1,0,-48.31,2,5,7,Thursday,Afternoon,0,1,1,Tier 3,1,1,Debit Card,Rejected,75,0,0,0,0,0,28.83,68.61,43.69,0
RX00000635,2025-06-08,16:01:56,2025-11-16,7,90,Escitalopram,Albuterol,88825-903-76,10mg,Cream,113,151,387.58,2269.9,53.81,46.63,Schedule IV,PH0111,Pharmacist_131,RPH792903,IL,20,PHM0013,Community Health Pharmacy,CVS,1548 Washington St,Chicago,CA,88303,(755) 418-4688,PHL79784,9873517745,FF9227214,DOC0081,Dr. Johnson Z,4204610947,AD5520495,MD157111,Oncology,5095 Hospital Blvd,Phoenix,NY,46622,(585) 836-9465,39,PAT004270,51,F,96037,NY,Medicaid,INS46946,GRP5065,721324,PCN6186,81.58,3858.13,88.97,E78.5,Asthma,Cardiovascular,Pain,02,118,12,Electronic,Phone,21.77,28.6,79,887,493,0,0,72.27,1,2,3,Monday,Afternoon,0,0,0,Non-Formulary,1,0,Insurance,Reversed,75,1,1,1,1,1,99.85,4.93,-80.97,0
RX00000636,2025-09-18,12:10:24,2024-10-17,2,60,Hydrochlorothiazide,Amlodipine,63988-606-71,500mg,Tablet,75,171,383.79,458.07,76.34,6.81,Schedule II,PH0165,Pharmacist_101,RPH388918,IL,7,PHM0013,Prime Pharmacy,Walgreens,9750 Washington St,Chicago,OH,78953,(806) 567-7628,PHL44853,5894787593,FE9248632,DOC0443,Dr. Williams X,1922545661,AO9192900,MD890751,Endocrinology,1249 Medical Blvd,Chicago,NY,67906,(379) 566-7718,23,PAT003154,46,M,75098,NY,Humana,INS35099,GRP6036,673231,PCN2215,61.76,113.49,415.55,F33.1,Hypertension,Cardiovascular,Infection,02,90,-29,Written,Paper,84.85,22.52,193,811,477,0,1,181.26,3,2,5,Saturday,Evening,1,1,1,Tier 3,0,0,Cash,Pending,88,1,0,0,1,0,89.87,99.58,-2.74,0
RX00000637,2025-03-01,15:35:46,2024-05-23,10,30,Omeprazole,Clopidogrel,72898-213-65,10mg,Injection,144,85,379.85,3345.08,2269.23,38.71,Schedule V,PH0154,Pharmacist_165,RPH179006,PA,10,PHM0025,Wellness Pharmacy,CVS,8801 Oak St,Houston,IL,50441,(288) 513-6741,PHL94584,2478152371,FS8811573,DOC0344,Dr. Johnson Y,1906269283,AB9747304,MD599746,Cardiology,3733 Hospital Blvd,Chicago,NY,87654,(759) 568-3553,32,PAT000488,55,Other,68432,PA,Cigna,INS46397,GRP6015,420680,PCN7387,87.9,3626.75,147.27,F41.9,Arthritis,Antibiotic,Preventive,03,173,6,Written,Paper,62.24,5.02,8,73,39,1,0,-36.26,1,1,8,Monday,Evening,1,0,0,Tier 2,1,4,Check,Reversed,79,0,0,0,0,0,98.15,93.87,-79.78,0
RX00000638,2024-01-22,12:23:28,2025-12-01,3,30,Escitalopram,Simvastatin,81545-774-23,10mg,Tablet,177,64,415.41,1398.2,247.07,26.64,None,PH0131,Pharmacist_26,RPH406745,CA,18,PHM0012,Express Meds,CVS,7291 Maple St,Houston,TX,55000,(896) 480-7129,PHL95215,9326149083,FY4889008,DOC0019,Dr. Miller U,1832288840,AC7819533,MD455146,Pediatrics,8419 Health Blvd,Houston,TX,68813,(743) 292-7087,37,PAT000603,71,F,56288,TX,UnitedHealth,INS67481,GRP3376,921177,PCN7338,25.06,344.43,108.34,E11.9,Hypertension,Antidiabetic,Pain,02,247,28,Phone,Paper,1.68,40.8,65,622,463,1,1,89.68,1,1,6,Saturday,Evening,0,1,1,Tier 3,0,4,Insurance,Pending,76,0,0,1,0,0,74.95,66.47,21.08,1
RX00000639,2024-01-08,17:37:02,2024-03-16,9,60,Methylprednisolone,Albuterol,87536-536-52,500mg,Cream,30,67,50.8,2784.38,2250.58,48.94,Schedule V,PH0118,Pharmacist_133,RPH877098,CA,22,PHM0029,TrustedMeds,Walgreens,9677 Main St,Houston,OH,73700,(268) 633-6251,PHL66829,3027748593,FV9824182,DOC0030,Dr. Brown N,7592611838,AD8138039,MD677152,Orthopedics,478 Hospital Blvd,Phoenix,TX,29130,(870) 728-6995,30,PAT002449,25,M,54193,TX,UnitedHealth,INS97356,GRP7024,119004,PCN7536,51.42,2633.21,169.97,I10,Asthma,Psychotherapeutic,Pain,00,194,13,Fax,Fax,61.62,10.07,262,57,448,1,0,123.31,5,4,6,Sunday,Night,1,1,1,Tier 1,1,4,Credit Card,Pending,None,0,0,0,0,1,46.62,96.42,37.27,0
RX00000640,2025-09-14,11:52:57,2024-03-10,10,90,Sertraline,Montelukast,12871-146-23,100mg,Cream,84,98,33.33,737.8,3296.86,44.8,None,PH0045,Pharmacist_57,RPH644391,OH,29,PHM0035,Community Health Pharmacy,Independent,3198 Main St,Los Angeles,IL,25111,(502) 948-8625,PHL61440,5515457407,FA7645922,DOC0334,Dr. Miller W,4765402871,AX8088302,MD251216,Endocrinology,2729 Hospital Blvd,Chicago,IL,56786,(407) 652-7976,11,PAT000974,18,Other,84108,IL,Kaiser Permanente,INS36120,GRP3969,850493,PCN8288,12.94,3608.7,398.67,E11.9,Arthritis,Antidiabetic,Acute Condition,02,140,26,Written,Phone,58.82,46.91,255,220,398,0,0,36.02,3,5,3,Thursday,Evening,1,0,0,Tier 1,1,4,Cash,Pending,88,0,1,0,1,1,67.1,48.81,16.77,0
RX00000641,2025-05-17,15:44:39,2024-07-03,12,30,Ibuprofen,Gabapentin,68643-249-10,20mg,Cream,147,152,355.35,4945.51,2604.44,30.31,Schedule IV,PH0001,Pharmacist_197,RPH688790,FL,31,PHM0003,HealthPlus Pharmacy,Independent,5277 Oak St,Philadelphia,TX,99931,(377) 473-5647,PHL42599,1374816344,FE4642834,DOC0020,Dr. Miller E,1406482028,AG7777360,MD594666,Pediatrics,677 Medical Blvd,Phoenix,NY,54653,(994) 882-5317,10,PAT004071,21,Other,77492,NY,UnitedHealth,INS77381,GRP2998,671632,PCN1993,23.72,1253.54,14.67,M79.7,Hypertension,Antibiotic,Preventive,04,328,-17,Written,Phone,2.2,37.36,158,354,399,0,0,192.1,3,10,5,Saturday,Night,1,0,1,Tier 3,1,3,Debit Card,Pending,88,0,0,0,0,1,98.11,97.05,-49.21,1
RX00000642,2024-01-03,15:18:08,2024-11-19,5,90,Albuterol,Hydrochlorothiazide,17004-517-65,10mg,Capsule,79,98,13.24,360.23,3009.57,41.47,Schedule II,PH0164,Pharmacist_70,RPH838045,OH,8,PHM0036,City Pharmacy,Independent,1758 Washington St,New York,FL,62065,(382) 957-2658,PHL13011,8798760338,FT3734492,DOC0025,Dr. Brown X,1778029840,AM5550758,MD591753,Orthopedics,404 Hospital Blvd,New York,FL,35548,(271) 519-2110,3,PAT004846,34,F,43667,NY,Aetna,INS86692,GRP6853,883329,PCN5867,0.42,1548.17,217.78,G89.29,Arthritis,Antibiotic,Infection,04,201,17,Written,Fax,46.23,8.73,142,811,208,1,0,182.92,3,10,3,Monday,Night,0,1,0,Tier 3,1,3,Cash,Paid,75,1,1,1,1,1,27.87,7.33,24.92,0
RX00000643,2025-04-04,10:05:06,2025-03-10,0,60,Azithromycin,Albuterol,20173-984-39,100mg,Injection,89,162,66.37,2969.05,2228.29,13.62,Schedule II,PH0145,Pharmacist_75,RPH281346,FL,8,PHM0048,Express Meds,CVS,4441 Oak St,Chicago,FL,17439,(626) 883-5871,PHL97225,1574239581,FE6277511,DOC0369,Dr. Garcia O,4263121383,AN5878553,MD151969,Cardiology,4690 Clinic Blvd,Los Angeles,TX,25361,(472) 427-5601,24,PAT003514,57,F,61718,NY,Self-Pay,INS73057,GRP2302,953369,PCN9201,4.2,405.0,366.05,E11.9,Arthritis,Analgesic,Infection,02,252,-8,Fax,Phone,14.9,29.92,162,917,102,1,1,106.74,2,6,4,Thursday,Night,1,1,1,Non-Formulary,1,4,Insurance,Rejected,76,0,1,1,0,0,28.16,16.6,55.75,0
RX00000644,2025-03-05,12:44:40,2025-08-06,1,60,Simvastatin,Lisinopril,11729-116-46,250mg,Cream,59,90,472.2,224.08,242.24,42.93,None,PH0196,Pharmacist_159,RPH687777,NY,28,PHM0024,Express Meds,Independent,4897 Washington St,Phoenix,CA,52294,(809) 882-2402,PHL80376,4894108708,FP7924597,DOC0014,Dr. Williams G,7955460910,AS1556422,MD138132,Oncology,7617 Hospital Blvd,Chicago,CA,12231,(755) 250-9158,23,PAT000294,60,M,96228,NY,Kaiser Permanente,INS45702,GRP7101,217713,PCN4432,91.08,4397.02,18.68,N18.3,Asthma,Antibiotic,Infection,01,352,22,Written,Phone,3.54,29.33,2,966,480,0,0,180.84,1,1,5,Wednesday,Evening,1,0,1,Tier 1,1,0,Debit Card,Reversed,76,1,0,1,0,0,80.59,54.59,-78.17,1
RX00000645,2024-12-22,11:34:12,2024-11-09,1,60,Gabapentin,Tramadol,91569-224-70,250mg,Capsule,28,177,209.5,375.56,3755.45,49.42,None,PH0017,Pharmacist_26,RPH408545,FL,32,PHM0012,QuickMeds,Rite Aid,1992 Main St,Houston,NY,72680,(214) 377-3000,PHL59137,9096170567,FL1697583,DOC0021,Dr. Miller G,6851992467,AU7665124,MD583778,Dermatology,1541 Hospital Blvd,New York,NY,25365,(407) 997-2220,12,PAT002543,43,F,97342,FL,Anthem,INS60885,GRP3099,968390,PCN2822,96.0,4149.36,402.73,J44.9,Hypertension,Antibiotic,Infection,04,141,25,Electronic,Electronic,67.09,38.18,2,79,66,1,1,-12.21,5,1,2,Monday,Evening,1,1,1,Non-Formulary,1,1,Check,Rejected,79,0,0,1,1,0,54.79,92.14,70.06,0
RX00000646,2025-10-17,15:22:07,2024-07-25,0,90,Amoxicillin,Montelukast,96925-458-59,50mg,Cream,46,96,479.32,1311.94,3322.08,27.78,Schedule V,PH0191,Pharmacist_97,RPH192504,NY,13,PHM0044,QuickMeds,Walgreens,8639 Washington St,Phoenix,CA,54311,(204) 690-4370,PHL15493,3561463935,FP3135861,DOC0008,Dr. Jones I,6642551398,AZ5166189,MD505540,Psychiatry,6716 Health Blvd,Los Angeles,CA,38011,(974) 816-7625,12,PAT004253,68,M,36772,IL,Self-Pay,INS70147,GRP6472,422691,PCN9018,2.31,3008.73,90.79,F41.9,Diabetes,Antibiotic,Preventive,01,316,-16,Electronic,Paper,2.2,44.96,88,525,455,0,0,143.28,2,6,5,Saturday,Night,0,1,0,Tier 2,1,2,Credit Card,Reversed,79,0,1,1,0,0,77.34,23.97,-0.09,1
RX00000647,2025-03-05,10:14:56,2025-01-22,12,30,Simvastatin,Albuterol,77769-419-37,250mg,Capsule,161,67,333.37,4083.69,3590.21,22.52,Schedule IV,PH0180,Pharmacist_38,RPH542788,NY,35,PHM0046,Main Street Pharmacy,CVS,3870 Park St,New York,IL,27998,(799) 502-8704,PHL75836,7316793053,FL5302156,DOC0102,Dr. Miller L,4460323730,AG3043270,MD780561,General Practice,6840 Health Blvd,Chicago,IL,33982,(686) 811-6088,34,PAT000934,40,Other,93983,FL,Humana,INS52224,GRP5663,644933,PCN3129,46.06,562.21,366.58,E78.5,Asthma,Cardiovascular,Pain,04,300,-14,Written,Paper,15.61,20.02,159,696,433,1,1,166.26,1,9,1,Monday,Evening,1,0,0,Tier 3,1,0,Check,Rejected,75,0,1,0,1,0,58.89,35.29,71.18,0
RX00000648,2025-08-22,18:51:32,2025-11-21,4,60,Losartan,Ciprofloxacin,21995-279-79,250mg,Cream,105,39,81.01,3183.6,3035.98,26.48,Schedule III,PH0193,Pharmacist_164,RPH423292,OH,29,PHM0024,Express Meds,Rite Aid,3854 Washington St,Chicago,CA,76021,(422) 995-8688,PHL13093,6596609864,FB3752086,DOC0017,Dr. Johnson O,4279916677,AU3736090,MD480395,Cardiology,6273 Hospital Blvd,New York,NY,10968,(424) 576-9427,8,PAT001969,74,Other,96598,TX,UnitedHealth,INS91585,GRP8086,764786,PCN3982,70.21,1684.47,132.32,E78.5,Depression,Psychotherapeutic,Preventive,03,88,-16,Electronic,Electronic,3.69,39.53,291,683,452,1,1,192.92,1,2,2,Friday,Night,1,0,0,Tier 3,1,2,Check,Pending,76,1,0,0,0,1,77.87,29.44,95.45,1
RX00000649,2025-06-13,17:32:42,2024-01-15,10,90,Simvastatin,Montelukast,41236-354-93,50mg,Capsule,126,17,422.0,2148.0,973.7,14.27,None,PH0161,Pharmacist_20,RPH561829,CA,23,PHM0023,Metro Pharmacy,Rite Aid,7147 Oak St,Los Angeles,IL,59046,(864) 322-7438,PHL64262,1542288166,FL8099285,DOC0252,Dr. Garcia P,2616787577,AP5742326,MD956243,Internal Medicine,934 Hospital Blvd,New York,NY,64240,(602) 449-9462,28,PAT000442,34,F,92111,IL,Medicare,INS25278,GRP8477,449775,PCN9235,25.78,4333.24,166.84,F33.1,Hypertension,Psychotherapeutic,Preventive,03,169,4,Electronic,Paper,86.85,9.4,264,655,91,1,1,94.46,5,1,7,Tuesday,Night,1,1,0,Tier 1,0,2,Insurance,Paid,76,0,1,0,0,1,84.01,8.87,-82.72,0
RX00000650,2025-11-30,17:30:03,2024-10-09,4,90,Gabapentin,Ibuprofen,71963-775-19,500mg,Capsule,92,68,400.01,4841.04,483.17,19.62,Schedule III,PH0161,Pharmacist_86,RPH291241,OH,17,PHM0041,Prime Pharmacy,Independent,2352 Washington St,Phoenix,OH,99072,(944) 388-1881,PHL24882,1274196017,FH1504622,DOC0364,Dr. Jones U,4841042335,AT6884602,MD299828,Neurology,1321 Health Blvd,Phoenix,TX,93301,(903) 326-6773,9,PAT001204,44,F,52915,OH,BlueCross BlueShield,INS82156,GRP7924,130569,PCN8868,78.47,4068.73,429.54,M79.7,Arthritis,Antidiabetic,Acute Condition,00,336,25,Written,Fax,25.87,38.16,220,55,354,1,0,-46.23,5,6,4,Monday,Evening,0,0,0,Tier 2,1,0,Insurance,Pending,76,0,1,0,1,0,56.58,91.22,98.53,0
RX00000651,2025-02-26,14:06:22,2024-02-04,5,30,Atorvastatin,Hydrochlorothiazide,95336-826-20,10mg,Capsule,76,30,147.12,2765.5,4201.18,11.22,Schedule V,PH0145,Pharmacist_35,RPH961866,FL,24,PHM0035,QuickMeds,CVS,5473 Oak St,Houston,NY,80358,(409) 943-7717,PHL75614,7640767377,FN1451281,DOC0439,Dr. Garcia N,6447636222,AY7805871,MD635536,Pediatrics,7293 Medical Blvd,Phoenix,NY,20567,(834) 583-9055,37,PAT004832,72,F,84081,CA,Aetna,INS92855,GRP4999,723249,PCN5143,87.06,3684.22,489.79,F33.1,Asthma,Antibiotic,Preventive,01,2,-1,Electronic,Phone,45.51,22.78,426,515,164,1,1,134.67,4,10,0,Saturday,Afternoon,0,0,1,Non-Formulary,0,2,Debit Card,Pending,None,0,1,0,0,0,22.51,50.77,-11.08,0
RX00000652,2024-04-15,16:06:44,2024-02-26,12,30,Escitalopram,Rosuvastatin,17212-215-24,10mg,Syrup,127,10,254.57,3220.6,1250.82,40.43,Schedule III,PH0081,Pharmacist_59,RPH912311,OH,9,PHM0023,HealthPlus Pharmacy,Rite Aid,7799 Oak St,New York,OH,18427,(776) 896-6436,PHL19943,1371529741,FS5572351,DOC0055,Dr. Williams X,4376685680,AM6932416,MD893112,General Practice,2275 Medical Blvd,Houston,TX,56753,(290) 507-8104,12,PAT000090,18,M,79876,IL,Medicaid,INS78298,GRP8724,773346,PCN7903,29.84,3542.54,154.15,M79.7,Arthritis,Analgesic,Infection,01,259,-7,Electronic,Fax,90.02,39.47,494,743,261,0,0,86.71,2,9,3,Wednesday,Evening,0,0,1,Tier 2,0,3,Debit Card,Paid,88,0,0,1,1,1,7.27,24.71,-80.52,0
RX00000653,2024-02-14,13:54:58,2024-05-05,3,30,Losartan,Albuterol,51115-217-98,50mg,Tablet,170,85,287.51,206.24,94.92,16.92,Schedule IV,PH0122,Pharmacist_35,RPH338354,IL,30,PHM0050,CarePlus Pharmacy,Independent,8648 Park St,New York,CA,78784,(716) 347-2577,PHL16156,7181455152,FY1538882,DOC0439,Dr. Williams V,4308480918,AI3417547,MD486448,Dermatology,7276 Health Blvd,Houston,IL,63277,(689) 932-5089,9,PAT003058,52,Other,61424,FL,BlueCross BlueShield,INS73681,GRP1124,284565,PCN9975,63.42,966.2,376.27,M79.7,Diabetes,Analgesic,Preventive,00,184,-1,Written,Paper,19.4,5.88,437,862,163,1,0,63.65,4,6,6,Friday,Afternoon,1,0,1,Tier 2,0,2,Cash,Reversed,88,1,1,1,1,0,69.04,63.05,25.99,0
RX00000654,2024-04-06,11:09:04,2024-03-22,1,90,Oxycodone,Amlodipine,34722-851-14,50mg,Syrup,42,34,239.44,1633.43,949.93,48.09,Schedule V,PH0200,Pharmacist_89,RPH536521,TX,23,PHM0048,Corner Pharmacy,Independent,4740 Maple St,Houston,NY,43843,(225) 994-6066,PHL99783,4859946021,FM4619324,DOC0227,Dr. Smith N,8522019180,AY5829117,MD984292,Neurology,8077 Medical Blvd,New York,CA,38934,(424) 651-1260,17,PAT003611,52,M,25304,NY,BlueCross BlueShield,INS65795,GRP7466,122521,PCN7142,87.21,3407.03,13.07,M25.551,Asthma,Antibiotic,Acute Condition,04,3,18,Phone,Electronic,93.75,31.4,27,513,269,0,1,192.91,1,4,2,Monday,Night,1,0,0,Non-Formulary,1,1,Cash,Reversed,88,1,1,1,0,1,57.44,61.93,77.98,0
RX00000655,2025-11-05,16:23:50,2024-05-31,5,60,Methylprednisolone,Metformin,48169-806-59,50mg,Tablet,121,137,393.97,2926.9,4316.3,11.43,None,PH0185,Pharmacist_155,RPH993788,TX,10,PHM0026,Family Pharmacy,Independent,8015 Main St,Phoenix,FL,71647,(261) 881-8050,PHL76209,3038251028,FA2135789,DOC0423,Dr. Miller N,6410014366,AC5134725,MD329392,Orthopedics,5443 Medical Blvd,Phoenix,FL,37366,(459) 767-2475,15,PAT000149,22,F,99162,NY,Anthem,INS28822,GRP7094,773028,PCN7405,56.71,3006.91,122.88,N18.3,Asthma,Analgesic,Pain,02,284,20,Written,Fax,73.71,34.68,85,941,498,1,0,128.63,2,6,6,Monday,Morning,0,0,1,Tier 1,1,4,Insurance,Reversed,None,0,0,1,1,0,6.2,99.75,98.18,0
RX00000656,2024-05-27,13:55:03,2025-05-02,7,60,Morphine,Tramadol,36581-494-92,10mg,Capsule,96,26,142.81,3791.85,2971.64,37.25,None,PH0135,Pharmacist_155,RPH809543,CA,9,PHM0020,Central Drug Store,Independent,5471 Oak St,New York,NY,20580,(868) 840-4934,PHL37830,7641375099,FG1288280,DOC0174,Dr. Smith V,2659180311,AZ4941094,MD781450,Orthopedics,8384 Health Blvd,Phoenix,TX,70433,(432) 679-8563,24,PAT003569,55,Other,23482,CA,Medicaid,INS87371,GRP6046,487910,PCN3259,3.15,568.76,386.3,R51,Depression,Cardiovascular,Infection,03,197,-14,Electronic,Electronic,55.39,9.75,122,964,8,0,1,90.36,5,5,5,Tuesday,Afternoon,1,1,1,Tier 3,0,1,Check,Pending,None,1,0,0,1,0,67.01,14.79,76.2,0
RX00000657,2025-05-16,08:22:27,2025-09-10,12,90,Amlodipine,Lisinopril,20210-226-95,500mg,Capsule,136,45,471.0,3485.61,3908.51,23.92,Schedule V,PH0014,Pharmacist_131,RPH289173,PA,8,PHM0014,CarePlus Pharmacy,Walgreens,2982 Oak St,New York,OH,25360,(278) 306-9463,PHL86783,4138978721,FQ9087774,DOC0241,Dr. Jones S,1940356911,AB2060677,MD297387,General Practice,1450 Health Blvd,New York,NY,12343,(976) 722-3510,36,PAT004619,70,Other,97017,PA,Medicaid,INS93340,GRP2937,672103,PCN2953,26.6,917.68,158.9,J45.909,Asthma,Antidiabetic,Infection,04,127,26,Electronic,Electronic,73.48,18.18,278,538,55,1,1,181.93,5,9,6,Friday,Morning,1,1,1,Tier 1,0,2,Credit Card,Reversed,76,1,0,0,1,1,23.52,27.18,-45.33,0
RX00000658,2024-05-09,08:51:31,2024-12-04,4,30,Atorvastatin,Azithromycin,44552-667-84,250mg,Tablet,33,87,232.09,2709.0,2477.63,43.25,Schedule II,PH0103,Pharmacist_49,RPH778897,PA,7,PHM0022,Main Street Pharmacy,Independent,6516 Maple St,Phoenix,FL,64601,(893) 737-2747,PHL45802,8947001940,FK5650886,DOC0420,Dr. Williams H,7104787751,AS4158790,MD783585,Orthopedics,6925 Hospital Blvd,Los Angeles,TX,55165,(898) 655-1953,33,PAT000577,27,F,57102,OH,Self-Pay,INS59519,GRP7684,944314,PCN2423,95.23,1311.21,329.97,K21.9,Depression,Psychotherapeutic,Chronic Disease,04,30,3,Electronic,Fax,47.23,6.23,248,45,95,1,0,170.18,0,4,0,Tuesday,Afternoon,0,1,1,Tier 1,1,2,Check,Pending,76,0,0,1,0,1,68.64,28.87,-13.02,0
RX00000659,2023-12-21,18:25:46,2025-10-14,8,30,Escitalopram,Hydrochlorothiazide,52352-550-50,100mg,Injection,143,43,216.42,1075.89,1954.17,36.41,None,PH0163,Pharmacist_10,RPH631845,IL,31,PHM0015,Corner Pharmacy,Independent,3716 Washington St,Chicago,IL,14592,(676) 679-5505,PHL65545,9375748710,FG4274465,DOC0159,Dr. Williams A,8224403543,AB6376637,MD454381,Oncology,586 Medical Blvd,Los Angeles,NY,35518,(993) 497-4724,6,PAT003850,35,Other,73809,PA,Humana,INS91578,GRP7920,829274,PCN4671,9.66,4407.69,178.09,N18.3,Depression,Cardiovascular,Infection,03,63,22,Written,Electronic,28.84,16.65,267,865,263,1,0,114.44,3,3,2,Tuesday,Morning,0,1,1,Non-Formulary,1,4,Check,Pending,79,0,0,1,1,0,81.18,1.85,39.4,0
RX00000660,2025-02-13,08:05:49,2024-07-17,8,30,Hydrochlorothiazide,Methylprednisolone,67463-929-66,500mg,Syrup,37,150,455.52,4109.9,3100.56,10.69,None,PH0166,Pharmacist_92,RPH929754,PA,7,PHM0050,TrustedMeds,CVS,1902 Park St,Chicago,IL,32221,(957) 751-3297,PHL71195,6235239671,FG5414832,DOC0014,Dr. Brown H,6888942567,AX2751953,MD657837,General Practice,6684 Hospital Blvd,Chicago,TX,71933,(436) 677-5678,22,PAT003776,32,F,68609,NY,Medicare,INS44619,GRP8459,724389,PCN4311,12.39,3096.19,409.51,G89.29,Hypertension,Antidiabetic,Pain,01,126,-18,Fax,Fax,0.91,25.69,351,149,361,0,1,84.03,2,4,2,Sunday,Afternoon,1,0,1,Non-Formulary,0,2,Insurance,Pending,76,1,0,0,1,1,75.19,19.47,-51.29,1
RX00000661,2024-09-08,15:20:48,2025-01-07,4,90,Rosuvastatin,Hydrochlorothiazide,14912-963-11,50mg,Capsule,27,10,488.28,3915.58,2688.1,26.88,Schedule V,PH0133,Pharmacist_86,RPH581412,FL,1,PHM0005,Metro Pharmacy,Independent,6751 Washington St,Philadelphia,FL,67964,(786) 409-4068,PHL74672,6131129620,FU1537640,DOC0472,Dr. Miller Y,9158747775,AS9708183,MD726313,Cardiology,9389 Health Blvd,Phoenix,IL,92432,(387) 216-9189,37,PAT004191,48,Other,41891,IL,UnitedHealth,INS11726,GRP2771,893919,PCN4100,40.38,586.37,2.73,N18.3,Diabetes,Cardiovascular,Preventive,02,348,-21,Fax,Phone,24.31,38.79,247,293,495,1,1,172.45,3,3,2,Tuesday,Evening,0,1,1,Non-Formulary,1,4,Check,Pending,88,0,1,1,1,1,3.27,28.68,-98.52,0
RX00000662,2025-09-15,12:55:11,2023-12-27,4,30,Prednisone,Rosuvastatin,96432-626-17,10mg,Capsule,128,55,330.17,3041.64,2411.8,43.99,None,PH0189,Pharmacist_147,RPH522615,IL,27,PHM0021,QuickMeds,Rite Aid,3751 Park St,Philadelphia,TX,40631,(842) 676-6158,PHL24300,1648629662,FP3300855,DOC0019,Dr. Smith K,5499785681,AM1092262,MD285930,Orthopedics,2559 Clinic Blvd,Houston,CA,40266,(372) 856-2377,16,PAT001563,77,Other,12209,CA,Anthem,INS80442,GRP6059,110774,PCN7700,27.78,4494.18,286.17,M54.5,Asthma,Antibiotic,Chronic Disease,02,20,-2,Phone,Paper,4.98,39.02,444,779,214,0,0,149.27,5,8,2,Saturday,Afternoon,1,1,0,Tier 2,0,3,Insurance,Paid,88,1,1,1,0,1,79.11,12.12,-62.32,1
RX00000663,2024-07-17,10:11:10,2025-03-01,1,30,Prednisone,Tramadol,31635-862-83,50mg,Tablet,29,16,64.01,902.67,3951.89,12.11,None,PH0056,Pharmacist_146,RPH705721,PA,9,PHM0046,Express Meds,Independent,5255 Park St,New York,TX,34460,(706) 439-6192,PHL14747,1739012021,FD5509455,DOC0013,Dr. Miller Z,3652602906,AM2561928,MD154952,Neurology,9925 Clinic Blvd,Los Angeles,NY,22036,(200) 536-8854,33,PAT002435,40,Other,80806,CA,Humana,INS95584,GRP5043,766828,PCN6303,84.07,3202.63,309.51,F41.9,Hypertension,Psychotherapeutic,Preventive,03,310,20,Written,Fax,0.63,20.39,12,681,150,0,0,183.31,0,5,4,Sunday,Afternoon,0,1,1,Tier 1,0,2,Insurance,Paid,76,0,0,1,1,1,81.24,38.04,-70.87,1
RX00000664,2025-06-08,14:49:23,2025-07-25,10,90,Prednisone,Methylprednisolone,36814-724-68,20mg,Syrup,173,42,26.16,4993.75,1422.75,20.78,Schedule IV,PH0159,Pharmacist_184,RPH199178,OH,28,PHM0029,HealthPlus Pharmacy,Independent,2432 Washington St,Phoenix,TX,45527,(922) 219-2587,PHL39921,5388322751,FS8558810,DOC0343,Dr. Johnson K,4426632833,AH3769547,MD424530,Endocrinology,7548 Medical Blvd,Houston,NY,12142,(605) 769-7968,36,PAT004175,78,Other,67268,OH,UnitedHealth,INS85282,GRP3997,965490,PCN1995,71.16,4289.25,68.24,N18.3,Diabetes,Psychotherapeutic,Chronic Disease,02,23,-13,Written,Paper,63.22,20.23,48,439,315,1,1,126.38,2,10,0,Monday,Evening,1,0,0,Tier 3,1,4,Insurance,Paid,79,0,1,1,0,1,54.71,54.93,-43.36,0
RX00000665,2024-01-27,09:53:30,2025-07-24,9,30,Levothyroxine,Simvastatin,83845-625-22,50mg,Capsule,67,79,477.25,1803.1,867.72,18.4,Schedule II,PH0006,Pharmacist_157,RPH767785,NY,27,PHM0039,Central Drug Store,Rite Aid,8375 Park St,Philadelphia,NY,37441,(320) 251-3888,PHL16547,7456974803,FW3562753,DOC0039,Dr. Smith U,6855012429,AI6671065,MD744204,General Practice,259 Hospital Blvd,Chicago,TX,16789,(548) 750-6868,28,PAT002921,64,M,86536,OH,Medicare,INS43693,GRP4992,913966,PCN6663,94.31,1129.92,437.8,F33.1,Depression,Psychotherapeutic,Infection,00,303,-7,Electronic,Phone,30.18,18.33,482,618,339,0,0,143.96,4,3,1,Sunday,Morning,1,1,1,Tier 3,0,1,Check,Rejected,75,1,1,1,0,1,74.23,95.03,81.4,0
RX00000666,2025-01-26,18:21:01,2024-05-18,12,60,Montelukast,Albuterol,95492-790-58,500mg,Syrup,27,121,99.02,2769.63,762.31,35.16,None,PH0004,Pharmacist_185,RPH452767,PA,11,PHM0023,Metro Pharmacy,Independent,2789 Main St,New York,OH,76053,(805) 945-5625,PHL59957,1683917238,FD2401235,DOC0443,Dr. Brown M,6879127275,AH8146858,MD333399,Cardiology,892 Clinic Blvd,Los Angeles,NY,51909,(794) 241-2291,23,PAT003248,55,M,70090,PA,Kaiser Permanente,INS53190,GRP7608,694488,PCN5681,84.93,1190.87,194.95,N18.3,Arthritis,Analgesic,Chronic Disease,04,74,14,Phone,Fax,0.45,40.62,189,773,210,1,1,19.56,2,1,6,Monday,Night,1,1,1,Tier 3,1,3,Credit Card,Paid,79,0,0,1,1,1,74.14,50.88,-77.09,0
RX00000667,2025-05-04,17:56:11,2025-03-08,9,90,Clopidogrel,Atorvastatin,39700-418-46,20mg,Injection,163,54,251.87,1584.64,1554.25,13.35,Schedule V,PH0053,Pharmacist_128,RPH727563,OH,19,PHM0029,TrustedMeds,Rite Aid,4846 Main St,Houston,PA,38286,(428) 916-5051,PHL64356,1239657889,FB8881547,DOC0002,Dr. Jones N,7347385033,AY1756994,MD485554,Dermatology,4732 Clinic Blvd,New York,NY,53021,(760) 907-2635,28,PAT002970,57,Other,80797,PA,BlueCross BlueShield,INS92268,GRP7435,214397,PCN9376,84.61,1719.35,277.11,M25.551,Arthritis,Antidiabetic,Pain,04,342,-7,Fax,Fax,2.35,15.36,410,857,392,0,0,108.52,3,3,2,Wednesday,Afternoon,1,1,0,Tier 2,1,0,Check,Rejected,None,1,0,1,1,1,94.71,97.99,-16.24,1
RX00000668,2024-08-07,10:31:43,2024-08-01,12,30,Prednisone,Omeprazole,64200-482-67,100mg,Tablet,76,127,349.31,2062.1,3119.51,38.45,Schedule IV,PH0161,Pharmacist_31,RPH536914,TX,2,PHM0011,HealthPlus Pharmacy,CVS,6570 Main St,Philadelphia,PA,26669,(400) 461-5180,PHL54479,8417417986,FF5473912,DOC0020,Dr. Garcia I,5670102329,AN5544681,MD664152,Orthopedics,7025 Medical Blvd,Chicago,IL,93404,(274) 226-6573,31,PAT004202,27,Other,42015,NY,Medicaid,INS93598,GRP1277,614963,PCN1205,22.11,1075.51,57.93,K21.9,Arthritis,Antidiabetic,Pain,02,98,22,Phone,Electronic,3.9,26.69,169,89,293,0,1,56.64,0,6,6,Saturday,Afternoon,1,1,1,Tier 1,0,0,Cash,Paid,88,1,1,1,0,0,97.39,93.32,-89.0,1
RX00000669,2024-01-29,09:12:51,2025-12-17,6,30,Losartan,Hydrochlorothiazide,78966-457-34,250mg,Injection,32,171,404.57,3912.01,4200.59,18.08,Schedule V,PH0006,Pharmacist_132,RPH689201,CA,21,PHM0042,HealthPlus Pharmacy,Rite Aid,4393 Park St,Phoenix,PA,73543,(568) 742-5146,PHL17010,6021941858,FY5090725,DOC0009,Dr. Jones O,4256744288,AO4857756,MD454760,Pediatrics,4411 Clinic Blvd,Chicago,IL,90951,(223) 550-8170,13,PAT000510,33,Other,88701,TX,Aetna,INS61879,GRP2227,903610,PCN5542,70.01,3569.61,222.61,G89.29,Diabetes,Antibiotic,Chronic Disease,03,217,-16,Fax,Paper,2.09,2.45,57,142,299,0,1,146.35,1,7,6,Tuesday,Morning,1,0,0,Tier 2,1,3,Check,Rejected,79,1,1,0,0,0,72.23,32.93,-93.22,1
RX00000670,2025-05-29,13:25:11,2025-08-16,3,60,Omeprazole,Amlodipine,58448-557-21,20mg,Tablet,92,134,155.39,652.58,314.53,33.8,Schedule IV,PH0001,Pharmacist_98,RPH628711,NY,34,PHM0040,QuickMeds,Rite Aid,2280 Park St,Houston,CA,28615,(458) 578-7576,PHL50587,4278887364,FD1840675,DOC0159,Dr. Brown M,4014212366,AP1498382,MD115742,Endocrinology,6418 Medical Blvd,Phoenix,IL,67168,(676) 513-5323,15,PAT002646,46,F,57706,PA,Medicare,INS19307,GRP7659,835069,PCN2851,94.02,1632.08,325.15,M25.551,Arthritis,Analgesic,Infection,03,9,-4,Written,Electronic,42.9,37.54,345,81,61,0,0,102.35,1,1,2,Tuesday,Morning,0,1,1,Tier 2,1,4,Credit Card,Reversed,75,0,0,1,0,0,99.51,34.26,-58.55,0
RX00000671,2024-06-29,08:17:08,2025-02-25,8,60,Lisinopril,Azithromycin,20060-775-65,250mg,Cream,67,159,80.42,4068.47,3947.46,40.54,Schedule IV,PH0127,Pharmacist_141,RPH462983,IL,29,PHM0015,HealthPlus Pharmacy,CVS,4431 Washington St,Houston,FL,66162,(953) 608-9699,PHL26869,3644590514,FB1441766,DOC0086,Dr. Garcia P,6191620766,AA5027565,MD629602,Internal Medicine,8195 Clinic Blvd,Houston,TX,40435,(719) 879-6597,2,PAT004300,84,M,58761,PA,Medicare,INS14013,GRP5628,378553,PCN6522,78.08,1141.73,279.0,E78.5,Asthma,Psychotherapeutic,Acute Condition,02,88,-24,Written,Phone,71.94,11.75,279,46,204,1,1,35.86,5,7,4,Saturday,Afternoon,0,0,1,Tier 1,0,3,Credit Card,Rejected,88,0,1,1,1,1,14.58,78.35,91.37,0
RX00000672,2024-10-25,13:18:47,2024-06-30,10,90,Hydrochlorothiazide,Azithromycin,35831-798-37,250mg,Tablet,103,65,464.95,2060.86,1136.73,40.55,None,PH0177,Pharmacist_100,RPH619472,IL,3,PHM0017,City Pharmacy,Rite Aid,9178 Main St,Chicago,PA,99809,(919) 517-5102,PHL55616,4380978827,FS3877641,DOC0381,Dr. Williams Q,5756897700,AR1111673,MD685558,Internal Medicine,4341 Clinic Blvd,Phoenix,NY,22676,(866) 718-4316,7,PAT000326,62,Other,72980,FL,Medicaid,INS62402,GRP5210,941868,PCN7224,6.55,4200.31,422.8,K21.9,Depression,Antidiabetic,Pain,02,53,12,Fax,Fax,59.04,38.17,495,964,92,0,0,9.92,2,6,6,Tuesday,Afternoon,1,0,1,Non-Formulary,0,0,Cash,Pending,79,1,1,0,1,1,47.91,55.16,-16.18,0
RX00000673,2025-09-13,09:40:43,2025-07-03,4,60,Albuterol,Clopidogrel,20752-466-45,100mg,Cream,157,139,428.9,1499.07,1198.43,36.97,Schedule V,PH0174,Pharmacist_90,RPH169547,IL,27,PHM0033,Family Pharmacy,CVS,2699 Washington St,Philadelphia,FL,28497,(745) 802-1954,PHL76983,6237562385,FD1463623,DOC0130,Dr. Williams S,2798664317,AF4310664,MD336839,Endocrinology,8449 Medical Blvd,Chicago,FL,42178,(355) 702-4005,9,PAT002234,42,Other,74151,TX,Medicaid,INS22828,GRP2681,546707,PCN3195,34.39,1757.48,372.26,M25.551,Arthritis,Cardiovascular,Preventive,02,36,-23,Electronic,Fax,21.97,22.13,428,123,429,1,0,-13.7,0,5,3,Friday,Morning,1,0,1,Non-Formulary,0,0,Check,Paid,88,0,0,1,1,0,77.89,83.73,-13.26,0
RX00000674,2024-06-13,17:29:18,2024-03-11,10,30,Sertraline,Azithromycin,50027-162-75,50mg,Cream,84,50,423.68,1504.73,3427.21,33.28,Schedule V,PH0046,Pharmacist_129,RPH619424,FL,30,PHM0043,Community Health Pharmacy,Walgreens,7202 Washington St,Chicago,NY,78253,(619) 618-9470,PHL19986,3772123043,FY3182864,DOC0044,Dr. Garcia J,4506180716,AZ4353788,MD878934,Dermatology,8102 Hospital Blvd,Los Angeles,NY,61807,(874) 510-1850,34,PAT000792,56,F,47558,IL,Self-Pay,INS17883,GRP3389,125057,PCN9534,29.66,3583.09,116.82,R51,Asthma,Cardiovascular,Preventive,01,47,-10,Fax,Fax,22.55,40.87,132,722,262,1,0,115.42,4,6,1,Sunday,Afternoon,0,1,0,Non-Formulary,0,0,Insurance,Paid,79,0,1,1,1,0,88.69,90.43,-86.86,0
RX00000675,2024-09-04,14:51:09,2024-04-05,2,90,Ibuprofen,Clopidogrel,64873-458-43,50mg,Injection,174,173,210.56,2481.97,4150.87,24.82,None,PH0113,Pharmacist_13,RPH170371,OH,4,PHM0037,CarePlus Pharmacy,Walgreens,6081 Washington St,Chicago,NY,76537,(741) 943-3115,PHL54914,6179168879,FC2725109,DOC0085,Dr. Brown U,4309095991,AV6879519,MD995189,Psychiatry,1851 Medical Blvd,Houston,IL,20601,(713) 773-8990,22,PAT004137,29,F,82070,IL,UnitedHealth,INS79269,GRP8034,245758,PCN4864,60.2,2099.24,133.66,G89.29,Arthritis,Cardiovascular,Preventive,02,244,-25,Electronic,Fax,15.44,49.34,450,182,77,0,0,22.61,0,0,4,Thursday,Morning,1,0,1,Tier 3,1,4,Credit Card,Paid,None,0,1,0,1,0,35.28,92.62,-39.48,0
RX00000676,2025-06-26,11:30:50,2024-07-20,3,60,Azithromycin,Clopidogrel,28070-342-24,500mg,Syrup,130,11,499.76,4858.12,1775.0,5.81,Schedule III,PH0105,Pharmacist_181,RPH835747,NY,9,PHM0026,MediCare Drug Store,Rite Aid,9733 Oak St,Los Angeles,FL,27567,(253) 296-4802,PHL47893,5731882661,FW9546989,DOC0322,Dr. Miller P,2877502900,AA3470148,MD839091,Endocrinology,8300 Health Blvd,Los Angeles,IL,24361,(283) 764-1292,13,PAT000981,68,Other,78251,IL,Kaiser Permanente,INS35178,GRP6975,718536,PCN2130,19.19,1571.16,252.29,J45.909,Arthritis,Analgesic,Acute Condition,02,228,3,Phone,Phone,86.07,16.63,318,916,27,0,1,108.35,4,1,3,Tuesday,Morning,1,0,0,Tier 2,0,1,Check,Rejected,79,1,1,0,0,1,14.17,4.95,84.55,0
RX00000677,2025-06-16,12:07:58,2025-05-28,6,90,Ibuprofen,Escitalopram,14484-915-30,500mg,Syrup,159,167,474.57,1394.33,477.64,36.05,None,PH0121,Pharmacist_142,RPH581425,IL,27,PHM0032,HealthPlus Pharmacy,Walgreens,3437 Washington St,New York,CA,46169,(994) 520-5977,PHL54805,2211022892,FP7203126,DOC0010,Dr. Johnson O,6216726786,AG3788035,MD515751,Endocrinology,5757 Hospital Blvd,Houston,NY,43515,(519) 480-8803,8,PAT001339,38,F,87539,TX,UnitedHealth,INS48024,GRP4967,536563,PCN3657,92.45,209.3,289.9,F33.1,Diabetes,Antibiotic,Preventive,02,120,25,Electronic,Electronic,2.48,6.81,249,934,271,0,1,102.78,1,8,7,Monday,Night,1,0,0,Tier 2,1,2,Check,Reversed,79,0,1,0,1,1,90.68,60.86,-47.42,1
RX00000678,2024-08-11,17:18:01,2025-01-19,0,90,Tramadol,Losartan,23553-441-84,50mg,Cream,13,114,380.79,1220.21,1488.78,33.51,Schedule II,PH0119,Pharmacist_3,RPH503958,CA,2,PHM0043,QuickMeds,Walgreens,748 Main St,Phoenix,CA,73630,(307) 834-6952,PHL42064,2893370748,FR2612030,DOC0011,Dr. Brown P,2125663333,AR9799137,MD426602,Internal Medicine,9560 Health Blvd,Chicago,NY,19818,(896) 936-2924,24,PAT002380,59,Other,18399,FL,Humana,INS38122,GRP4997,823197,PCN9662,13.04,2405.49,192.87,F33.1,Arthritis,Cardiovascular,Pain,04,233,-14,Written,Fax,0.21,27.62,71,788,157,1,1,150.08,3,1,8,Friday,Night,0,0,0,Non-Formulary,1,2,Debit Card,Reversed,None,1,1,1,0,0,86.37,83.57,-92.6,1
RX00000679,2025-11-28,14:41:27,2024-08-08,2,90,Rosuvastatin,Amlodipine,64622-898-20,250mg,Syrup,31,17,91.19,2520.65,3003.69,46.57,Schedule V,PH0104,Pharmacist_52,RPH856900,OH,33,PHM0044,Metro Pharmacy,Independent,2994 Washington St,Chicago,OH,88157,(870) 954-3517,PHL83291,1234251705,FC6813088,DOC0125,Dr. Smith U,4823064085,AF8228132,MD430737,General Practice,1494 Health Blvd,Houston,NY,86226,(860) 861-4023,23,PAT003836,85,M,65603,NY,Anthem,INS79627,GRP2754,233635,PCN4645,1.74,3107.77,74.25,E78.5,Diabetes,Antidiabetic,Pain,00,35,10,Written,Electronic,40.84,44.44,470,924,82,0,0,50.46,3,3,8,Friday,Morning,0,0,0,Tier 1,0,2,Cash,Reversed,76,0,0,0,0,0,16.41,44.29,27.75,0
RX00000680,2024-05-09,09:04:38,2024-03-17,11,60,Lisinopril,Losartan,76119-128-75,50mg,Tablet,31,26,418.63,4262.6,3950.01,6.05,Schedule III,PH0028,Pharmacist_43,RPH966418,NY,22,PHM0004,CarePlus Pharmacy,Independent,1960 Oak St,Phoenix,FL,53450,(261) 733-3977,PHL61810,1178443060,FS1922485,DOC0485,Dr. Jones P,5330521413,AT2588809,MD398057,Endocrinology,4042 Health Blvd,New York,IL,22222,(232) 482-7060,8,PAT002483,33,F,59995,PA,Medicaid,INS75757,GRP2980,925923,PCN9107,31.81,1842.94,21.07,E78.5,Asthma,Analgesic,Chronic Disease,04,122,-9,Written,Paper,70.42,23.43,449,234,24,1,0,-41.39,2,7,0,Wednesday,Afternoon,0,0,1,Non-Formulary,1,0,Check,Paid,79,0,1,1,0,1,72.54,93.01,-45.97,0
RX00000681,2024-09-15,15:05:30,2025-11-27,7,60,Sertraline,Escitalopram,65866-543-26,100mg,Tablet,24,109,52.15,178.28,780.59,39.26,Schedule II,PH0006,Pharmacist_122,RPH316797,PA,23,PHM0015,Express Meds,Independent,6498 Park St,Los Angeles,OH,75615,(267) 529-8649,PHL80302,1090870317,FX8833923,DOC0012,Dr. Miller U,9092358451,AT1011291,MD165113,General Practice,5303 Hospital Blvd,Chicago,FL,52895,(522) 262-8188,20,PAT004300,30,F,49209,TX,Cigna,INS87427,GRP5295,394343,PCN7729,74.53,756.65,199.43,K21.9,Diabetes,Psychotherapeutic,Chronic Disease,00,299,14,Written,Paper,0.59,26.76,473,239,359,0,1,105.67,5,9,4,Monday,Evening,1,0,0,Non-Formulary,1,3,Debit Card,Paid,75,1,1,0,1,0,86.58,5.84,-58.99,1
RX00000682,2024-09-04,18:45:33,2024-03-04,9,30,Methylprednisolone,Amlodipine,17658-688-17,100mg,Injection,46,91,277.33,252.73,3562.11,32.27,None,PH0107,Pharmacist_48,RPH764163,TX,2,PHM0038,TrustedMeds,Walgreens,6789 Washington St,Philadelphia,FL,10490,(542) 201-7820,PHL77751,3435479320,FZ4063350,DOC0016,Dr. Miller L,8477377913,AX3624423,MD630097,General Practice,9882 Health Blvd,Los Angeles,FL,93651,(772) 469-1418,29,PAT000091,51,M,86218,CA,Aetna,INS45158,GRP2976,530242,PCN2706,49.58,4494.4,95.42,M79.7,Asthma,Antidiabetic,Infection,00,290,24,Written,Phone,2.75,45.04,415,861,134,0,0,148.77,0,10,2,Wednesday,Morning,1,1,1,Tier 1,1,4,Credit Card,Pending,None,0,0,0,0,1,94.02,97.02,50.87,1
RX00000683,2024-12-19,08:13:52,2024-08-23,1,60,Oxycodone,Tramadol,14065-110-71,50mg,Cream,141,66,445.6,753.33,2422.93,42.19,None,PH0037,Pharmacist_9,RPH251475,PA,7,PHM0021,City Pharmacy,CVS,6727 Oak St,New York,FL,96421,(895) 996-7972,PHL99817,8776591457,FK8758616,DOC0384,Dr. Smith X,9541566372,AE7163659,MD116477,Cardiology,7247 Health Blvd,Los Angeles,FL,54921,(727) 659-5275,38,PAT001213,44,M,92917,TX,UnitedHealth,INS24430,GRP1130,763557,PCN2284,80.65,2306.54,39.17,M54.5,Depression,Antidiabetic,Pain,04,30,7,Phone,Fax,85.52,21.32,57,496,429,1,1,178.23,4,8,1,Friday,Afternoon,1,1,0,Non-Formulary,0,3,Insurance,Rejected,76,1,0,1,1,1,48.85,57.37,21.89,0
RX00000684,2025-10-22,16:12:17,2024-02-12,4,60,Omeprazole,Gabapentin,18051-287-76,250mg,Syrup,90,161,297.38,433.67,2302.94,25.36,Schedule IV,PH0081,Pharmacist_112,RPH496266,PA,16,PHM0021,Corner Pharmacy,Rite Aid,9632 Main St,Los Angeles,OH,76525,(270) 751-7948,PHL78132,1867095428,FB1160061,DOC0266,Dr. Brown X,6982112058,AJ4914713,MD566531,Cardiology,1829 Medical Blvd,Los Angeles,FL,87978,(799) 383-9602,39,PAT003761,35,M,44364,IL,Medicare,INS63409,GRP2476,740482,PCN4589,31.03,2407.28,237.13,J45.909,Arthritis,Cardiovascular,Pain,01,52,-29,Fax,Paper,89.23,13.13,102,82,81,0,1,16.51,3,1,8,Tuesday,Night,1,0,0,Non-Formulary,0,0,Debit Card,Pending,79,1,1,1,1,1,83.6,54.17,-93.5,0
RX00000685,2024-09-14,11:27:19,2024-12-14,6,60,Metformin,Levothyroxine,20315-819-30,50mg,Cream,151,124,216.58,4459.72,341.1,20.83,Schedule II,PH0032,Pharmacist_174,RPH360084,CA,6,PHM0016,HealthPlus Pharmacy,Independent,6301 Park St,Los Angeles,OH,87448,(918) 248-3765,PHL75758,7232838442,FP3960300,DOC0019,Dr. Johnson Y,5365211385,AZ2413418,MD907521,Neurology,3628 Clinic Blvd,New York,NY,34760,(616) 622-9509,38,PAT002355,54,Other,28450,FL,Medicaid,INS36944,GRP7985,598735,PCN8885,27.91,2206.58,84.61,F41.9,Depression,Antidiabetic,Pain,04,169,30,Electronic,Phone,4.15,28.33,481,446,430,1,1,90.05,1,7,6,Monday,Evening,0,0,0,Non-Formulary,1,0,Debit Card,Paid,79,1,1,1,0,0,71.87,58.26,-57.36,1
RX00000686,2024-02-16,13:20:46,2023-12-24,4,60,Lisinopril,Levothyroxine,16507-137-66,20mg,Tablet,108,152,21.79,228.1,3564.43,13.16,Schedule II,PH0063,Pharmacist_159,RPH765265,IL,31,PHM0041,Express Meds,Rite Aid,6518 Washington St,Chicago,NY,26667,(838) 781-9788,PHL39101,3480489826,FR9060110,DOC0160,Dr. Garcia K,5515059702,AQ9882365,MD415225,Neurology,9664 Clinic Blvd,Phoenix,NY,46131,(627) 502-2888,5,PAT004334,84,M,40451,PA,Humana,INS62605,GRP8402,147877,PCN1294,42.27,3380.13,300.98,G89.29,Depression,Antidiabetic,Infection,04,37,-29,Fax,Paper,31.1,24.96,3,953,20,1,0,96.23,0,8,5,Monday,Afternoon,0,1,0,Non-Formulary,0,2,Insurance,Pending,76,1,1,1,0,0,90.3,47.6,94.85,0
RX00000687,2024-04-23,18:15:20,2024-09-16,8,30,Hydrochlorothiazide,Metformin,29831-583-72,10mg,Tablet,102,71,97.19,4393.22,2229.55,46.69,Schedule V,PH0062,Pharmacist_151,RPH276604,IL,8,PHM0010,Prime Pharmacy,CVS,8328 Main St,Philadelphia,CA,95971,(766) 702-5554,PHL95552,4417580665,FB9317175,DOC0052,Dr. Williams H,4237354276,AM3760397,MD662660,Pediatrics,3572 Hospital Blvd,Los Angeles,FL,60390,(242) 944-4489,21,PAT003089,78,M,87702,TX,Humana,INS29073,GRP5681,958743,PCN8884,17.22,622.84,451.4,F41.9,Arthritis,Analgesic,Preventive,01,328,-15,Phone,Phone,36.67,37.36,82,648,4,1,0,-43.86,5,10,3,Tuesday,Afternoon,0,1,1,Non-Formulary,0,3,Credit Card,Rejected,76,1,0,1,0,0,7.22,62.32,61.02,0
RX00000688,2024-05-11,10:18:46,2024-02-14,2,60,Lisinopril,Levothyroxine,88585-547-38,50mg,Cream,136,104,80.89,2568.63,2289.73,11.7,Schedule V,PH0057,Pharmacist_151,RPH613882,OH,17,PHM0040,MediCare Drug Store,Independent,691 Main St,Phoenix,NY,90085,(436) 617-8253,PHL67517,7586776214,FC5623622,DOC0377,Dr. Williams K,6633626113,AI6132415,MD247734,Endocrinology,7690 Hospital Blvd,Houston,NY,66146,(775) 392-3680,15,PAT001673,50,Other,37944,NY,Medicare,INS98266,GRP6783,489981,PCN8330,63.79,3823.0,433.01,M79.7,Asthma,Antibiotic,Pain,01,304,-18,Written,Electronic,75.18,43.26,500,399,374,1,0,129.58,0,2,6,Wednesday,Evening,1,1,1,Tier 3,1,0,Credit Card,Reversed,None,1,0,1,0,0,79.29,90.83,57.85,0
RX00000689,2025-12-03,09:13:21,2024-06-04,4,30,Morphine,Morphine,17213-823-41,500mg,Syrup,31,29,447.73,2211.16,3698.92,11.25,Schedule II,PH0034,Pharmacist_9,RPH187054,FL,15,PHM0035,TrustedMeds,CVS,2165 Washington St,New York,OH,62010,(751) 603-7780,PHL65207,1989401796,FY9063349,DOC0012,Dr. Smith T,8967117616,AK8200846,MD687946,Neurology,9539 Hospital Blvd,Phoenix,IL,53518,(787) 282-2415,2,PAT001055,85,F,86264,PA,Cigna,INS78946,GRP4113,435367,PCN1232,81.55,1101.69,466.83,E78.5,Diabetes,Analgesic,Preventive,03,310,-12,Fax,Paper,3.3,43.64,339,129,185,0,0,105.79,1,0,6,Sunday,Evening,0,0,0,Tier 2,1,4,Insurance,Paid,88,1,1,1,0,0,93.17,33.9,98.93,1
RX00000690,2025-01-13,17:55:09,2025-06-07,9,60,Morphine,Sertraline,87977-583-81,20mg,Injection,159,14,26.36,83.73,1271.74,5.14,Schedule II,PH0042,Pharmacist_107,RPH142013,PA,1,PHM0034,Prime Pharmacy,Independent,8805 Maple St,Philadelphia,NY,83820,(282) 406-5380,PHL91216,2973606864,FD1359950,DOC0445,Dr. Williams G,1951997128,AY3700781,MD753427,Cardiology,5195 Clinic Blvd,Los Angeles,IL,28982,(443) 955-7896,8,PAT003534,22,M,12734,PA,Self-Pay,INS74492,GRP3429,882341,PCN4388,71.24,771.38,63.2,N18.3,Hypertension,Cardiovascular,Pain,02,50,-30,Fax,Electronic,25.29,42.58,307,502,396,1,1,53.21,5,0,4,Saturday,Afternoon,0,1,1,Non-Formulary,1,1,Insurance,Paid,None,1,1,0,0,1,66.88,13.96,82.96,0
RX00000691,2024-08-14,10:41:43,2024-12-31,0,60,Simvastatin,Atorvastatin,35696-333-26,100mg,Syrup,20,158,331.23,4537.56,3681.39,46.42,Schedule V,PH0057,Pharmacist_22,RPH619643,OH,19,PHM0048,TrustedMeds,Independent,3608 Washington St,New York,OH,19635,(607) 283-8147,PHL77168,2646992876,FX1519253,DOC0401,Dr. Brown G,2997796080,AE6303618,MD604416,Oncology,9033 Clinic Blvd,Phoenix,NY,62802,(413) 814-2948,29,PAT000268,31,M,77284,IL,Medicaid,INS81464,GRP2669,106189,PCN3352,56.9,3706.44,277.59,J44.9,Diabetes,Analgesic,Infection,02,271,-3,Phone,Paper,8.04,13.75,443,146,122,0,0,172.17,2,2,2,Thursday,Evening,0,0,0,Tier 3,1,1,Cash,Paid,76,1,1,1,1,1,16.44,42.12,45.6,0
RX00000692,2025-02-14,10:07:01,2024-06-14,4,30,Ciprofloxacin,Albuterol,77103-676-35,500mg,Cream,16,73,352.67,2182.0,1856.55,22.54,Schedule V,PH0003,Pharmacist_197,RPH257295,OH,26,PHM0043,Community Health Pharmacy,Independent,7890 Maple St,Philadelphia,IL,55292,(313) 844-2683,PHL68380,2834062946,FE5703160,DOC0344,Dr. Brown Z,7664466779,AZ8652851,MD496414,Psychiatry,5049 Health Blvd,Phoenix,NY,66755,(576) 812-1657,12,PAT004507,38,F,69630,PA,Humana,INS63816,GRP5550,849989,PCN9925,18.33,3212.7,401.7,M79.7,Arthritis,Analgesic,Chronic Disease,02,231,12,Phone,Electronic,12.51,2.49,99,503,77,1,0,14.52,2,2,8,Monday,Afternoon,1,0,1,Tier 2,0,2,Debit Card,Pending,75,1,0,0,1,0,35.72,98.05,61.96,0
RX00000693,2025-11-06,08:09:46,2025-10-31,3,30,Gabapentin,Omeprazole,36315-149-72,100mg,Cream,14,17,318.55,659.56,404.86,21.22,Schedule II,PH0047,Pharmacist_64,RPH627033,IL,20,PHM0004,Family Pharmacy,Independent,5651 Maple St,Chicago,CA,66265,(365) 697-3011,PHL83028,1530140828,FM4353330,DOC0089,Dr. Smith T,7590598737,AJ5625504,MD882058,General Practice,982 Health Blvd,Houston,FL,59988,(477) 922-8092,9,PAT000270,71,F,18231,FL,Kaiser Permanente,INS21191,GRP3168,520756,PCN6230,87.01,1125.32,238.22,M54.5,Arthritis,Cardiovascular,Chronic Disease,01,332,-26,Electronic,Electronic,57.28,18.23,121,569,407,1,1,-1.78,4,7,0,Sunday,Morning,0,1,1,Tier 3,0,3,Check,Rejected,76,1,1,0,0,0,49.5,18.62,77.49,0
RX00000694,2024-11-13,10:00:13,2024-08-02,6,30,Atorvastatin,Azithromycin,15114-745-73,10mg,Injection,73,130,119.04,1984.07,3723.7,6.95,None,PH0112,Pharmacist_156,RPH773951,FL,28,PHM0002,QuickMeds,Rite Aid,331 Maple St,Houston,PA,66566,(222) 245-6515,PHL53940,9868304865,FS5673495,DOC0351,Dr. Jones G,9500372322,AI2132804,MD784719,Psychiatry,1499 Clinic Blvd,Phoenix,CA,34475,(772) 649-3492,27,PAT001417,35,F,54082,TX,Medicare,INS49930,GRP2758,750085,PCN5274,71.91,4487.5,478.67,E11.9,Asthma,Psychotherapeutic,Pain,03,196,-29,Phone,Fax,21.5,11.72,7,597,496,0,1,-38.33,0,6,3,Monday,Afternoon,0,0,1,Tier 2,1,2,Cash,Paid,76,0,0,0,1,1,94.12,27.74,62.9,0
RX00000695,2025-01-18,10:40:32,2024-10-27,8,30,Losartan,Ciprofloxacin,24327-470-62,100mg,Syrup,176,14,315.23,3458.18,2646.34,30.7,Schedule IV,PH0168,Pharmacist_178,RPH740197,PA,2,PHM0028,Family Pharmacy,Independent,8991 Main St,Los Angeles,TX,67625,(263) 602-1502,PHL30356,5930147081,FR8346426,DOC0069,Dr. Smith J,3044226851,AN9190563,MD466352,Endocrinology,6531 Clinic Blvd,New York,CA,98342,(874) 219-3991,8,PAT004663,75,Other,68426,OH,Anthem,INS49771,GRP8289,107341,PCN6083,68.96,1843.37,14.36,K21.9,Depression,Antidiabetic,Pain,01,158,-3,Fax,Paper,27.41,16.68,298,356,154,0,0,177.62,2,1,6,Sunday,Afternoon,0,0,1,Tier 1,1,1,Cash,Pending,79,1,1,1,1,0,58.51,21.05,92.1,0
RX00000696,2025-01-10,18:35:02,2025-11-07,11,90,Azithromycin,Atorvastatin,69005-932-27,250mg,Tablet,124,36,133.68,537.0,496.03,13.13,None,PH0089,Pharmacist_134,RPH626542,PA,33,PHM0019,HealthPlus Pharmacy,Independent,9659 Oak St,Houston,PA,92917,(938) 372-7145,PHL92597,3990638222,FC4717790,DOC0009,Dr. Garcia J,7808101225,AN1461093,MD588785,General Practice,1229 Hospital Blvd,Phoenix,TX,26779,(311) 803-4869,35,PAT002807,38,M,31774,IL,Cigna,INS25942,GRP2073,426212,PCN4034,84.85,356.93,181.24,F41.9,Arthritis,Psychotherapeutic,Acute Condition,00,131,25,Phone,Electronic,3.7,39.55,364,956,428,0,0,84.79,3,10,0,Wednesday,Afternoon,1,1,0,Tier 2,1,2,Insurance,Rejected,88,0,1,1,0,0,78.25,0.34,-41.48,1
RX00000697,2025-12-16,08:37:10,2025-10-28,12,30,Albuterol,Albuterol,73706-162-63,500mg,Cream,170,149,98.95,3756.19,669.21,17.22,None,PH0030,Pharmacist_97,RPH281204,OH,33,PHM0002,Corner Pharmacy,Independent,6907 Park St,New York,FL,41707,(375) 731-2715,PHL85265,4096091797,FO9233816,DOC0155,Dr. Johnson C,5374418515,AN6875496,MD774250,Cardiology,5576 Health Blvd,Chicago,TX,40584,(486) 223-1822,10,PAT003568,81,M,64007,CA,Medicare,INS27669,GRP8493,566603,PCN6202,23.4,2748.05,283.13,E78.5,Depression,Analgesic,Pain,03,48,23,Written,Fax,28.18,29.57,57,905,230,1,0,60.46,5,1,8,Wednesday,Afternoon,0,0,0,Tier 3,1,4,Cash,Rejected,88,1,1,1,1,0,41.46,40.77,-17.78,0
RX00000698,2024-05-12,10:03:59,2024-08-21,3,60,Albuterol,Tramadol,67234-511-51,50mg,Injection,39,165,168.31,4763.16,2173.99,30.52,Schedule II,PH0068,Pharmacist_18,RPH784877,NY,35,PHM0027,Express Meds,Walgreens,1276 Washington St,Houston,FL,98919,(874) 857-4769,PHL95022,3050729942,FZ9137831,DOC0018,Dr. Johnson L,5417027790,AG6776060,MD742205,Dermatology,2082 Hospital Blvd,New York,TX,19737,(878) 247-1496,39,PAT004903,31,M,91878,OH,Self-Pay,INS79081,GRP3977,862783,PCN5478,52.28,4292.74,46.98,J45.909,Hypertension,Cardiovascular,Pain,01,167,28,Written,Fax,0.34,23.31,353,88,337,0,0,174.64,1,0,4,Saturday,Evening,0,1,1,Non-Formulary,0,4,Credit Card,Pending,75,1,1,1,0,1,71.09,38.43,65.43,1
RX00000699,2025-06-02,15:49:55,2024-01-22,5,60,Morphine,Ibuprofen,77912-171-52,10mg,Cream,13,126,247.76,4380.37,1022.43,39.69,Schedule V,PH0048,Pharmacist_106,RPH166903,TX,20,PHM0026,Community Health Pharmacy,Walgreens,5922 Maple St,Houston,TX,39118,(268) 263-1719,PHL27815,9553192931,FN8439666,DOC0390,Dr. Williams F,7332490738,AO2187886,MD386700,General Practice,9854 Medical Blvd,Los Angeles,TX,55835,(334) 834-2600,26,PAT002828,43,Other,74957,IL,Humana,INS46122,GRP8396,363722,PCN1159,6.57,4140.36,441.03,G89.29,Arthritis,Antidiabetic,Preventive,02,295,22,Phone,Fax,86.75,40.13,185,263,24,1,0,8.27,4,3,2,Wednesday,Morning,0,0,0,Tier 1,0,1,Check,Pending,75,1,0,1,0,0,0.91,4.77,67.68,0
RX00000700,2025-10-24,08:56:36,2025-02-14,0,30,Montelukast,Escitalopram,44107-738-91,10mg,Cream,54,140,101.71,1485.76,1668.57,9.36,None,PH0152,Pharmacist_184,RPH547459,PA,29,PHM0002,City Pharmacy,CVS,4951 Park St,New York,CA,64274,(791) 823-4657,PHL49128,8393801358,FU8600108,DOC0313,Dr. Brown N,9399876938,AI7530811,MD562365,Endocrinology,3523 Medical Blvd,Houston,NY,25456,(984) 952-8956,36,PAT001439,27,Other,86798,PA,Aetna,INS73407,GRP1457,848822,PCN1910,40.44,2308.4,126.47,M25.551,Arthritis,Antibiotic,Infection,04,255,30,Phone,Phone,13.13,18.35,227,956,59,1,0,122.59,5,5,8,Sunday,Night,0,0,0,Tier 1,0,2,Credit Card,Rejected,76,1,1,1,1,1,30.86,79.33,83.37,0
RX00000701,2024-12-03,14:04:12,2024-10-16,8,30,Amlodipine,Amlodipine,96704-842-28,250mg,Tablet,84,120,2.41,2591.87,1321.55,35.73,Schedule IV,PH0077,Pharmacist_9,RPH593029,NY,19,PHM0050,MediCare Drug Store,Independent,851 Main St,Phoenix,FL,91796,(836) 819-8917,PHL23415,9685140239,FZ5262610,DOC0135,Dr. Jones C,5980972370,AO2777769,MD175845,Oncology,2756 Health Blvd,Chicago,CA,71050,(849) 950-4349,28,PAT000679,48,M,14654,TX,BlueCross BlueShield,INS62133,GRP5094,912365,PCN3667,83.96,872.84,85.95,G89.29,Hypertension,Psychotherapeutic,Acute Condition,04,318,29,Written,Electronic,53.69,39.49,109,27,105,1,0,168.33,3,6,1,Sunday,Night,1,0,1,Non-Formulary,1,4,Insurance,Reversed,75,1,1,1,0,1,16.4,6.41,59.0,0
RX00000702,2025-08-29,10:28:04,2024-02-06,11,30,Metformin,Sertraline,26165-891-89,100mg,Tablet,165,113,377.42,2298.91,496.1,24.3,Schedule II,PH0065,Pharmacist_146,RPH751202,NY,17,PHM0010,TrustedMeds,Rite Aid,8098 Park St,Houston,PA,22092,(658) 712-5583,PHL11224,6686734743,FR6848260,DOC0012,Dr. Garcia D,1549965641,AN2776203,MD232804,Psychiatry,8494 Health Blvd,Los Angeles,FL,11655,(308) 476-5361,40,PAT004115,76,F,23269,PA,Kaiser Permanente,INS78991,GRP3056,896243,PCN9071,55.48,441.44,364.62,J45.909,Depression,Psychotherapeutic,Preventive,01,110,15,Written,Fax,1.15,44.38,341,593,121,0,1,74.24,4,6,4,Tuesday,Morning,1,0,0,Tier 2,1,0,Insurance,Paid,75,0,1,1,1,1,71.63,65.83,-29.72,1
RX00000703,2024-03-17,15:14:51,2025-07-13,6,60,Levothyroxine,Clopidogrel,96568-525-67,100mg,Capsule,17,32,131.43,673.48,913.62,34.64,Schedule IV,PH0173,Pharmacist_158,RPH806654,TX,16,PHM0019,Corner Pharmacy,Independent,7599 Main St,Philadelphia,PA,63227,(345) 985-8950,PHL62541,7167549284,FP9867053,DOC0429,Dr. Garcia W,2865100470,AU6290953,MD502543,Pediatrics,2028 Hospital Blvd,New York,CA,62538,(611) 602-1726,10,PAT004064,36,Other,49806,TX,UnitedHealth,INS36515,GRP6811,530601,PCN1104,60.1,234.47,328.61,F33.1,Asthma,Cardiovascular,Acute Condition,04,36,-27,Fax,Phone,49.14,43.29,427,763,359,1,0,128.84,1,10,6,Sunday,Afternoon,0,1,0,Tier 2,1,2,Insurance,Pending,76,0,0,0,1,0,21.28,97.31,-3.65,0
RX00000704,2025-05-25,15:52:21,2024-04-20,11,60,Tramadol,Sertraline,78855-594-99,10mg,Capsule,64,14,235.79,3964.13,198.63,19.77,Schedule III,PH0011,Pharmacist_190,RPH123478,FL,29,PHM0020,QuickMeds,Independent,6207 Park St,Houston,FL,90011,(525) 889-3148,PHL47605,4115782715,FU9311967,DOC0013,Dr. Garcia I,4592099037,AK7203905,MD117783,Internal Medicine,5539 Health Blvd,Houston,TX,50130,(791) 585-5057,37,PAT001497,30,F,82735,OH,UnitedHealth,INS84724,GRP7459,425664,PCN3722,84.81,3221.36,30.87,F41.9,Diabetes,Antidiabetic,Chronic Disease,02,165,-25,Written,Fax,1.94,2.61,328,182,245,0,0,153.24,3,10,5,Saturday,Night,1,0,1,Non-Formulary,0,2,Cash,Pending,None,1,0,1,0,1,95.72,36.06,45.74,1
RX00000705,2025-08-23,09:54:37,2025-05-07,10,60,Albuterol,Montelukast,57497-590-45,10mg,Capsule,54,140,236.97,2433.54,3053.94,17.02,Schedule IV,PH0019,Pharmacist_138,RPH505845,IL,19,PHM0043,MediCare Drug Store,Independent,3826 Park St,New York,TX,14817,(752) 253-9314,PHL63454,4068381206,FK6495874,DOC0216,Dr. Garcia P,5728745339,AF8833093,MD133112,Endocrinology,3670 Medical Blvd,Phoenix,CA,33949,(921) 265-3467,22,PAT004775,60,M,53913,NY,Aetna,INS47773,GRP2954,272551,PCN7947,41.45,3135.85,478.0,E11.9,Arthritis,Psychotherapeutic,Chronic Disease,03,211,20,Written,Electronic,15.29,35.43,264,562,152,1,1,190.4,0,1,1,Saturday,Morning,0,0,0,Tier 3,0,1,Debit Card,Paid,76,1,1,0,1,1,40.74,67.06,-81.77,0
RX00000706,2025-02-26,14:32:32,2025-11-29,12,90,Amoxicillin,Tramadol,99453-358-89,500mg,Syrup,49,107,14.33,3520.88,496.21,38.28,Schedule V,PH0095,Pharmacist_76,RPH869348,PA,25,PHM0018,Express Meds,Independent,3408 Washington St,Los Angeles,OH,83309,(309) 308-3090,PHL31951,1897182306,FJ5397853,DOC0002,Dr. Jones R,6278402259,AN9459027,MD134771,Orthopedics,5303 Clinic Blvd,Chicago,IL,55014,(973) 777-8327,22,PAT001510,70,F,74097,CA,BlueCross BlueShield,INS55396,GRP7725,246289,PCN9581,69.97,1276.89,479.19,I25.10,Diabetes,Psychotherapeutic,Pain,04,45,15,Written,Fax,2.66,2.27,428,610,283,1,0,120.76,4,10,3,Friday,Evening,1,0,0,Non-Formulary,0,2,Insurance,Paid,None,0,1,1,0,0,74.09,79.83,99.01,1
RX00000707,2024-07-30,15:54:43,2025-01-19,7,30,Sertraline,Sertraline,53327-494-27,500mg,Capsule,157,82,248.62,1550.32,1841.39,49.96,Schedule V,PH0017,Pharmacist_189,RPH395705,OH,22,PHM0030,Main Street Pharmacy,Independent,6228 Park St,Philadelphia,OH,96976,(949) 207-6509,PHL25741,4619623602,FS6249025,DOC0496,Dr. Jones T,5557462135,AM1296822,MD994395,Dermatology,2199 Health Blvd,Houston,NY,54576,(950) 299-1896,15,PAT000795,64,M,13303,IL,Medicare,INS14387,GRP4912,337927,PCN1012,84.83,730.01,205.14,I25.10,Arthritis,Antidiabetic,Preventive,03,283,11,Fax,Electronic,38.69,21.3,151,92,473,0,0,-37.71,4,10,1,Monday,Night,0,1,1,Tier 2,0,2,Check,Pending,76,0,1,1,0,0,51.26,25.82,97.65,0
RX00000708,2024-02-21,18:21:52,2024-08-03,10,30,Losartan,Albuterol,39746-768-38,500mg,Syrup,161,81,122.54,2443.95,2210.62,7.65,Schedule II,PH0103,Pharmacist_143,RPH453534,NY,12,PHM0033,Express Meds,Rite Aid,3458 Washington St,Phoenix,PA,99763,(438) 457-2310,PHL18365,8762809504,FE6973733,DOC0068,Dr. Brown I,4396702901,AU7699108,MD470932,Cardiology,7169 Clinic Blvd,Los Angeles,NY,13378,(553) 502-1999,26,PAT004670,72,F,23095,TX,Medicaid,INS28458,GRP7310,996455,PCN3890,45.61,1525.6,381.24,M25.551,Diabetes,Psychotherapeutic,Infection,00,31,7,Phone,Paper,66.43,14.0,397,75,413,0,1,-36.79,3,1,5,Wednesday,Afternoon,1,1,0,Tier 1,1,2,Cash,Paid,None,1,0,0,0,1,88.14,74.58,77.08,0
RX00000709,2024-12-06,13:06:14,2025-09-16,0,30,Azithromycin,Methylprednisolone,80588-538-79,250mg,Injection,59,95,297.74,511.04,1017.42,35.22,Schedule IV,PH0092,Pharmacist_97,RPH895418,FL,20,PHM0021,Main Street Pharmacy,CVS,7726 Washington St,New York,IL,61825,(459) 359-3239,PHL58123,2776311997,FQ7104934,DOC0316,Dr. Smith N,1851870326,AE2067477,MD913566,Endocrinology,1430 Clinic Blvd,Chicago,NY,35144,(754) 280-6106,22,PAT002260,25,M,28088,FL,Humana,INS23453,GRP6613,367256,PCN8096,25.12,698.49,184.9,J44.9,Diabetes,Antidiabetic,Pain,04,93,10,Written,Fax,19.1,15.2,41,687,253,0,1,104.22,5,8,6,Tuesday,Night,0,0,1,Tier 3,0,4,Insurance,Rejected,88,0,1,1,0,1,3.94,69.65,79.46,0
RX00000710,2024-10-13,16:46:28,2025-11-08,1,60,Atorvastatin,Metformin,58180-810-21,250mg,Syrup,175,129,481.43,1422.31,3580.53,7.79,Schedule III,PH0065,Pharmacist_176,RPH362006,PA,6,PHM0043,TrustedMeds,CVS,2181 Oak St,Philadelphia,OH,64718,(506) 797-4043,PHL39052,5962993474,FF5983987,DOC0433,Dr. Garcia J,5110255917,AQ4503084,MD419417,Internal Medicine,7053 Clinic Blvd,Phoenix,IL,52025,(387) 927-4073,10,PAT002615,43,Other,71988,FL,Humana,INS33675,GRP3583,771622,PCN7737,75.88,284.08,143.94,F41.9,Diabetes,Antibiotic,Pain,02,183,28,Electronic,Fax,55.78,6.8,21,331,14,1,0,177.06,4,5,5,Wednesday,Evening,0,0,0,Tier 3,1,3,Credit Card,Pending,88,1,1,0,0,0,73.8,75.34,59.37,0
RX00000711,2025-09-04,14:06:57,2024-02-26,7,60,Atorvastatin,Sertraline,21991-877-83,100mg,Capsule,35,173,15.54,3969.67,2981.83,28.28,Schedule II,PH0056,Pharmacist_25,RPH250451,FL,21,PHM0010,QuickMeds,Independent,1664 Main St,New York,FL,47150,(976) 825-9953,PHL81905,7607475590,FC1160408,DOC0002,Dr. Williams I,7540736937,AB5596501,MD921341,Dermatology,9211 Medical Blvd,New York,IL,59877,(618) 620-6419,34,PAT000633,58,M,91544,NY,Anthem,INS30402,GRP3392,353365,PCN4946,93.54,4391.15,192.49,F33.1,Arthritis,Psychotherapeutic,Chronic Disease,02,290,13,Electronic,Fax,4.61,46.34,357,955,174,0,0,184.9,2,4,8,Friday,Evening,0,1,0,Tier 2,1,3,Check,Paid,79,0,0,1,1,0,92.1,41.53,-74.27,1
RX00000712,2025-08-06,13:50:02,2024-08-09,0,30,Atorvastatin,Morphine,14882-112-80,50mg,Tablet,131,103,468.44,2599.24,728.07,11.56,Schedule II,PH0174,Pharmacist_80,RPH637500,TX,15,PHM0005,HealthPlus Pharmacy,Rite Aid,8521 Maple St,Phoenix,FL,76206,(877) 695-4362,PHL45797,2508561673,FR7642708,DOC0005,Dr. Brown W,7031264565,AO1204460,MD808634,Dermatology,7977 Hospital Blvd,Houston,IL,63069,(686) 344-1641,13,PAT003349,74,M,85371,IL,Self-Pay,INS42880,GRP7621,877371,PCN7048,82.59,396.95,96.58,E78.5,Arthritis,Psychotherapeutic,Infection,01,100,10,Electronic,Fax,2.08,46.77,474,556,408,0,1,71.95,0,6,2,Thursday,Afternoon,1,0,1,Tier 3,1,0,Credit Card,Reversed,79,1,1,1,1,0,88.39,50.12,-54.51,1
RX00000713,2023-12-31,08:37:48,2025-06-06,2,30,Montelukast,Ciprofloxacin,61118-391-47,500mg,Cream,26,131,415.8,4754.93,1600.4,10.83,Schedule III,PH0182,Pharmacist_59,RPH729912,CA,12,PHM0049,HealthPlus Pharmacy,Walgreens,5368 Oak St,Chicago,CA,13610,(977) 397-1832,PHL81315,8710566871,FG8979240,DOC0390,Dr. Miller N,9807723641,AF8891797,MD643537,Internal Medicine,1019 Hospital Blvd,Los Angeles,NY,24895,(859) 546-9206,14,PAT003312,44,M,35834,PA,Self-Pay,INS26461,GRP9370,964348,PCN6650,52.48,3893.8,232.71,F41.9,Diabetes,Antidiabetic,Pain,02,257,13,Phone,Paper,52.63,19.67,377,562,277,0,1,194.77,5,5,0,Thursday,Morning,1,1,0,Tier 1,1,4,Credit Card,Paid,75,0,0,1,0,1,58.01,44.8,-59.91,0
RX00000714,2024-11-29,12:24:53,2025-10-03,0,90,Montelukast,Albuterol,22960-275-67,100mg,Cream,75,168,61.64,2128.55,3832.34,19.4,Schedule V,PH0157,Pharmacist_142,RPH633563,NY,15,PHM0039,TrustedMeds,Independent,6806 Oak St,Houston,CA,48507,(839) 303-5664,PHL94009,8745812376,FN3145028,DOC0009,Dr. Johnson H,4877263193,AR4970302,MD215208,Psychiatry,8271 Hospital Blvd,Phoenix,CA,14561,(440) 663-3302,20,PAT004025,25,Other,96772,IL,Humana,INS25610,GRP6861,190520,PCN4204,5.24,1338.71,183.57,R51,Hypertension,Cardiovascular,Infection,02,314,25,Phone,Electronic,3.73,47.82,466,490,380,0,0,130.79,4,10,2,Sunday,Afternoon,1,0,0,Tier 2,0,3,Check,Rejected,79,0,1,1,0,1,91.83,77.93,-19.45,1
RX00000715,2024-01-09,10:12:12,2025-08-22,10,60,Amoxicillin,Omeprazole,16750-652-88,250mg,Capsule,105,113,120.66,3382.24,4432.69,18.14,None,PH0044,Pharmacist_187,RPH198824,TX,14,PHM0004,TrustedMeds,Independent,341 Maple St,New York,NY,70160,(622) 273-8647,PHL74070,1435305495,FW9603212,DOC0012,Dr. Jones H,2053928777,AH5624498,MD491192,Pediatrics,2353 Hospital Blvd,Los Angeles,CA,72582,(896) 711-9468,8,PAT003181,40,M,45948,NY,Medicare,INS64414,GRP6948,783084,PCN8074,33.86,3741.12,238.88,J44.9,Hypertension,Antibiotic,Pain,03,111,25,Electronic,Electronic,3.35,33.95,33,291,412,0,0,68.42,0,6,1,Monday,Evening,0,0,1,Tier 3,1,2,Check,Rejected,None,0,1,0,0,1,96.34,25.36,-75.11,1
RX00000716,2025-07-18,11:47:32,2024-02-05,7,90,Rosuvastatin,Amlodipine,33991-740-38,20mg,Capsule,107,122,220.01,132.41,2482.92,41.89,Schedule II,PH0077,Pharmacist_38,RPH471277,PA,5,PHM0032,Express Meds,Independent,2095 Oak St,Philadelphia,TX,75613,(746) 293-3573,PHL25827,6898700847,FY6873883,DOC0020,Dr. Johnson I,3658182576,AA9474404,MD595484,Neurology,3443 Medical Blvd,New York,FL,22020,(769) 735-1437,20,PAT000564,31,Other,33770,OH,UnitedHealth,INS96583,GRP3138,503715,PCN3008,4.99,3017.09,319.39,K21.9,Hypertension,Cardiovascular,Infection,04,199,0,Electronic,Fax,3.94,43.02,305,481,308,1,0,50.37,1,4,3,Monday,Night,0,0,1,Tier 2,1,2,Debit Card,Pending,88,0,1,1,1,1,79.98,8.34,-11.5,1
RX00000717,2025-07-19,12:49:25,2024-04-28,6,30,Lisinopril,Albuterol,93144-203-51,250mg,Cream,166,117,1.47,3086.52,3166.44,34.04,Schedule II,PH0100,Pharmacist_52,RPH363743,NY,4,PHM0039,City Pharmacy,CVS,7156 Oak St,New York,OH,47067,(724) 338-5122,PHL12617,9206031668,FE2179156,DOC0230,Dr. Brown Y,1473779636,AC9754420,MD959869,Endocrinology,7385 Hospital Blvd,Los Angeles,NY,47318,(688) 300-6607,11,PAT002799,89,Other,90699,IL,Anthem,INS72335,GRP4833,744424,PCN1989,18.99,3398.24,284.48,F33.1,Diabetes,Psychotherapeutic,Pain,04,261,-7,Electronic,Electronic,37.69,22.91,406,879,267,1,0,8.92,0,9,0,Sunday,Evening,1,0,1,Non-Formulary,1,3,Credit Card,Reversed,None,0,1,1,0,0,57.53,94.54,25.64,0
RX00000718,2025-11-15,08:46:20,2024-01-09,3,60,Morphine,Albuterol,78784-837-86,10mg,Cream,157,120,137.06,1574.24,3216.98,47.6,Schedule V,PH0046,Pharmacist_9,RPH207310,IL,31,PHM0032,Express Meds,Rite Aid,7502 Main St,Los Angeles,OH,84920,(475) 867-5133,PHL20097,4828739533,FL4702995,DOC0012,Dr. Garcia A,1462508834,AW9282355,MD860278,Cardiology,7384 Hospital Blvd,Houston,FL,33412,(252) 619-3479,32,PAT001025,51,F,69539,CA,Self-Pay,INS86216,GRP8027,593438,PCN5259,36.47,2040.79,215.88,M54.5,Asthma,Analgesic,Chronic Disease,01,222,13,Electronic,Phone,3.29,16.69,324,455,343,1,1,171.74,3,10,8,Monday,Morning,0,0,0,Tier 3,1,2,Credit Card,Pending,75,0,1,0,1,1,83.66,19.92,77.19,1
RX00000719,2024-12-15,17:45:13,2025-05-02,5,90,Azithromycin,Levothyroxine,47488-271-34,250mg,Syrup,74,151,450.99,656.2,3098.84,29.51,None,PH0025,Pharmacist_191,RPH594388,CA,3,PHM0026,QuickMeds,CVS,8075 Park St,New York,PA,26015,(758) 641-9555,PHL87055,4477685022,FR4539164,DOC0015,Dr. Jones V,2118674711,AI6590165,MD909907,Internal Medicine,1374 Hospital Blvd,Phoenix,TX,17262,(423) 976-9310,17,PAT000509,65,Other,79445,FL,BlueCross BlueShield,INS42985,GRP2517,694957,PCN4252,81.11,2461.49,230.68,J44.9,Diabetes,Analgesic,Chronic Disease,00,290,28,Electronic,Electronic,0.15,30.81,494,144,438,0,0,148.02,2,4,0,Saturday,Evening,0,0,0,Tier 2,0,3,Check,Reversed,75,0,1,0,1,0,83.48,61.25,66.25,1
RX00000720,2024-07-09,16:00:20,2024-03-31,5,30,Sertraline,Losartan,63809-599-45,100mg,Syrup,44,56,231.57,271.05,1870.78,22.62,Schedule IV,PH0010,Pharmacist_72,RPH943839,IL,31,PHM0004,Main Street Pharmacy,Walgreens,2402 Park St,Philadelphia,CA,45534,(884) 753-2781,PHL89139,7998365236,FO8080010,DOC0292,Dr. Johnson G,7250567255,AY5018825,MD635099,Cardiology,4264 Health Blvd,New York,CA,41947,(209) 403-8433,28,PAT000090,52,Other,24216,IL,UnitedHealth,INS74636,GRP8666,122382,PCN6435,45.52,4028.01,337.21,M54.5,Hypertension,Cardiovascular,Preventive,00,88,1,Written,Paper,74.81,47.57,86,841,353,0,1,-33.05,2,7,8,Wednesday,Morning,0,0,0,Tier 2,0,0,Insurance,Rejected,88,1,0,1,1,0,33.95,88.06,-97.1,0
RX00000721,2025-04-06,09:59:26,2024-05-29,5,90,Rosuvastatin,Prednisone,93476-362-54,500mg,Capsule,109,155,482.72,4888.41,337.79,6.74,Schedule III,PH0052,Pharmacist_187,RPH424147,CA,24,PHM0015,Prime Pharmacy,Walgreens,8241 Maple St,Phoenix,NY,93923,(417) 242-9842,PHL18651,4302445565,FP4897763,DOC0061,Dr. Williams L,7039313893,AC4764500,MD718412,Cardiology,7790 Hospital Blvd,Houston,FL,49384,(879) 530-5080,15,PAT003076,34,F,85213,IL,Self-Pay,INS20248,GRP8220,676952,PCN1480,65.33,4054.76,240.43,E78.5,Diabetes,Analgesic,Acute Condition,01,246,24,Phone,Paper,98.41,45.55,103,924,385,1,0,73.98,3,1,6,Friday,Morning,0,0,1,Tier 1,1,4,Insurance,Paid,76,0,1,1,0,0,58.17,31.4,87.94,0
RX00000722,2025-05-30,18:49:40,2025-01-08,7,90,Simvastatin,Metformin,50624-368-47,10mg,Tablet,94,127,292.36,2443.34,2471.03,14.93,Schedule III,PH0044,Pharmacist_42,RPH608841,PA,6,PHM0008,City Pharmacy,Independent,7739 Maple St,Houston,TX,54694,(241) 615-7053,PHL41023,1041675032,FU1113572,DOC0208,Dr. Smith N,1698804983,AF1846429,MD417982,Orthopedics,463 Clinic Blvd,Los Angeles,NY,46506,(676) 209-5286,11,PAT004276,55,Other,51445,CA,UnitedHealth,INS36367,GRP7610,606009,PCN3257,29.57,90.07,307.7,J44.9,Hypertension,Cardiovascular,Preventive,02,352,5,Fax,Phone,11.74,7.33,451,584,91,0,0,126.14,3,9,4,Wednesday,Night,1,0,0,Tier 1,0,4,Insurance,Rejected,None,1,1,1,0,1,7.15,49.29,28.79,0
RX00000723,2024-04-20,10:29:37,2024-05-09,7,90,Omeprazole,Gabapentin,82916-318-32,250mg,Syrup,143,14,246.45,711.87,2265.04,5.4,Schedule IV,PH0091,Pharmacist_16,RPH199946,FL,31,PHM0023,Express Meds,Walgreens,7496 Maple St,New York,NY,94494,(277) 628-9439,PHL26063,6831199443,FG8170693,DOC0475,Dr. Brown J,4120105350,AV8001145,MD687296,Cardiology,1996 Hospital Blvd,New York,CA,37564,(779) 221-9685,8,PAT004880,76,Other,17544,PA,Humana,INS68072,GRP7650,455144,PCN6443,29.68,4285.21,447.72,G89.29,Asthma,Psychotherapeutic,Preventive,02,5,-18,Fax,Paper,42.4,3.47,409,588,455,0,0,-46.79,2,1,8,Sunday,Morning,1,0,1,Tier 1,1,3,Cash,Paid,88,1,0,1,0,0,52.1,16.8,-26.75,0
RX00000724,2024-10-16,16:09:40,2024-12-27,2,30,Rosuvastatin,Lisinopril,54950-884-46,100mg,Syrup,63,53,394.8,3037.52,1606.56,19.64,Schedule IV,PH0091,Pharmacist_81,RPH349414,OH,34,PHM0015,City Pharmacy,Walgreens,611 Washington St,Chicago,PA,43091,(273) 393-1494,PHL71793,2079264778,FE9136598,DOC0425,Dr. Jones E,1011314934,AY3293832,MD294576,Neurology,2467 Hospital Blvd,Houston,CA,96154,(435) 359-3260,34,PAT004109,86,Other,72116,OH,BlueCross BlueShield,INS98880,GRP3965,807877,PCN8107,3.03,2857.64,69.47,K21.9,Hypertension,Cardiovascular,Preventive,02,55,26,Written,Fax,60.54,38.08,466,675,457,1,1,128.11,5,10,7,Wednesday,Afternoon,0,0,1,Tier 2,1,3,Cash,Reversed,76,0,0,1,1,1,19.91,16.05,-66.14,0
RX00000725,2025-09-20,15:47:18,2025-06-12,11,30,Albuterol,Ibuprofen,95071-648-65,250mg,Tablet,158,31,261.49,2871.13,2427.39,45.92,Schedule III,PH0082,Pharmacist_85,RPH835869,NY,29,PHM0050,CarePlus Pharmacy,Walgreens,3359 Washington St,New York,CA,42946,(313) 234-3839,PHL36279,6919382715,FC2152352,DOC0030,Dr. Brown T,5835710711,AP1829553,MD355815,General Practice,9841 Hospital Blvd,New York,NY,96543,(637) 871-5229,38,PAT000170,49,F,52909,FL,UnitedHealth,INS65500,GRP9645,644596,PCN9018,14.77,2927.43,36.04,E11.9,Hypertension,Cardiovascular,Pain,04,178,-8,Electronic,Electronic,69.63,18.81,249,772,370,1,1,49.0,4,7,0,Tuesday,Morning,1,0,1,Tier 3,1,2,Check,Paid,79,0,0,0,1,0,26.69,23.47,-3.3,0
RX00000726,2024-01-16,08:44:54,2024-09-03,2,60,Clopidogrel,Ciprofloxacin,41789-225-78,500mg,Syrup,138,96,87.01,3519.36,460.34,28.45,Schedule II,PH0095,Pharmacist_57,RPH730742,TX,25,PHM0014,HealthPlus Pharmacy,Independent,4422 Park St,Houston,TX,34363,(336) 460-4339,PHL48283,3514736206,FS4370657,DOC0122,Dr. Miller I,5907215430,AY3622255,MD529134,Dermatology,5131 Clinic Blvd,Chicago,IL,37563,(206) 457-2826,2,PAT003036,57,F,95940,OH,Medicaid,INS90095,GRP7387,111406,PCN2149,59.56,2866.08,245.17,I25.10,Diabetes,Psychotherapeutic,Acute Condition,03,162,11,Fax,Fax,44.53,37.0,13,809,354,1,0,-12.27,2,5,7,Sunday,Morning,0,1,0,Non-Formulary,0,3,Credit Card,Pending,None,0,1,1,1,0,33.08,13.35,-84.64,0
RX00000727,2024-11-11,13:31:36,2024-10-06,6,60,Sertraline,Rosuvastatin,20568-807-36,50mg,Capsule,85,79,232.04,4286.99,3756.75,22.11,Schedule II,PH0060,Pharmacist_102,RPH840419,PA,25,PHM0027,City Pharmacy,CVS,7414 Park St,Houston,CA,33827,(205) 467-6791,PHL91542,7415006055,FY7879402,DOC0369,Dr. Brown X,8670256244,AB5237282,MD749633,Oncology,599 Health Blvd,Phoenix,NY,55738,(287) 967-3036,6,PAT002843,65,F,55006,OH,Aetna,INS90791,GRP3306,577240,PCN3039,63.02,1823.68,129.2,G89.29,Hypertension,Antibiotic,Acute Condition,03,240,28,Phone,Paper,15.25,27.85,299,348,404,0,0,178.95,5,7,8,Thursday,Afternoon,1,0,0,Tier 3,0,1,Credit Card,Paid,75,1,1,0,1,0,15.43,17.66,68.52,0
RX00000728,2024-06-11,13:11:43,2025-04-23,7,90,Hydrochlorothiazide,Montelukast,64480-224-24,50mg,Syrup,146,82,292.27,3339.77,2152.28,13.59,Schedule III,PH0003,Pharmacist_1,RPH644593,CA,5,PHM0004,HealthPlus Pharmacy,Walgreens,2413 Main St,Los Angeles,TX,12732,(882) 690-7932,PHL64051,4383631992,FT9920584,DOC0019,Dr. Brown Y,9580083905,AJ6928109,MD311421,Dermatology,8568 Hospital Blvd,Houston,NY,36747,(325) 246-8191,20,PAT003588,69,M,35311,CA,BlueCross BlueShield,INS71558,GRP8267,580071,PCN4123,64.52,1109.35,288.95,F41.9,Hypertension,Antibiotic,Chronic Disease,00,84,0,Electronic,Fax,2.48,40.83,292,549,297,0,0,181.25,3,2,0,Friday,Afternoon,1,0,1,Tier 1,0,0,Check,Reversed,76,1,1,1,1,0,84.81,1.05,-5.07,1
RX00000729,2024-07-07,08:35:29,2025-11-17,3,60,Lisinopril,Lisinopril,61365-300-78,100mg,Tablet,19,33,4.94,1008.25,469.41,13.73,Schedule II,PH0115,Pharmacist_143,RPH122972,CA,21,PHM0027,HealthPlus Pharmacy,Independent,8436 Park St,Houston,NY,83114,(875) 495-2401,PHL88790,9413745767,FE6231341,DOC0256,Dr. Miller D,6418381704,AO5724136,MD507959,Endocrinology,574 Clinic Blvd,Houston,IL,31801,(454) 372-2032,35,PAT001621,59,F,64437,PA,Medicaid,INS55123,GRP4217,654557,PCN4800,18.96,1688.25,349.64,I10,Asthma,Antibiotic,Pain,03,284,-5,Phone,Electronic,99.42,27.24,299,945,419,0,1,146.87,4,6,8,Saturday,Evening,1,1,1,Non-Formulary,0,3,Check,Pending,79,0,1,1,1,1,96.86,14.3,87.46,0
RX00000730,2024-11-28,12:55:58,2024-07-05,0,30,Ibuprofen,Losartan,25246-765-21,250mg,Syrup,45,179,372.59,1881.99,1373.33,38.34,Schedule II,PH0038,Pharmacist_13,RPH483480,IL,16,PHM0021,Prime Pharmacy,Independent,5393 Washington St,Phoenix,IL,12810,(912) 745-4659,PHL55405,5870785990,FF8508800,DOC0132,Dr. Johnson V,6069009371,AM1272317,MD557511,Internal Medicine,690 Health Blvd,Los Angeles,TX,10584,(833) 282-8723,40,PAT001375,69,M,22341,IL,Medicaid,INS18014,GRP6339,558475,PCN1984,78.71,2916.24,304.72,N18.3,Diabetes,Analgesic,Infection,01,220,1,Phone,Fax,52.62,34.83,352,262,327,0,0,88.12,4,7,3,Monday,Morning,0,0,0,Tier 2,1,1,Cash,Paid,79,0,0,1,1,0,63.06,61.84,70.29,0
RX00000731,2025-12-04,17:45:21,2024-06-17,6,30,Losartan,Hydrochlorothiazide,67218-699-33,20mg,Capsule,108,119,69.97,769.71,3275.0,49.57,Schedule IV,PH0097,Pharmacist_58,RPH719637,CA,29,PHM0018,Wellness Pharmacy,CVS,6411 Washington St,Los Angeles,NY,75770,(842) 839-2378,PHL32858,1115993340,FF4733070,DOC0312,Dr. Garcia P,9826706715,AY7880007,MD122382,Endocrinology,3302 Medical Blvd,Chicago,CA,70065,(885) 451-5078,25,PAT000923,38,M,87165,NY,Cigna,INS81750,GRP2489,674604,PCN5209,34.33,2842.35,333.86,I25.10,Asthma,Antidiabetic,Chronic Disease,00,352,20,Electronic,Paper,22.47,12.14,272,698,338,1,1,19.79,1,5,0,Sunday,Night,1,0,0,Tier 2,0,1,Debit Card,Paid,88,0,0,0,0,1,45.02,92.89,-37.54,0
RX00000732,2024-05-08,13:35:14,2025-06-10,11,30,Prednisone,Clopidogrel,57292-140-88,10mg,Tablet,54,145,35.76,1548.6,3539.37,32.56,Schedule IV,PH0077,Pharmacist_86,RPH729928,OH,4,PHM0016,HealthPlus Pharmacy,Independent,1037 Washington St,Houston,OH,85410,(806) 269-4324,PHL47226,4167196699,FM1461964,DOC0330,Dr. Brown L,2698726041,AE2882617,MD805334,Internal Medicine,5196 Health Blvd,Los Angeles,FL,73571,(384) 416-5976,3,PAT003557,87,Other,67644,FL,Aetna,INS73098,GRP6545,771555,PCN4251,54.81,1752.63,297.6,M79.7,Hypertension,Antidiabetic,Infection,02,331,-22,Written,Electronic,67.63,36.39,262,629,359,0,0,6.71,3,9,8,Tuesday,Afternoon,1,1,0,Tier 3,0,0,Credit Card,Reversed,79,0,1,0,1,0,8.36,39.6,-36.56,0
RX00000733,2024-06-16,08:23:15,2024-02-24,0,30,Simvastatin,Lisinopril,11179-932-12,50mg,Injection,171,15,413.0,1668.15,14.74,6.03,Schedule V,PH0184,Pharmacist_160,RPH458150,CA,3,PHM0040,Wellness Pharmacy,Independent,7789 Oak St,Houston,TX,64848,(346) 660-2667,PHL64744,9173271850,FL3179509,DOC0472,Dr. Miller A,9049012072,AI2313721,MD487160,Internal Medicine,2680 Hospital Blvd,Phoenix,FL,44065,(389) 457-8591,19,PAT001222,59,Other,87098,CA,Self-Pay,INS86170,GRP6175,744395,PCN9056,75.41,1928.64,163.0,R51,Asthma,Antibiotic,Acute Condition,02,193,-17,Written,Fax,84.92,1.58,105,190,318,1,1,119.46,4,9,4,Monday,Night,0,1,0,Tier 3,0,4,Check,Rejected,88,0,0,0,0,1,90.12,19.26,32.43,0
RX00000734,2024-05-11,16:39:01,2025-02-27,2,90,Clopidogrel,Methylprednisolone,81743-146-79,100mg,Cream,54,90,118.63,1891.96,2957.66,31.39,Schedule IV,PH0170,Pharmacist_130,RPH884912,TX,3,PHM0049,Wellness Pharmacy,Rite Aid,1258 Washington St,New York,NY,25439,(866) 354-2984,PHL70204,5665996245,FU4083317,DOC0360,Dr. Brown N,9320275946,AT9522915,MD599589,Pediatrics,2393 Hospital Blvd,Los Angeles,NY,79487,(494) 511-6105,26,PAT000561,29,F,84437,PA,Kaiser Permanente,INS49569,GRP7029,880853,PCN8509,81.66,3062.08,411.64,M79.7,Hypertension,Antibiotic,Preventive,02,329,14,Electronic,Electronic,1.26,18.23,99,396,178,0,1,-18.31,2,1,8,Sunday,Afternoon,0,0,0,Tier 1,0,3,Debit Card,Paid,76,0,1,1,0,0,14.9,98.93,84.87,0
RX00000735,2025-02-25,08:41:53,2024-10-11,4,30,Ibuprofen,Losartan,82249-882-46,50mg,Syrup,36,44,251.56,864.98,2172.9,49.12,Schedule V,PH0067,Pharmacist_41,RPH661316,IL,35,PHM0005,TrustedMeds,Independent,7026 Washington St,Chicago,OH,88290,(687) 366-5420,PHL78784,4208625120,FZ3598801,DOC0002,Dr. Williams Z,7876491316,AP6034074,MD833168,General Practice,6092 Medical Blvd,Los Angeles,NY,75441,(560) 794-4248,15,PAT002095,64,Other,34514,OH,Cigna,INS81867,GRP9734,192697,PCN9226,48.87,1787.87,126.39,N18.3,Arthritis,Antibiotic,Acute Condition,04,313,12,Phone,Paper,4.4,15.57,409,468,294,1,0,60.62,3,2,5,Thursday,Night,1,0,0,Tier 1,1,2,Debit Card,Rejected,79,1,1,0,0,0,85.37,68.57,63.31,1
RX00000736,2024-03-18,10:50:31,2025-08-04,4,60,Losartan,Prednisone,73753-499-86,250mg,Cream,146,137,156.62,532.38,1287.0,31.65,Schedule II,PH0173,Pharmacist_52,RPH852430,NY,26,PHM0049,City Pharmacy,CVS,9374 Washington St,New York,CA,50881,(478) 704-2856,PHL57771,7263787174,FV2261957,DOC0336,Dr. Jones I,6468560678,AT7104041,MD830144,Endocrinology,6532 Medical Blvd,Chicago,CA,90394,(665) 664-6061,6,PAT004164,54,M,28664,FL,Humana,INS13782,GRP6334,990832,PCN5046,96.36,608.49,298.97,M25.551,Diabetes,Analgesic,Acute Condition,03,300,14,Fax,Paper,27.63,34.82,31,334,420,1,0,16.64,0,8,6,Wednesday,Evening,0,0,1,Tier 1,1,4,Insurance,Reversed,76,0,1,1,0,0,70.74,44.7,90.09,0
RX00000737,2025-10-29,08:45:55,2024-10-21,12,90,Rosuvastatin,Escitalopram,41008-921-10,500mg,Capsule,154,116,326.6,134.24,1557.2,23.38,Schedule II,PH0060,Pharmacist_101,RPH998725,TX,4,PHM0050,TrustedMeds,Independent,7513 Washington St,Los Angeles,OH,81260,(364) 653-2395,PHL96540,3361020284,FY7881404,DOC0285,Dr. Johnson D,9674243190,AS7810404,MD890309,General Practice,7566 Hospital Blvd,Chicago,TX,16098,(650) 704-5134,35,PAT004342,27,F,76545,NY,BlueCross BlueShield,INS46554,GRP4537,271257,PCN9501,9.17,4496.46,242.67,I10,Arthritis,Antidiabetic,Chronic Disease,01,347,0,Electronic,Paper,78.63,23.96,349,572,5,1,0,164.57,2,2,7,Wednesday,Morning,1,0,1,Tier 3,0,2,Check,Paid,88,1,0,0,1,1,35.43,44.12,-25.24,0
RX00000738,2024-01-02,12:02:30,2024-02-29,10,90,Omeprazole,Levothyroxine,80461-750-47,50mg,Injection,149,140,337.18,1183.56,627.81,49.7,None,PH0164,Pharmacist_123,RPH191353,OH,3,PHM0036,Corner Pharmacy,CVS,2443 Park St,New York,IL,45116,(257) 419-4324,PHL43667,7356521071,FL5158345,DOC0155,Dr. Johnson M,3330530259,AL9625582,MD677685,Pediatrics,5689 Clinic Blvd,Phoenix,CA,98165,(757) 619-8997,34,PAT000773,44,Other,98573,OH,Aetna,INS40456,GRP2713,838766,PCN2623,61.21,3641.4,249.84,N18.3,Arthritis,Antibiotic,Acute Condition,02,341,3,Phone,Paper,90.79,17.87,195,253,405,0,0,34.59,1,7,0,Thursday,Night,1,1,1,Tier 2,0,4,Credit Card,Rejected,88,1,0,1,1,0,55.52,63.63,-57.55,0
RX00000739,2024-11-19,18:15:09,2025-12-01,1,60,Hydrochlorothiazide,Simvastatin,19341-233-19,50mg,Cream,33,54,320.11,2687.44,2940.08,23.66,Schedule IV,PH0049,Pharmacist_27,RPH795841,IL,17,PHM0047,HealthPlus Pharmacy,Independent,9552 Maple St,Phoenix,NY,94484,(625) 948-6226,PHL99029,1445046378,FR6555523,DOC0365,Dr. Garcia Q,1760516106,AF4565971,MD196625,Oncology,2826 Medical Blvd,Phoenix,CA,84629,(620) 271-3558,20,PAT001265,25,M,82005,PA,Humana,INS40331,GRP6317,869993,PCN8775,78.39,54.09,310.2,E11.9,Arthritis,Antibiotic,Acute Condition,01,247,26,Phone,Electronic,86.99,5.26,358,347,368,1,1,146.08,3,3,2,Saturday,Evening,1,1,0,Tier 3,0,3,Insurance,Reversed,76,1,0,1,1,0,66.41,83.05,4.12,0
RX00000740,2024-05-20,14:08:59,2025-07-21,9,30,Amlodipine,Oxycodone,98720-389-62,100mg,Tablet,148,87,136.45,380.5,1983.33,11.31,Schedule III,PH0063,Pharmacist_7,RPH791028,FL,26,PHM0047,Wellness Pharmacy,Rite Aid,7409 Maple St,Philadelphia,CA,11688,(301) 849-9504,PHL49310,8075472664,FM7134914,DOC0371,Dr. Johnson L,7751005556,AA8444874,MD191722,Orthopedics,4583 Medical Blvd,Phoenix,TX,97963,(686) 591-6876,10,PAT000238,62,F,32823,NY,Humana,INS69518,GRP3047,658406,PCN1970,18.75,2867.73,392.22,G89.29,Hypertension,Antibiotic,Infection,03,52,-27,Electronic,Phone,47.3,32.18,96,389,49,0,1,108.2,5,0,0,Saturday,Night,1,0,1,Non-Formulary,1,1,Cash,Paid,79,0,1,1,1,1,45.02,82.76,70.18,0
RX00000741,2024-02-04,14:32:17,2025-08-14,6,30,Omeprazole,Clopidogrel,20751-660-85,10mg,Capsule,91,97,448.3,4471.73,3252.83,21.37,Schedule II,PH0120,Pharmacist_38,RPH676710,FL,8,PHM0043,QuickMeds,Independent,4288 Main St,Philadelphia,TX,70812,(589) 389-4886,PHL76759,1158247555,FM9192289,DOC0019,Dr. Smith Z,6537959820,AC8144308,MD584691,Internal Medicine,1536 Health Blvd,Chicago,CA,78022,(326) 469-7880,4,PAT002094,29,M,86811,PA,Cigna,INS66257,GRP4278,907107,PCN3378,14.71,132.85,368.6,J44.9,Asthma,Antidiabetic,Preventive,04,2,20,Written,Paper,0.43,38.14,249,155,105,0,1,80.43,3,3,8,Saturday,Night,1,1,1,Tier 1,1,2,Cash,Reversed,79,1,0,0,0,1,91.21,30.17,91.05,1
RX00000742,2025-01-03,11:00:35,2024-03-20,3,30,Simvastatin,Morphine,14847-205-47,100mg,Injection,38,99,38.33,4787.42,2431.63,30.24,Schedule V,PH0182,Pharmacist_48,RPH611745,CA,16,PHM0011,QuickMeds,CVS,4960 Park St,Phoenix,CA,41020,(585) 239-6008,PHL35594,7224040395,FL7193615,DOC0008,Dr. Brown U,6991791538,AY5148755,MD697377,Pediatrics,391 Medical Blvd,Phoenix,NY,75115,(539) 719-5490,34,PAT001287,80,F,58351,IL,Humana,INS69212,GRP4047,990851,PCN3799,46.43,3978.72,26.09,R51,Diabetes,Antibiotic,Acute Condition,03,181,9,Electronic,Fax,3.4,41.76,323,393,415,0,0,172.81,3,1,1,Friday,Afternoon,1,0,1,Tier 1,1,0,Debit Card,Pending,None,0,1,0,0,1,98.63,39.54,-56.61,1
RX00000743,2024-01-02,16:16:20,2025-01-03,4,30,Azithromycin,Azithromycin,94581-575-27,50mg,Syrup,173,122,173.23,1021.9,2791.25,33.26,Schedule IV,PH0162,Pharmacist_166,RPH710940,PA,9,PHM0043,HealthPlus Pharmacy,Independent,1571 Maple St,Phoenix,NY,90203,(371) 403-8916,PHL90001,4417314742,FL7394508,DOC0005,Dr. Jones N,2381678945,AM8004090,MD126797,Neurology,1503 Health Blvd,Chicago,TX,78955,(608) 562-2550,6,PAT002837,21,M,52463,TX,Kaiser Permanente,INS82416,GRP2686,940455,PCN9910,67.75,3031.9,342.72,F33.1,Hypertension,Antidiabetic,Acute Condition,00,182,-3,Fax,Fax,1.45,32.96,96,655,319,0,0,86.05,3,0,0,Friday,Evening,0,0,0,Non-Formulary,0,4,Check,Rejected,79,0,0,1,0,0,87.41,60.33,24.04,1
RX00000744,2024-11-23,11:42:00,2024-01-16,10,90,Lisinopril,Clopidogrel,53315-193-63,250mg,Tablet,17,79,412.73,928.57,1473.22,19.87,None,PH0006,Pharmacist_157,RPH317823,TX,33,PHM0029,Corner Pharmacy,Independent,8043 Main St,Los Angeles,CA,16895,(876) 944-6756,PHL52939,2566871655,FU2822067,DOC0360,Dr. Garcia R,5275227650,AU6449844,MD296337,Endocrinology,4417 Hospital Blvd,Los Angeles,NY,56567,(554) 879-5338,13,PAT001613,50,Other,32429,PA,Cigna,INS32823,GRP2372,281468,PCN5953,19.91,32.69,165.52,J45.909,Diabetes,Analgesic,Pain,01,204,10,Written,Paper,87.58,6.84,252,916,231,1,0,94.12,2,10,7,Saturday,Evening,1,1,0,Tier 1,0,0,Insurance,Reversed,88,0,1,1,1,1,16.89,52.77,-32.09,0
RX00000745,2024-09-05,16:19:14,2024-09-10,0,30,Prednisone,Metformin,76511-878-97,10mg,Capsule,60,112,433.84,1030.99,960.47,36.75,Schedule III,PH0007,Pharmacist_108,RPH123026,TX,4,PHM0015,City Pharmacy,CVS,6228 Main St,New York,FL,40973,(944) 876-8841,PHL82925,8900264672,FL8566440,DOC0122,Dr. Garcia H,4736399858,AL5045480,MD113449,Dermatology,4480 Hospital Blvd,Houston,CA,32127,(651) 441-4056,9,PAT003289,34,F,27689,PA,Medicaid,INS70815,GRP1426,236373,PCN4021,60.43,3352.61,8.13,N18.3,Arthritis,Antibiotic,Pain,00,1,19,Phone,Paper,72.94,30.31,435,720,326,1,0,37.66,4,9,6,Wednesday,Night,1,1,1,Tier 3,1,4,Check,Paid,79,0,0,0,0,0,65.06,89.27,-70.99,0
RX00000746,2025-05-26,11:08:05,2025-04-16,3,30,Ibuprofen,Azithromycin,16594-396-31,250mg,Syrup,106,10,95.35,3762.77,2685.07,35.71,Schedule V,PH0087,Pharmacist_129,RPH614188,PA,12,PHM0002,Wellness Pharmacy,CVS,491 Washington St,Chicago,NY,16581,(220) 911-3821,PHL52675,6829105329,FT4555075,DOC0173,Dr. Smith Q,9536305260,AA8300591,MD840632,Orthopedics,3750 Medical Blvd,Chicago,NY,79047,(691) 488-5942,15,PAT004043,49,M,55950,NY,Kaiser Permanente,INS90721,GRP7877,238507,PCN8995,41.36,64.44,367.86,M79.7,Arthritis,Analgesic,Infection,02,70,-1,Phone,Fax,21.28,45.21,249,999,368,1,0,23.1,1,9,1,Wednesday,Afternoon,0,0,1,Tier 3,1,4,Credit Card,Paid,76,0,0,1,0,0,16.67,23.46,5.62,0
RX00000747,2025-05-28,15:06:32,2024-04-29,4,30,Albuterol,Hydrochlorothiazide,11558-911-78,500mg,Cream,139,103,206.09,1116.5,41.42,34.64,Schedule III,PH0039,Pharmacist_18,RPH259354,OH,4,PHM0004,City Pharmacy,Walgreens,1585 Washington St,Chicago,IL,57141,(926) 295-7027,PHL56131,7035703038,FR9003157,DOC0308,Dr. Miller B,4589220951,AD9685981,MD585719,Cardiology,4015 Clinic Blvd,New York,IL,82179,(760) 729-5578,11,PAT001899,64,Other,44742,CA,Aetna,INS19057,GRP7747,703194,PCN9858,69.42,4074.29,275.9,M54.5,Depression,Antidiabetic,Infection,03,74,-21,Electronic,Phone,36.86,21.69,95,980,82,1,1,127.58,2,6,1,Wednesday,Night,1,0,0,Tier 3,1,0,Debit Card,Rejected,79,1,1,1,0,1,96.72,4.29,-29.34,0
RX00000748,2025-05-03,14:03:26,2023-12-28,8,60,Hydrochlorothiazide,Escitalopram,99249-102-64,500mg,Injection,88,11,304.55,326.51,710.17,6.35,Schedule V,PH0117,Pharmacist_164,RPH157257,CA,29,PHM0049,Metro Pharmacy,Independent,1863 Main St,Houston,TX,76673,(254) 982-3372,PHL35473,1068871609,FY9984348,DOC0494,Dr. Miller D,6629985438,AV6519166,MD374879,Neurology,1215 Hospital Blvd,Chicago,NY,28934,(812) 621-1968,28,PAT000675,49,Other,33750,OH,UnitedHealth,INS72128,GRP3596,877874,PCN6125,82.32,3094.0,279.2,K21.9,Arthritis,Psychotherapeutic,Infection,01,337,7,Fax,Fax,9.95,16.22,369,466,470,1,1,5.93,4,4,8,Thursday,Afternoon,1,1,1,Tier 3,1,0,Insurance,Reversed,75,1,0,1,0,1,27.82,19.9,-4.34,0
RX00000749,2024-09-23,11:10:53,2024-11-21,11,90,Lisinopril,Amlodipine,64647-167-53,500mg,Cream,66,112,154.61,2420.88,1766.17,7.07,Schedule II,PH0173,Pharmacist_138,RPH262150,OH,2,PHM0031,City Pharmacy,Walgreens,9721 Maple St,Philadelphia,IL,63564,(385) 958-5565,PHL21678,3752168581,FY3399936,DOC0254,Dr. Williams K,4147744972,AX3164230,MD351802,Neurology,4778 Medical Blvd,Chicago,NY,20723,(559) 733-3427,22,PAT002091,61,Other,99805,OH,UnitedHealth,INS42903,GRP4589,420808,PCN4568,54.19,667.02,30.46,G89.29,Arthritis,Psychotherapeutic,Preventive,01,18,-8,Written,Electronic,70.88,9.74,355,795,486,0,1,141.89,4,4,2,Saturday,Afternoon,1,1,0,Tier 2,1,1,Debit Card,Paid,79,0,1,1,0,1,44.48,60.04,-4.28,0
RX00000750,2025-04-24,10:19:11,2025-06-17,3,60,Metformin,Montelukast,95737-568-85,500mg,Capsule,30,36,229.24,189.75,735.91,19.14,Schedule V,PH0101,Pharmacist_4,RPH751417,CA,7,PHM0011,TrustedMeds,Rite Aid,2080 Washington St,Los Angeles,OH,14982,(776) 888-9815,PHL47800,4894955179,FF8462219,DOC0008,Dr. Miller B,7764489183,AG2525007,MD468419,Orthopedics,2019 Medical Blvd,Phoenix,IL,74202,(325) 683-9567,27,PAT001500,62,Other,62706,PA,UnitedHealth,INS58251,GRP7677,352450,PCN7926,55.54,4288.24,136.34,J45.909,Arthritis,Antibiotic,Pain,02,165,-6,Fax,Electronic,4.43,38.31,213,953,413,0,1,146.47,1,6,7,Sunday,Evening,0,0,1,Tier 1,0,1,Debit Card,Rejected,76,1,0,0,0,0,73.2,94.96,-81.57,1
RX00000751,2024-06-27,11:57:51,2024-05-15,11,90,Methylprednisolone,Amoxicillin,46583-968-84,100mg,Cream,32,14,119.91,3659.68,1019.51,26.36,Schedule V,PH0030,Pharmacist_104,RPH174429,IL,22,PHM0046,HealthPlus Pharmacy,Independent,2734 Park St,Houston,FL,67551,(253) 999-8023,PHL43735,9616045998,FG1499553,DOC0016,Dr. Garcia Y,6670584210,AO8141691,MD984464,Neurology,4867 Medical Blvd,Houston,IL,30120,(601) 222-1714,23,PAT002329,37,Other,64288,NY,Kaiser Permanente,INS74028,GRP5600,140153,PCN9250,86.13,1517.91,221.61,F41.9,Depression,Antibiotic,Pain,01,269,29,Phone,Phone,1.5,27.09,93,737,323,0,1,96.44,2,2,6,Tuesday,Night,0,0,0,Non-Formulary,0,3,Debit Card,Paid,76,0,0,0,0,1,91.62,21.57,-99.47,1
RX00000752,2025-08-15,12:00:42,2025-03-26,8,60,Rosuvastatin,Montelukast,24785-982-94,100mg,Cream,25,133,469.87,1214.72,3856.39,30.04,None,PH0015,Pharmacist_154,RPH290561,CA,3,PHM0040,Prime Pharmacy,Independent,2009 Maple St,Phoenix,PA,78895,(816) 341-2917,PHL99949,9687433827,FQ5688286,DOC0344,Dr. Brown T,3753566765,AV7458698,MD369552,Psychiatry,9962 Medical Blvd,Houston,CA,11831,(827) 637-1581,15,PAT001917,84,Other,30346,OH,Aetna,INS99583,GRP4433,679526,PCN3716,18.27,1683.02,229.17,E78.5,Arthritis,Analgesic,Acute Condition,00,170,9,Phone,Phone,2.89,1.5,34,973,417,1,0,145.53,0,6,6,Wednesday,Night,1,1,1,Non-Formulary,1,0,Cash,Paid,88,1,0,1,0,0,76.67,91.62,-21.64,0
RX00000753,2024-12-23,15:19:32,2024-04-29,12,30,Simvastatin,Montelukast,93751-118-65,500mg,Tablet,155,136,459.02,51.02,983.47,8.46,Schedule III,PH0166,Pharmacist_15,RPH369880,NY,35,PHM0001,Main Street Pharmacy,Independent,5892 Oak St,New York,TX,10829,(210) 970-6904,PHL79844,6196889070,FV4191581,DOC0087,Dr. Williams W,7622090061,AU5921274,MD924304,Orthopedics,5513 Clinic Blvd,Houston,CA,46096,(264) 952-8233,34,PAT002471,45,F,61116,CA,UnitedHealth,INS78381,GRP4247,295996,PCN6881,47.78,2568.23,484.76,N18.3,Arthritis,Psychotherapeutic,Chronic Disease,01,330,22,Electronic,Paper,56.38,13.13,372,417,171,0,1,198.91,0,4,2,Wednesday,Morning,1,0,0,Tier 2,1,4,Check,Paid,88,1,0,0,1,1,42.73,88.98,-27.59,0
RX00000754,2025-10-04,10:09:35,2024-11-03,12,90,Losartan,Atorvastatin,86581-882-38,500mg,Cream,51,36,487.04,2181.83,2425.96,29.86,Schedule III,PH0035,Pharmacist_26,RPH816586,CA,3,PHM0046,QuickMeds,Rite Aid,3770 Maple St,Phoenix,CA,20012,(407) 387-6770,PHL70494,9687743578,FY6103622,DOC0444,Dr. Williams Z,4673445657,AZ5353991,MD634523,Orthopedics,2533 Clinic Blvd,Los Angeles,CA,34020,(547) 829-6312,33,PAT004278,89,F,52713,FL,Cigna,INS87856,GRP4606,734976,PCN9000,26.76,2878.94,199.33,G89.29,Depression,Antibiotic,Pain,01,339,-5,Phone,Phone,31.56,39.64,301,627,159,0,1,38.73,5,3,5,Tuesday,Evening,1,1,0,Non-Formulary,0,0,Debit Card,Paid,75,1,1,0,1,0,64.92,38.89,79.71,0
RX00000755,2024-06-13,09:07:34,2025-02-15,4,90,Escitalopram,Albuterol,85998-972-12,50mg,Capsule,157,35,271.57,1427.94,230.6,6.02,Schedule II,PH0088,Pharmacist_83,RPH640964,FL,33,PHM0010,QuickMeds,Walgreens,7694 Oak St,New York,NY,12912,(383) 360-1510,PHL40350,4557757228,FU6807792,DOC0012,Dr. Williams B,1999808569,AV5240568,MD915573,Cardiology,1671 Health Blvd,Chicago,FL,81185,(951) 569-1996,27,PAT000257,47,M,75469,CA,Self-Pay,INS80275,GRP7234,470225,PCN9286,92.09,319.27,65.31,I25.10,Hypertension,Antibiotic,Acute Condition,02,133,4,Written,Paper,4.89,8.75,415,171,341,0,1,120.22,0,5,2,Saturday,Evening,0,0,0,Non-Formulary,1,4,Check,Reversed,88,1,0,1,1,0,97.52,1.14,98.53,1
RX00000756,2025-10-02,15:43:18,2024-06-09,10,90,Ibuprofen,Ciprofloxacin,33312-303-82,20mg,Injection,14,88,320.81,2429.17,2090.99,37.69,None,PH0108,Pharmacist_111,RPH153662,PA,23,PHM0032,HealthPlus Pharmacy,Independent,6328 Maple St,Los Angeles,FL,36960,(791) 770-5035,PHL19253,4139143119,FF6457476,DOC0011,Dr. Jones Q,4704954432,AE2435619,MD640438,Endocrinology,8880 Health Blvd,New York,CA,66601,(359) 899-5769,17,PAT002201,62,M,61876,IL,Anthem,INS20796,GRP4525,612188,PCN1237,24.37,133.16,270.61,F41.9,Asthma,Antidiabetic,Preventive,02,115,-23,Electronic,Electronic,4.09,40.04,72,999,138,1,1,99.96,1,9,3,Friday,Morning,0,1,1,Tier 3,1,4,Credit Card,Paid,79,0,0,1,0,1,98.12,61.34,0.09,1
RX00000757,2024-04-20,11:12:40,2024-02-08,11,30,Amoxicillin,Atorvastatin,16580-930-63,250mg,Capsule,46,13,160.95,3930.7,4395.32,17.72,Schedule II,PH0143,Pharmacist_29,RPH316619,TX,30,PHM0033,HealthPlus Pharmacy,Walgreens,7422 Maple St,Los Angeles,OH,39285,(348) 586-7169,PHL21248,5193692356,FG3608479,DOC0223,Dr. Smith D,7547537443,AF1125011,MD901483,Oncology,805 Hospital Blvd,Chicago,TX,18627,(448) 248-7425,12,PAT004989,56,M,97229,FL,Humana,INS94265,GRP9162,900743,PCN9051,1.65,91.86,145.81,K21.9,Diabetes,Cardiovascular,Chronic Disease,02,169,-22,Fax,Phone,6.17,7.75,437,113,229,1,0,165.18,4,5,7,Wednesday,Evening,0,0,1,Tier 3,1,4,Insurance,Reversed,76,1,1,0,0,1,15.7,5.61,22.97,0
RX00000758,2024-06-28,15:55:03,2025-12-07,7,60,Ciprofloxacin,Morphine,82654-721-11,10mg,Injection,33,150,20.2,4367.51,4111.11,10.17,Schedule III,PH0111,Pharmacist_119,RPH584306,OH,21,PHM0012,Family Pharmacy,Independent,6831 Oak St,Chicago,IL,30621,(840) 462-5591,PHL49479,5073403633,FO8289089,DOC0430,Dr. Williams J,7297732094,AL2971912,MD422347,Orthopedics,5328 Medical Blvd,Houston,TX,29010,(362) 316-3645,1,PAT001573,78,Other,37983,OH,Anthem,INS11594,GRP1181,211321,PCN5947,32.2,4194.67,88.44,J44.9,Asthma,Cardiovascular,Chronic Disease,01,326,27,Written,Phone,87.3,37.65,250,603,206,0,1,-23.0,1,8,4,Tuesday,Morning,1,0,1,Non-Formulary,1,0,Check,Paid,75,1,0,1,0,0,7.38,21.84,-53.47,0
RX00000759,2024-08-23,10:46:48,2025-10-28,10,60,Omeprazole,Metformin,19317-469-96,500mg,Injection,135,115,341.98,4667.05,2265.23,24.23,Schedule V,PH0034,Pharmacist_104,RPH345660,CA,7,PHM0046,QuickMeds,Rite Aid,1371 Park St,New York,NY,14510,(887) 420-9580,PHL67389,2178987084,FM4543030,DOC0019,Dr. Garcia J,9622785879,AL5946869,MD892774,Internal Medicine,5961 Clinic Blvd,New York,TX,96794,(611) 836-9521,15,PAT001283,41,Other,85808,CA,Medicaid,INS18776,GRP3669,631519,PCN1112,60.86,306.54,460.0,I10,Arthritis,Antidiabetic,Pain,00,294,23,Phone,Fax,4.55,23.21,493,808,295,0,1,103.36,4,5,6,Thursday,Evening,1,1,1,Tier 1,0,0,Debit Card,Reversed,76,1,1,0,1,1,92.18,36.0,-42.81,1
RX00000760,2024-04-15,16:11:18,2024-06-23,1,30,Atorvastatin,Albuterol,25263-617-11,10mg,Capsule,167,103,176.2,1371.04,1239.67,25.13,Schedule II,PH0084,Pharmacist_43,RPH509499,TX,3,PHM0029,TrustedMeds,Independent,5090 Park St,New York,NY,24105,(242) 471-8067,PHL58709,5909585332,FJ1929145,DOC0453,Dr. Garcia I,6823231995,AI6384956,MD393414,Dermatology,1201 Hospital Blvd,Phoenix,CA,41173,(740) 380-7918,21,PAT000813,37,Other,43458,FL,Aetna,INS85094,GRP3152,525077,PCN4671,19.51,146.44,327.32,I25.10,Hypertension,Psychotherapeutic,Chronic Disease,00,35,-17,Written,Paper,89.43,41.95,80,451,451,1,0,198.64,2,8,4,Sunday,Afternoon,1,0,0,Non-Formulary,1,1,Cash,Rejected,None,1,0,0,0,0,48.13,62.31,-29.87,0
RX00000761,2024-06-20,09:17:52,2024-06-21,5,60,Amlodipine,Simvastatin,29026-753-66,500mg,Syrup,143,37,280.84,955.82,2157.25,29.91,Schedule III,PH0035,Pharmacist_152,RPH602349,FL,19,PHM0011,HealthPlus Pharmacy,Independent,4247 Washington St,Phoenix,TX,26286,(804) 356-7599,PHL18621,8594038814,FV7690724,DOC0010,Dr. Miller T,5933433505,AW5753462,MD268554,Endocrinology,919 Medical Blvd,Los Angeles,IL,25674,(601) 324-1679,9,PAT004194,28,M,23907,CA,Medicare,INS14399,GRP5915,121431,PCN5746,71.14,2233.91,327.92,F33.1,Arthritis,Analgesic,Acute Condition,02,261,-27,Electronic,Paper,0.67,5.99,352,475,418,0,0,193.19,0,7,3,Friday,Night,0,0,1,Tier 2,0,3,Cash,Pending,88,0,0,1,1,0,83.27,58.18,31.31,1
RX00000762,2025-10-29,14:17:35,2025-01-08,8,90,Oxycodone,Morphine,78624-653-93,50mg,Syrup,78,180,68.52,1712.79,4056.9,37.99,Schedule V,PH0131,Pharmacist_104,RPH405573,OH,23,PHM0015,CarePlus Pharmacy,Independent,7028 Park St,Philadelphia,TX,51441,(309) 376-7830,PHL53240,4798831007,FP7971437,DOC0271,Dr. Brown O,5761331429,AL3884855,MD431361,Pediatrics,1604 Health Blvd,Phoenix,NY,33927,(290) 280-3479,25,PAT004415,31,Other,64048,IL,Kaiser Permanente,INS13130,GRP7403,325018,PCN5886,32.58,4323.04,337.76,K21.9,Asthma,Antidiabetic,Acute Condition,00,0,-12,Electronic,Fax,6.72,25.29,429,767,382,0,1,50.6,5,3,4,Tuesday,Evening,0,0,1,Tier 2,1,0,Insurance,Pending,75,1,0,0,1,0,94.85,47.61,92.55,0
RX00000763,2025-12-10,16:17:46,2024-07-25,7,60,Atorvastatin,Clopidogrel,24898-455-90,50mg,Injection,39,53,34.76,3649.19,4225.78,26.25,Schedule IV,PH0162,Pharmacist_50,RPH352823,PA,12,PHM0003,TrustedMeds,Independent,6981 Main St,New York,OH,94556,(892) 827-4656,PHL66981,8723249623,FY5759088,DOC0018,Dr. Miller Y,3317641772,AF4257780,MD342226,Oncology,2721 Hospital Blvd,Chicago,IL,92573,(459) 897-7122,39,PAT003549,48,Other,38117,PA,Medicaid,INS50372,GRP7410,165364,PCN8379,28.84,4368.71,196.55,R51,Asthma,Cardiovascular,Chronic Disease,02,165,-3,Written,Paper,0.58,39.61,220,771,160,0,1,144.06,3,10,5,Sunday,Morning,0,1,0,Tier 3,0,2,Check,Pending,79,1,0,0,0,1,85.2,47.69,-10.44,1
RX00000764,2024-04-25,17:50:17,2025-11-28,8,90,Gabapentin,Oxycodone,69273-575-28,100mg,Cream,125,49,255.81,3108.2,629.17,48.94,None,PH0077,Pharmacist_1,RPH125539,OH,19,PHM0025,Prime Pharmacy,Walgreens,960 Park St,Houston,IL,81021,(302) 685-4865,PHL66628,7549825068,FO6763992,DOC0421,Dr. Johnson I,9100102257,AF2919415,MD509507,Pediatrics,2801 Medical Blvd,New York,CA,77805,(251) 737-3766,39,PAT002671,50,Other,83658,PA,Kaiser Permanente,INS27512,GRP2373,867463,PCN2339,65.06,506.25,403.14,E78.5,Asthma,Antibiotic,Acute Condition,01,96,-15,Written,Fax,82.42,48.42,344,549,184,1,0,168.57,3,6,0,Monday,Night,1,0,1,Tier 1,1,1,Cash,Reversed,None,0,0,1,0,1,19.23,73.46,83.85,0
RX00000765,2024-05-17,14:45:44,2024-05-14,0,60,Hydrochlorothiazide,Tramadol,54645-284-19,250mg,Tablet,159,52,198.08,630.26,4339.16,29.17,Schedule III,PH0003,Pharmacist_76,RPH938471,FL,27,PHM0004,Metro Pharmacy,Independent,4154 Main St,Houston,NY,53229,(485) 630-1784,PHL12016,8489449020,FS8720353,DOC0348,Dr. Garcia I,9845056022,AP8332563,MD641149,Oncology,6358 Clinic Blvd,Chicago,IL,29920,(520) 547-4781,16,PAT002076,86,Other,59945,IL,Kaiser Permanente,INS50411,GRP7660,673084,PCN1988,0.5,796.99,7.4,R51,Arthritis,Antidiabetic,Chronic Disease,03,185,-18,Written,Fax,40.86,44.95,192,705,462,1,1,57.44,1,10,7,Wednesday,Afternoon,0,0,1,Tier 1,0,4,Cash,Pending,75,1,0,0,1,1,93.16,18.69,73.49,0
RX00000766,2024-03-02,17:06:12,2024-03-24,4,60,Albuterol,Ciprofloxacin,40233-340-26,100mg,Injection,111,32,188.46,1096.42,2261.07,28.56,None,PH0118,Pharmacist_39,RPH910187,OH,10,PHM0022,Central Drug Store,Independent,2958 Maple St,Houston,TX,77932,(321) 557-4421,PHL33539,6616326801,FU1869997,DOC0283,Dr. Garcia M,4675034822,AT9618327,MD213016,General Practice,192 Clinic Blvd,Chicago,TX,32534,(235) 992-7414,1,PAT004961,49,Other,91955,OH,Anthem,INS16973,GRP1903,839667,PCN8955,54.77,3348.95,288.34,F33.1,Diabetes,Antibiotic,Pain,03,50,26,Fax,Fax,93.98,9.13,105,918,244,0,0,-33.79,3,5,1,Monday,Afternoon,1,1,1,Non-Formulary,1,4,Insurance,Paid,75,0,0,0,0,1,35.63,0.3,-2.64,0
RX00000767,2024-01-07,12:13:04,2025-07-27,4,90,Clopidogrel,Escitalopram,42796-109-99,10mg,Cream,83,11,492.2,1227.98,2471.68,44.06,None,PH0030,Pharmacist_150,RPH492589,IL,30,PHM0046,MediCare Drug Store,CVS,6970 Main St,Houston,PA,40425,(470) 240-7080,PHL20426,4816742425,FB1774215,DOC0307,Dr. Williams O,1799475119,AS7268676,MD316060,Orthopedics,7508 Medical Blvd,Phoenix,NY,39722,(425) 326-7700,32,PAT000973,71,M,88352,IL,Anthem,INS82157,GRP2072,791166,PCN8664,77.44,1384.85,485.61,F41.9,Depression,Analgesic,Infection,01,176,22,Phone,Electronic,87.48,15.83,26,145,163,0,0,178.62,2,7,4,Thursday,Night,0,1,0,Tier 3,1,0,Cash,Reversed,None,0,1,1,1,0,61.28,55.88,1.24,0
RX00000768,2024-02-24,11:39:49,2025-05-14,6,90,Amlodipine,Methylprednisolone,49444-855-86,250mg,Syrup,135,57,15.4,266.28,4025.41,12.36,None,PH0078,Pharmacist_139,RPH200880,CA,17,PHM0027,Express Meds,Independent,1558 Oak St,Phoenix,OH,86998,(943) 432-4994,PHL19622,2849011145,FV5848383,DOC0072,Dr. Jones E,4294872357,AX5677151,MD736725,Dermatology,8089 Medical Blvd,New York,TX,23036,(675) 607-4054,36,PAT002724,31,M,42765,PA,BlueCross BlueShield,INS19262,GRP7746,387708,PCN1685,73.9,114.38,492.66,N18.3,Arthritis,Antidiabetic,Infection,00,56,3,Written,Fax,99.59,30.69,142,251,262,0,0,67.82,2,10,8,Tuesday,Morning,0,0,0,Non-Formulary,0,2,Credit Card,Paid,88,1,0,0,1,1,98.62,73.15,95.4,0
RX00000769,2025-09-23,09:41:14,2025-04-06,3,30,Losartan,Amlodipine,34105-715-38,10mg,Syrup,159,69,302.46,4474.17,2330.29,11.96,Schedule II,PH0054,Pharmacist_94,RPH838309,IL,26,PHM0016,Express Meds,Walgreens,7936 Oak St,Houston,NY,45405,(655) 306-4824,PHL84941,5701015628,FK3791562,DOC0001,Dr. Brown V,9490829988,AX4341962,MD105729,General Practice,7888 Hospital Blvd,Chicago,CA,40639,(605) 493-9602,3,PAT000102,39,Other,56536,OH,Humana,INS11206,GRP8069,843901,PCN5409,90.21,3343.56,314.39,J45.909,Arthritis,Antidiabetic,Acute Condition,02,33,1,Phone,Fax,4.56,37.2,469,725,353,1,0,107.88,1,9,1,Tuesday,Afternoon,1,1,1,Non-Formulary,1,2,Insurance,Pending,88,0,0,0,0,1,92.26,61.69,-56.25,1
RX00000770,2024-07-19,11:50:19,2025-05-28,6,60,Hydrochlorothiazide,Sertraline,60291-534-35,10mg,Cream,176,21,189.74,2858.62,2474.5,46.94,Schedule III,PH0198,Pharmacist_157,RPH383908,CA,26,PHM0027,HealthPlus Pharmacy,Walgreens,5200 Washington St,Chicago,CA,53440,(674) 296-8952,PHL96911,3480896033,FW4889702,DOC0151,Dr. Smith A,5230771125,AQ9445531,MD312503,Pediatrics,9571 Hospital Blvd,Phoenix,TX,48891,(539) 535-1676,31,PAT002541,39,Other,98887,IL,Aetna,INS81413,GRP1331,305768,PCN8993,96.8,3079.34,134.0,E11.9,Hypertension,Cardiovascular,Pain,02,221,3,Fax,Fax,16.5,29.9,115,962,121,1,1,190.18,4,6,4,Wednesday,Afternoon,0,0,1,Non-Formulary,0,4,Debit Card,Reversed,88,1,0,1,1,1,4.72,96.76,-62.46,0
RX00000771,2025-08-13,18:25:02,2024-12-17,11,60,Methylprednisolone,Hydrochlorothiazide,81688-170-50,100mg,Syrup,145,40,497.57,187.87,3364.24,18.8,Schedule IV,PH0093,Pharmacist_17,RPH288327,TX,24,PHM0032,Wellness Pharmacy,CVS,7911 Park St,Philadelphia,IL,45156,(723) 238-1934,PHL29225,4447044303,FZ4736995,DOC0085,Dr. Johnson Q,5516262193,AQ7449110,MD849164,Neurology,7942 Hospital Blvd,Los Angeles,NY,58899,(881) 259-2707,24,PAT002956,75,M,30810,NY,Aetna,INS34149,GRP4972,836801,PCN3210,40.18,166.35,226.73,E78.5,Depression,Analgesic,Acute Condition,04,363,3,Phone,Paper,20.04,3.11,464,629,412,0,0,-28.76,2,2,3,Wednesday,Afternoon,0,1,0,Tier 3,1,3,Debit Card,Rejected,79,1,1,0,0,0,89.1,70.72,43.15,0
RX00000772,2025-03-20,14:30:14,2025-05-24,10,90,Oxycodone,Oxycodone,16360-737-29,10mg,Capsule,123,20,56.72,1069.76,707.63,16.8,Schedule II,PH0030,Pharmacist_112,RPH718989,TX,31,PHM0018,CarePlus Pharmacy,CVS,4365 Main St,Phoenix,IL,24463,(979) 970-6905,PHL92914,8938456265,FC7271234,DOC0324,Dr. Smith E,3405920871,AC6080895,MD222697,Oncology,1483 Health Blvd,Houston,NY,77061,(618) 290-1444,36,PAT002868,56,M,92671,OH,Cigna,INS18072,GRP4190,250445,PCN6876,22.19,1451.93,294.98,N18.3,Depression,Analgesic,Preventive,03,92,-30,Electronic,Fax,48.06,0.89,326,428,148,1,0,60.47,0,9,2,Sunday,Afternoon,1,1,0,Non-Formulary,1,0,Debit Card,Paid,None,1,0,0,0,0,55.76,63.11,-99.13,0
RX00000773,2024-08-02,12:20:13,2024-10-06,11,60,Simvastatin,Ibuprofen,28023-499-70,500mg,Syrup,35,54,40.86,1983.28,4343.71,12.44,Schedule III,PH0150,Pharmacist_98,RPH295670,NY,15,PHM0040,QuickMeds,Rite Aid,2444 Maple St,Philadelphia,IL,44421,(423) 785-8006,PHL16478,7822645252,FW1909513,DOC0007,Dr. Miller O,3501295952,AS2331071,MD104272,Oncology,1667 Clinic Blvd,New York,FL,19140,(842) 261-9696,5,PAT003378,65,M,54748,IL,Medicaid,INS57456,GRP2032,911302,PCN6983,64.34,905.17,426.35,E11.9,Asthma,Analgesic,Preventive,01,334,-7,Phone,Phone,1.59,7.63,141,655,227,1,0,79.82,5,1,5,Tuesday,Morning,0,1,1,Non-Formulary,0,2,Debit Card,Reversed,88,0,0,1,1,1,80.64,68.81,21.02,1
RX00000774,2024-10-25,16:00:06,2025-06-14,11,60,Simvastatin,Methylprednisolone,90340-297-16,10mg,Syrup,89,124,201.71,4842.46,3558.86,38.27,Schedule V,PH0070,Pharmacist_79,RPH248828,PA,12,PHM0035,TrustedMeds,Independent,8529 Oak St,Los Angeles,TX,57645,(284) 362-7151,PHL61810,3551406911,FP4053025,DOC0017,Dr. Miller O,1795579814,AH8277117,MD745629,Cardiology,9224 Health Blvd,Houston,CA,32070,(332) 800-7591,15,PAT000608,70,F,16290,CA,Aetna,INS46052,GRP1976,410213,PCN1162,74.96,939.92,490.51,I10,Arthritis,Antidiabetic,Pain,04,249,-23,Phone,Fax,3.13,23.92,432,639,202,0,1,134.38,2,0,4,Thursday,Morning,1,0,0,Non-Formulary,1,2,Debit Card,Reversed,75,1,1,0,0,0,93.03,79.56,-74.11,1
RX00000775,2024-07-22,15:51:59,2025-12-07,10,90,Sertraline,Morphine,15275-735-80,20mg,Capsule,26,114,432.46,3619.55,4091.26,43.97,Schedule II,PH0047,Pharmacist_71,RPH109133,PA,34,PHM0019,Central Drug Store,Independent,8258 Maple St,Phoenix,NY,79571,(448) 471-2310,PHL63357,4253207860,FK3228518,DOC0081,Dr. Jones P,6481639791,AA3352403,MD697080,Neurology,3322 Hospital Blvd,Los Angeles,NY,72723,(633) 220-4391,38,PAT001477,33,Other,23559,FL,Kaiser Permanente,INS75602,GRP1619,507350,PCN5226,93.9,4076.89,255.97,F33.1,Depression,Cardiovascular,Infection,04,297,2,Fax,Fax,25.22,35.15,438,116,124,0,1,-0.44,4,3,0,Friday,Night,1,0,1,Non-Formulary,0,2,Insurance,Reversed,79,0,0,1,0,1,65.8,45.94,-52.01,0
RX00000776,2025-02-01,18:57:41,2025-04-15,3,30,Azithromycin,Gabapentin,99046-742-41,20mg,Syrup,14,110,288.14,2635.68,1309.57,18.68,Schedule II,PH0188,Pharmacist_133,RPH749255,CA,11,PHM0021,Prime Pharmacy,Walgreens,8275 Main St,Philadelphia,NY,72041,(756) 204-7449,PHL59501,9231170516,FQ3863119,DOC0363,Dr. Brown X,2357258373,AE9057027,MD903866,Cardiology,1661 Medical Blvd,Phoenix,NY,65191,(257) 604-4708,32,PAT000099,59,F,50345,TX,Anthem,INS54145,GRP2702,450546,PCN5471,62.5,3766.21,87.96,M54.5,Asthma,Antidiabetic,Pain,02,161,-29,Electronic,Electronic,57.05,11.32,335,569,131,0,0,185.81,2,8,1,Wednesday,Morning,0,0,0,Tier 1,0,2,Insurance,Pending,76,0,0,1,1,1,63.72,50.4,43.83,0
RX00000777,2025-01-15,13:06:37,2024-08-05,12,30,Simvastatin,Omeprazole,48232-825-44,50mg,Syrup,116,105,419.72,801.5,2225.95,30.07,Schedule III,PH0137,Pharmacist_65,RPH474392,IL,32,PHM0009,HealthPlus Pharmacy,CVS,885 Maple St,New York,CA,21248,(592) 222-1367,PHL28345,7807074007,FP8688906,DOC0017,Dr. Brown N,4182929531,AS3965641,MD149952,Orthopedics,9586 Health Blvd,Houston,NY,67609,(657) 549-6688,24,PAT003628,56,Other,40438,CA,Self-Pay,INS34830,GRP7274,500637,PCN8284,87.98,412.17,82.13,E78.5,Diabetes,Antibiotic,Infection,01,310,22,Phone,Fax,2.04,8.43,453,589,117,0,1,83.97,5,9,3,Saturday,Night,1,0,1,Tier 2,1,2,Insurance,Rejected,None,1,1,0,0,1,88.99,7.24,-58.89,1
RX00000778,2025-02-17,18:40:03,2024-09-22,9,60,Sertraline,Amlodipine,90632-317-45,10mg,Tablet,57,65,439.88,1505.86,1832.39,13.15,Schedule V,PH0083,Pharmacist_13,RPH493500,IL,26,PHM0030,City Pharmacy,CVS,200 Washington St,Chicago,FL,50319,(205) 928-6578,PHL58569,4041191279,FH8982069,DOC0488,Dr. Williams A,2758085952,AK7113775,MD613051,Cardiology,4648 Health Blvd,Phoenix,FL,97571,(264) 335-4803,31,PAT001445,89,F,41096,TX,Medicare,INS62485,GRP9497,475148,PCN8108,25.32,2806.28,173.77,F33.1,Asthma,Psychotherapeutic,Preventive,00,317,-10,Electronic,Fax,97.44,4.17,354,450,243,1,0,88.47,3,8,6,Thursday,Evening,1,1,0,Tier 3,0,3,Insurance,Paid,88,0,1,1,0,1,66.61,73.64,-54.39,0
RX00000779,2024-09-19,18:27:01,2025-04-12,11,90,Gabapentin,Morphine,58015-327-12,10mg,Injection,172,58,140.75,1804.62,2162.04,39.06,Schedule II,PH0190,Pharmacist_22,RPH248305,IL,8,PHM0016,MediCare Drug Store,CVS,1069 Park St,Chicago,NY,78899,(256) 322-9988,PHL17193,8329972200,FY4169058,DOC0410,Dr. Brown J,5169933003,AX8008772,MD118679,Cardiology,2744 Health Blvd,Houston,TX,54892,(900) 970-9404,25,PAT000604,84,Other,93264,PA,Humana,INS27132,GRP1482,501660,PCN3465,86.38,1324.88,267.36,G89.29,Diabetes,Cardiovascular,Infection,04,73,-8,Phone,Fax,66.96,17.45,163,153,0,0,0,67.79,2,3,8,Wednesday,Morning,0,0,0,Tier 3,0,2,Debit Card,Paid,79,0,1,1,1,1,4.72,15.14,19.5,0
RX00000780,2024-09-22,09:53:48,2025-10-02,3,90,Omeprazole,Azithromycin,97808-453-18,50mg,Injection,73,102,145.66,2310.47,1657.33,17.47,Schedule V,PH0198,Pharmacist_83,RPH413381,OH,30,PHM0027,City Pharmacy,CVS,130 Washington St,Phoenix,OH,40312,(923) 862-5649,PHL76892,9062578894,FP4555503,DOC0472,Dr. Brown A,1794683627,AW9010069,MD511112,Neurology,7939 Clinic Blvd,Los Angeles,NY,65173,(510) 937-2371,31,PAT001309,41,F,57505,CA,Humana,INS55823,GRP9328,444135,PCN1365,12.42,816.6,292.6,E11.9,Asthma,Cardiovascular,Pain,00,28,-20,Fax,Paper,54.69,43.48,299,697,490,0,0,121.82,5,1,0,Thursday,Afternoon,1,0,1,Tier 1,0,4,Insurance,Reversed,None,1,1,0,1,0,30.39,81.12,18.98,0
RX00000781,2024-03-16,16:47:10,2024-02-08,0,30,Gabapentin,Gabapentin,62401-786-85,50mg,Capsule,167,171,380.1,3800.21,1310.85,11.7,Schedule IV,PH0126,Pharmacist_152,RPH863604,IL,15,PHM0001,Express Meds,Walgreens,2247 Main St,Chicago,TX,36854,(720) 364-4226,PHL41446,1723869724,FG1611787,DOC0009,Dr. Smith S,8624508120,AU9621895,MD912576,Orthopedics,2338 Health Blvd,Houston,NY,42363,(551) 630-2645,5,PAT004893,54,M,63823,CA,Humana,INS74310,GRP6367,506945,PCN3258,58.65,2509.59,74.88,E78.5,Depression,Analgesic,Pain,04,328,15,Electronic,Phone,2.77,43.7,362,809,128,1,0,176.55,2,8,8,Tuesday,Evening,1,0,1,Non-Formulary,0,3,Check,Paid,None,1,1,0,0,1,90.28,98.97,-21.52,1
RX00000782,2025-02-13,09:19:48,2025-11-16,7,60,Lisinopril,Gabapentin,28781-183-12,50mg,Syrup,72,94,371.75,4079.48,864.76,9.51,Schedule II,PH0182,Pharmacist_67,RPH972727,IL,32,PHM0045,Express Meds,Independent,9488 Oak St,Los Angeles,IL,23363,(260) 935-9958,PHL15567,7190181022,FR7233301,DOC0013,Dr. Garcia Q,9586409996,AT2437078,MD811407,Endocrinology,2955 Hospital Blvd,New York,FL,66835,(801) 639-1951,15,PAT004353,48,F,74356,OH,Medicaid,INS66419,GRP3441,529382,PCN5496,42.2,377.56,198.11,E78.5,Hypertension,Cardiovascular,Preventive,03,11,-9,Written,Paper,1.07,16.42,18,906,113,0,1,110.41,4,6,1,Sunday,Morning,1,0,1,Non-Formulary,1,0,Cash,Pending,79,0,0,0,1,0,71.55,48.33,-39.97,1
RX00000783,2024-09-18,12:29:27,2025-07-02,1,90,Albuterol,Methylprednisolone,41853-856-79,500mg,Capsule,91,156,115.15,384.05,2284.1,16.46,Schedule IV,PH0016,Pharmacist_114,RPH169257,IL,9,PHM0024,Family Pharmacy,Rite Aid,5458 Main St,New York,FL,20156,(458) 502-1410,PHL35213,2225986157,FR8654568,DOC0165,Dr. Williams U,7032817733,AG2900529,MD865957,Neurology,874 Medical Blvd,Houston,FL,60536,(202) 386-8210,40,PAT000752,34,F,19913,TX,Humana,INS14814,GRP9408,789832,PCN7002,40.08,3915.68,2.51,R51,Diabetes,Antibiotic,Preventive,00,29,-27,Phone,Paper,97.05,15.67,175,216,77,0,0,-39.19,5,7,4,Saturday,Afternoon,0,0,1,Tier 3,0,0,Credit Card,Reversed,88,0,0,1,1,1,13.58,24.72,69.52,0
RX00000784,2024-02-04,16:08:16,2024-07-04,1,60,Morphine,Azithromycin,34387-727-73,10mg,Capsule,27,33,340.47,3719.57,3660.83,19.75,Schedule V,PH0075,Pharmacist_55,RPH392189,PA,12,PHM0006,Corner Pharmacy,Independent,2722 Main St,Philadelphia,IL,33983,(750) 737-3758,PHL86969,5700858489,FL6212043,DOC0095,Dr. Miller O,9778140780,AV6370333,MD396087,Dermatology,3529 Hospital Blvd,New York,NY,52033,(803) 919-6873,19,PAT001576,36,Other,46193,TX,Cigna,INS89922,GRP4006,282297,PCN1976,98.93,2314.98,325.55,I10,Hypertension,Antibiotic,Pain,04,298,5,Electronic,Electronic,24.11,37.24,353,758,30,0,1,175.3,5,7,2,Tuesday,Afternoon,1,0,1,Tier 1,0,3,Cash,Pending,None,1,0,1,0,1,39.01,42.42,77.8,0
RX00000785,2024-10-18,09:28:17,2024-12-09,5,60,Omeprazole,Escitalopram,82825-881-14,10mg,Cream,134,34,359.38,457.15,3652.26,5.39,Schedule IV,PH0049,Pharmacist_76,RPH137149,IL,27,PHM0007,Central Drug Store,CVS,9721 Park St,Los Angeles,FL,29505,(900) 433-7345,PHL24436,5772809169,FO8830716,DOC0057,Dr. Brown N,9342333750,AE4380940,MD590062,General Practice,8320 Clinic Blvd,New York,FL,83840,(923) 230-6039,30,PAT003065,62,M,35830,OH,BlueCross BlueShield,INS41888,GRP4414,825885,PCN6125,63.22,89.85,89.12,J44.9,Asthma,Cardiovascular,Pain,00,59,15,Phone,Phone,0.7,30.76,144,109,147,1,0,103.84,1,1,2,Sunday,Morning,1,0,0,Tier 1,0,4,Check,Pending,None,1,1,1,0,1,89.32,39.57,-81.22,0
RX00000786,2024-03-03,16:25:00,2024-11-03,8,90,Atorvastatin,Metformin,73374-856-49,50mg,Injection,14,133,126.12,3344.87,1497.82,11.25,Schedule V,PH0159,Pharmacist_68,RPH792814,IL,35,PHM0038,HealthPlus Pharmacy,Rite Aid,6637 Oak St,Phoenix,CA,59590,(230) 248-8353,PHL61782,7738143456,FC8014328,DOC0002,Dr. Williams V,7691663447,AA2224278,MD465199,Orthopedics,5802 Medical Blvd,Houston,NY,54051,(504) 312-8101,29,PAT004308,60,M,13431,TX,Humana,INS51143,GRP7351,587929,PCN6649,64.46,2308.8,457.99,J45.909,Hypertension,Psychotherapeutic,Acute Condition,01,69,10,Electronic,Paper,1.58,49.01,164,9,380,1,0,102.54,0,2,7,Wednesday,Morning,1,0,1,Tier 3,0,0,Credit Card,Reversed,79,0,1,0,0,0,91.72,57.63,53.53,1
RX00000787,2025-11-03,10:49:33,2024-09-22,10,60,Metformin,Tramadol,91498-549-62,250mg,Tablet,66,139,282.04,4323.76,3555.07,5.97,None,PH0140,Pharmacist_128,RPH850548,TX,3,PHM0012,QuickMeds,Independent,9757 Park St,Los Angeles,OH,64999,(540) 860-1293,PHL15536,5192796628,FC1352974,DOC0222,Dr. Jones K,3388055068,AK9787486,MD384247,Orthopedics,3118 Medical Blvd,Phoenix,FL,56606,(329) 254-8439,32,PAT002400,84,F,16329,NY,Kaiser Permanente,INS63319,GRP4805,598151,PCN9329,95.19,404.22,345.3,J45.909,Arthritis,Psychotherapeutic,Pain,04,224,-21,Fax,Paper,14.88,8.68,257,380,497,1,1,52.22,3,9,7,Wednesday,Evening,0,1,0,Tier 2,1,0,Check,Rejected,79,0,1,0,1,1,63.09,47.81,1.84,0
RX00000788,2025-02-09,09:52:46,2024-01-05,9,60,Rosuvastatin,Oxycodone,62765-618-15,50mg,Capsule,144,147,245.24,3413.21,732.31,41.19,Schedule V,PH0102,Pharmacist_113,RPH824701,NY,19,PHM0008,Metro Pharmacy,Independent,5957 Maple St,New York,PA,57654,(684) 271-8784,PHL67159,6026412693,FS7381902,DOC0337,Dr. Brown F,5883573932,AP8181497,MD929979,Oncology,5543 Clinic Blvd,New York,TX,66477,(569) 821-9283,15,PAT000534,52,M,17426,IL,Self-Pay,INS55270,GRP4748,265987,PCN2684,54.16,3933.0,118.51,M25.551,Depression,Analgesic,Pain,02,340,2,Fax,Phone,47.11,13.22,107,833,307,0,0,80.82,3,7,1,Friday,Morning,1,1,0,Tier 3,0,4,Debit Card,Reversed,76,1,1,1,0,1,76.58,65.59,73.31,0
RX00000789,2025-04-12,18:49:56,2024-05-22,3,60,Escitalopram,Gabapentin,97231-780-84,50mg,Tablet,22,86,153.26,329.96,3804.33,33.45,None,PH0190,Pharmacist_194,RPH549940,CA,13,PHM0001,TrustedMeds,Rite Aid,9854 Park St,Chicago,NY,59341,(438) 483-9621,PHL62358,5649455149,FX8187746,DOC0002,Dr. Williams R,6124006532,AA5308258,MD680977,Psychiatry,4164 Clinic Blvd,New York,NY,72226,(216) 653-9547,31,PAT000236,47,Other,34911,OH,BlueCross BlueShield,INS21459,GRP5581,169440,PCN2837,50.64,4098.75,315.77,K21.9,Hypertension,Antidiabetic,Preventive,01,364,16,Written,Fax,1.94,31.0,460,430,458,1,1,193.56,3,0,5,Thursday,Evening,0,0,1,Tier 1,0,4,Insurance,Paid,None,0,0,1,0,1,80.52,18.51,90.73,1
RX00000790,2024-04-08,08:37:03,2025-02-08,2,30,Atorvastatin,Clopidogrel,93612-965-62,20mg,Syrup,99,112,154.69,188.39,2815.73,39.84,Schedule IV,PH0152,Pharmacist_175,RPH407813,OH,10,PHM0042,HealthPlus Pharmacy,Walgreens,9894 Oak St,Los Angeles,CA,31826,(264) 433-6353,PHL27069,5406481595,FN5395546,DOC0020,Dr. Garcia H,1928539162,AL8048555,MD228220,General Practice,3412 Health Blvd,New York,CA,54927,(664) 691-6014,20,PAT000699,71,F,29940,CA,Humana,INS52676,GRP9430,420737,PCN9473,82.05,2818.55,448.52,M79.7,Hypertension,Antidiabetic,Preventive,01,215,16,Written,Fax,2.83,33.86,193,567,296,0,1,182.44,4,1,4,Saturday,Morning,1,1,0,Tier 1,1,2,Debit Card,Paid,None,1,0,0,1,0,94.98,64.09,-8.43,1
RX00000791,2025-04-30,09:48:55,2024-07-04,8,30,Ciprofloxacin,Losartan,53167-558-14,10mg,Injection,17,34,213.86,3306.63,2794.1,37.13,Schedule III,PH0147,Pharmacist_77,RPH277634,TX,16,PHM0021,MediCare Drug Store,CVS,6017 Oak St,Houston,CA,90366,(507) 359-1471,PHL60869,8127652438,FI1061150,DOC0067,Dr. Jones A,7794468346,AR3611593,MD786371,General Practice,2395 Medical Blvd,Chicago,TX,85908,(991) 859-7980,13,PAT000095,82,M,89741,PA,Medicare,INS72671,GRP3240,789049,PCN6552,11.35,2438.0,250.42,M54.5,Asthma,Psychotherapeutic,Chronic Disease,01,154,22,Written,Electronic,62.61,9.0,199,231,326,1,1,124.86,4,3,5,Wednesday,Evening,1,0,1,Tier 3,1,2,Credit Card,Rejected,88,0,0,0,1,0,17.04,56.53,-10.82,0
RX00000792,2025-05-17,16:09:27,2024-07-29,8,30,Albuterol,Levothyroxine,67780-461-84,250mg,Injection,106,144,439.36,2334.18,2496.82,8.08,Schedule III,PH0032,Pharmacist_178,RPH342259,CA,20,PHM0028,Main Street Pharmacy,Independent,2687 Park St,Phoenix,NY,36653,(842) 712-7172,PHL98345,6226050390,FL9461103,DOC0376,Dr. Brown F,6257726297,AZ5161952,MD785563,Psychiatry,2557 Clinic Blvd,Phoenix,TX,94691,(801) 757-2211,7,PAT002114,65,F,57322,IL,Medicare,INS39283,GRP9711,528499,PCN9941,52.59,1651.59,346.33,F41.9,Depression,Cardiovascular,Pain,02,91,-12,Fax,Electronic,48.58,48.58,380,451,164,0,0,164.24,5,0,0,Sunday,Afternoon,0,0,0,Tier 3,0,3,Credit Card,Paid,79,0,1,0,0,1,90.31,62.44,59.56,0
RX00000793,2025-11-12,18:02:57,2025-07-22,9,90,Hydrochlorothiazide,Oxycodone,94406-816-57,500mg,Syrup,149,57,403.18,362.92,3386.27,33.31,Schedule IV,PH0189,Pharmacist_43,RPH980224,OH,31,PHM0002,TrustedMeds,Independent,9203 Park St,New York,NY,77385,(771) 706-3050,PHL24851,3324959409,FM1034417,DOC0470,Dr. Brown T,6926805709,AR9478608,MD887861,Pediatrics,4216 Health Blvd,Phoenix,TX,89927,(448) 289-8403,13,PAT001620,35,M,13815,FL,Aetna,INS46535,GRP1504,586136,PCN3626,87.57,1279.26,167.94,G89.29,Depression,Antidiabetic,Preventive,01,65,2,Fax,Phone,97.8,47.79,126,914,357,1,0,9.86,0,5,0,Tuesday,Evening,0,0,1,Tier 1,0,2,Credit Card,Paid,75,1,0,1,0,0,50.46,88.4,30.42,0
RX00000794,2025-07-08,14:04:30,2024-12-05,1,60,Gabapentin,Metformin,78569-657-93,20mg,Capsule,139,125,16.48,722.52,3884.25,24.32,None,PH0056,Pharmacist_155,RPH706679,IL,11,PHM0014,Wellness Pharmacy,CVS,3644 Park St,Philadelphia,IL,68227,(933) 486-5744,PHL53026,1689480735,FO8054406,DOC0311,Dr. Garcia V,3832226069,AO9963000,MD539313,Psychiatry,222 Health Blvd,Houston,TX,47830,(864) 885-3080,1,PAT003719,22,F,74115,CA,Cigna,INS94636,GRP7072,807533,PCN3555,72.01,4087.62,44.01,G89.29,Asthma,Psychotherapeutic,Preventive,02,59,-25,Fax,Electronic,68.75,17.42,66,205,175,0,0,163.05,5,2,6,Tuesday,Evening,1,1,1,Non-Formulary,1,3,Credit Card,Reversed,76,1,0,1,1,1,69.74,65.69,13.76,0
RX00000795,2024-06-20,13:47:48,2025-10-17,1,60,Hydrochlorothiazide,Methylprednisolone,44772-561-98,50mg,Tablet,85,118,458.62,4282.97,974.0,42.95,Schedule III,PH0077,Pharmacist_168,RPH260141,NY,33,PHM0036,Express Meds,Independent,3838 Oak St,Houston,CA,32283,(783) 691-5741,PHL83514,6680879402,FT8115230,DOC0005,Dr. Garcia U,7676791742,AV4316167,MD317147,Oncology,2771 Medical Blvd,New York,IL,82172,(819) 665-7465,6,PAT000698,24,Other,88527,FL,Anthem,INS36255,GRP1634,271474,PCN9490,89.52,1902.1,435.61,N18.3,Depression,Analgesic,Chronic Disease,04,39,5,Electronic,Fax,3.21,30.99,55,674,241,1,0,149.82,0,4,8,Thursday,Afternoon,0,1,1,Tier 1,1,0,Insurance,Rejected,76,1,1,1,0,0,85.04,50.62,8.17,1
RX00000796,2025-08-11,15:44:17,2024-10-06,0,30,Metformin,Morphine,25976-191-56,100mg,Injection,70,171,60.68,3688.27,297.76,38.01,Schedule V,PH0069,Pharmacist_140,RPH488243,TX,30,PHM0045,HealthPlus Pharmacy,Independent,3251 Park St,Philadelphia,OH,39395,(730) 303-3431,PHL42773,1082873311,FZ5799179,DOC0018,Dr. Brown M,9506317477,AI5434732,MD552176,Neurology,5535 Medical Blvd,New York,CA,49271,(527) 372-8258,7,PAT003734,43,Other,11051,TX,Cigna,INS98286,GRP2613,904741,PCN2143,18.99,3848.54,438.87,E11.9,Asthma,Analgesic,Pain,00,210,15,Written,Fax,3.68,11.36,360,354,370,1,0,165.71,3,7,7,Tuesday,Morning,1,1,1,Tier 1,0,3,Cash,Pending,88,1,0,1,1,1,72.76,45.48,50.27,1
RX00000797,2024-10-07,09:25:46,2024-06-21,9,90,Omeprazole,Escitalopram,97803-423-12,10mg,Syrup,151,41,377.03,239.55,4456.52,27.37,Schedule II,PH0102,Pharmacist_71,RPH850220,FL,23,PHM0045,QuickMeds,Rite Aid,6620 Main St,Philadelphia,PA,15661,(568) 343-9169,PHL32687,9139838309,FL6209403,DOC0001,Dr. Johnson K,6608705726,AP1939475,MD224794,Oncology,2919 Health Blvd,New York,FL,48898,(746) 594-4537,22,PAT004213,84,M,84769,FL,Medicaid,INS44824,GRP8332,728200,PCN2837,98.98,3202.3,201.84,K21.9,Depression,Psychotherapeutic,Pain,02,154,-14,Electronic,Electronic,2.92,42.85,116,184,353,0,0,197.01,1,4,8,Saturday,Morning,1,0,1,Tier 3,0,2,Check,Paid,76,1,1,1,1,0,74.65,80.42,88.76,1
RX00000798,2024-04-06,12:10:17,2025-08-20,8,60,Amoxicillin,Hydrochlorothiazide,78822-701-17,10mg,Injection,15,111,246.36,4283.61,3184.65,49.42,Schedule II,PH0069,Pharmacist_8,RPH633001,NY,14,PHM0014,HealthPlus Pharmacy,Independent,606 Park St,Los Angeles,FL,38650,(436) 733-6276,PHL30078,6656045746,FA3386180,DOC0115,Dr. Garcia M,8205394260,AF2122417,MD667814,Orthopedics,5876 Health Blvd,New York,TX,69309,(702) 437-3015,31,PAT002694,48,F,39734,IL,Medicare,INS80650,GRP7267,787285,PCN1702,22.06,524.05,428.03,M25.551,Depression,Analgesic,Preventive,03,274,-20,Phone,Paper,50.81,48.42,211,598,132,0,1,96.69,3,1,7,Friday,Afternoon,0,0,0,Tier 1,1,3,Credit Card,Pending,None,1,1,1,1,0,11.44,65.66,9.24,0
RX00000799,2025-09-12,16:56:53,2024-02-19,3,90,Ciprofloxacin,Amoxicillin,27005-969-21,50mg,Injection,71,173,462.24,4703.05,33.61,47.99,Schedule IV,PH0026,Pharmacist_185,RPH495828,PA,12,PHM0010,Corner Pharmacy,Independent,7786 Park St,Chicago,FL,40538,(289) 265-1254,PHL87783,1553116610,FJ9735271,DOC0350,Dr. Miller D,2745573008,AC4172308,MD361991,Psychiatry,2927 Clinic Blvd,Houston,CA,23517,(581) 756-7677,31,PAT000886,90,F,55659,NY,Anthem,INS95618,GRP4931,993632,PCN1152,16.56,3760.23,449.79,K21.9,Asthma,Psychotherapeutic,Pain,01,70,11,Fax,Paper,68.4,28.19,376,950,377,1,1,-2.02,3,2,0,Friday,Morning,0,1,1,Tier 1,0,4,Cash,Paid,79,1,1,1,0,1,20.88,4.62,6.65,0
RX00000800,2025-09-14,17:08:16,2024-05-10,10,30,Montelukast,Gabapentin,76846-643-32,50mg,Tablet,150,64,320.56,1089.89,1889.41,11.62,Schedule IV,PH0174,Pharmacist_175,RPH166134,OH,2,PHM0007,Express Meds,Walgreens,8026 Oak St,Philadelphia,TX,28313,(678) 377-3836,PHL16509,8776600131,FR1172527,DOC0001,Dr. Jones A,3819883336,AL2255302,MD586286,Pediatrics,8947 Health Blvd,Los Angeles,NY,12537,(617) 749-7877,31,PAT002004,70,F,41281,PA,Medicaid,INS88175,GRP5355,166891,PCN7100,16.32,1610.13,260.36,J44.9,Hypertension,Analgesic,Preventive,00,35,-5,Fax,Phone,3.47,44.36,186,72,352,1,1,83.09,3,7,2,Tuesday,Evening,0,1,1,Non-Formulary,1,3,Check,Pending,79,1,0,0,0,1,89.74,1.91,-23.43,1
RX00000801,2024-10-31,13:02:39,2024-11-13,0,30,Ibuprofen,Montelukast,57413-997-98,250mg,Syrup,114,165,332.9,4983.88,3732.67,38.8,Schedule V,PH0165,Pharmacist_107,RPH344240,NY,12,PHM0038,Prime Pharmacy,Independent,2111 Park St,Chicago,PA,93158,(544) 908-8946,PHL59366,9455351929,FG5156908,DOC0045,Dr. Jones S,8616637400,AC3917054,MD356589,Psychiatry,3711 Medical Blvd,Houston,CA,89555,(428) 655-8651,4,PAT003248,33,Other,76189,OH,Medicare,INS80100,GRP1779,771840,PCN2318,54.89,3612.11,33.06,I25.10,Arthritis,Psychotherapeutic,Preventive,01,136,11,Written,Electronic,69.17,16.56,470,349,427,1,1,62.04,5,2,4,Tuesday,Night,1,0,0,Non-Formulary,1,1,Debit Card,Paid,79,0,0,1,1,1,10.23,81.15,11.43,0
RX00000802,2024-06-23,17:56:14,2024-12-01,1,60,Losartan,Ciprofloxacin,11462-612-75,500mg,Injection,13,25,432.69,1849.71,4165.72,30.01,Schedule II,PH0143,Pharmacist_29,RPH513681,CA,11,PHM0049,Prime Pharmacy,Walgreens,4193 Oak St,Chicago,TX,19055,(991) 317-1018,PHL32507,1749878515,FC4755027,DOC0246,Dr. Jones E,5601707704,AA3342513,MD255996,General Practice,3196 Health Blvd,New York,IL,91856,(698) 378-7858,16,PAT001974,37,Other,35662,NY,BlueCross BlueShield,INS11595,GRP3504,949522,PCN4338,17.02,3128.53,81.51,J44.9,Depression,Cardiovascular,Pain,03,70,-22,Electronic,Electronic,82.76,24.21,156,761,390,1,0,53.22,0,6,4,Sunday,Afternoon,1,1,1,Tier 1,0,4,Insurance,Rejected,79,1,0,1,1,0,11.24,67.24,11.6,0
RX00000803,2025-07-04,18:39:31,2025-07-08,11,60,Omeprazole,Methylprednisolone,78921-293-99,100mg,Syrup,90,67,222.2,271.21,3362.41,22.31,Schedule III,PH0193,Pharmacist_157,RPH137843,OH,35,PHM0023,TrustedMeds,Rite Aid,4892 Oak St,Los Angeles,PA,11235,(621) 539-4712,PHL25423,5507538008,FU6307288,DOC0006,Dr. Miller Y,6601878156,AO4990877,MD376339,General Practice,5487 Clinic Blvd,New York,NY,27783,(438) 646-7244,5,PAT003415,41,F,33879,NY,BlueCross BlueShield,INS96686,GRP2107,726329,PCN8555,21.74,3364.95,486.79,J45.909,Depression,Psychotherapeutic,Chronic Disease,02,74,19,Written,Phone,3.15,17.85,76,287,469,0,0,118.58,2,2,6,Saturday,Night,0,0,1,Non-Formulary,0,1,Insurance,Reversed,79,0,1,1,0,0,96.18,81.16,80.17,1
RX00000804,2024-05-27,16:50:26,2024-04-30,5,30,Levothyroxine,Escitalopram,10235-964-50,100mg,Tablet,50,133,95.7,112.96,3061.45,15.46,Schedule II,PH0016,Pharmacist_14,RPH108886,PA,3,PHM0014,Prime Pharmacy,Independent,294 Main St,New York,CA,83286,(250) 251-3841,PHL83281,4806010109,FD1061580,DOC0025,Dr. Johnson R,7570576716,AQ2762991,MD450485,Neurology,4856 Medical Blvd,Houston,IL,86091,(364) 635-7012,19,PAT000453,28,F,33092,PA,Humana,INS28284,GRP6817,808735,PCN7006,36.83,999.31,241.16,R51,Arthritis,Psychotherapeutic,Pain,02,339,-11,Phone,Paper,86.98,46.01,382,881,81,0,1,142.5,4,10,3,Tuesday,Afternoon,1,0,1,Non-Formulary,1,2,Credit Card,Reversed,75,0,1,0,1,1,87.77,40.5,-37.59,0
RX00000805,2025-12-06,09:47:18,2025-05-05,12,30,Ibuprofen,Metformin,66870-756-17,250mg,Injection,16,120,229.85,234.46,3237.45,5.5,Schedule III,PH0028,Pharmacist_158,RPH325846,TX,3,PHM0033,Express Meds,Independent,6178 Maple St,Los Angeles,NY,38911,(993) 558-9189,PHL47155,5616229318,FD3063778,DOC0009,Dr. Miller H,3208028140,AL2406655,MD790087,Pediatrics,7335 Hospital Blvd,Phoenix,IL,11221,(533) 428-8607,38,PAT004741,90,M,55310,PA,Kaiser Permanente,INS74812,GRP3449,679007,PCN8913,38.69,1359.86,417.54,G89.29,Hypertension,Antidiabetic,Infection,04,95,-6,Written,Paper,0.22,42.77,73,267,178,0,1,142.24,5,1,1,Thursday,Afternoon,1,0,0,Tier 3,1,2,Insurance,Pending,76,1,1,0,0,0,75.51,55.38,-11.28,1
RX00000806,2024-05-28,12:19:55,2024-08-24,6,30,Azithromycin,Escitalopram,74601-715-75,250mg,Cream,154,108,342.32,794.66,1864.04,47.29,Schedule II,PH0060,Pharmacist_51,RPH967472,PA,34,PHM0022,QuickMeds,CVS,5347 Park St,Phoenix,CA,50218,(784) 871-7527,PHL31187,2529740587,FL6398507,DOC0013,Dr. Jones A,4750461027,AW2896634,MD922670,Oncology,3718 Clinic Blvd,Los Angeles,CA,35500,(275) 417-6833,9,PAT000547,56,Other,76364,TX,Medicare,INS54397,GRP2244,571922,PCN5382,23.47,3648.1,31.81,M25.551,Diabetes,Antidiabetic,Infection,00,300,30,Fax,Paper,2.17,5.31,187,463,319,0,1,175.86,5,5,4,Tuesday,Evening,1,1,0,Tier 1,1,3,Insurance,Paid,79,0,0,0,1,1,86.61,66.69,81.3,1
RX00000807,2025-01-17,08:59:33,2024-12-16,5,30,Metformin,Ibuprofen,92963-869-78,10mg,Capsule,13,112,343.47,1740.13,2155.55,7.73,Schedule III,PH0119,Pharmacist_138,RPH587852,CA,16,PHM0041,CarePlus Pharmacy,Rite Aid,1812 Oak St,New York,CA,86789,(516) 854-3190,PHL69765,1330959237,FB4318465,DOC0348,Dr. Brown M,9505023800,AA8282893,MD319982,Orthopedics,9202 Health Blvd,Phoenix,IL,83077,(266) 979-6756,38,PAT002236,61,F,18050,FL,Self-Pay,INS93215,GRP6557,439956,PCN2762,33.04,3388.66,133.13,M79.7,Depression,Cardiovascular,Preventive,00,52,-6,Written,Phone,40.49,9.94,321,697,279,1,1,111.25,2,3,1,Thursday,Afternoon,0,0,0,Tier 2,0,0,Credit Card,Pending,75,0,0,0,1,0,93.78,86.48,23.75,0
RX00000808,2025-10-13,09:18:37,2024-10-31,3,90,Rosuvastatin,Clopidogrel,74943-517-79,50mg,Syrup,80,26,329.16,4634.38,510.05,31.79,None,PH0124,Pharmacist_196,RPH153692,FL,10,PHM0010,Corner Pharmacy,Independent,8286 Park St,Phoenix,TX,26564,(983) 622-1062,PHL35762,1648882106,FA4551297,DOC0404,Dr. Garcia S,1092541374,AT2901835,MD450687,Pediatrics,2335 Clinic Blvd,Phoenix,TX,29980,(719) 453-2665,8,PAT001167,32,M,53963,IL,Medicare,INS11736,GRP2404,295573,PCN5276,67.48,4027.22,351.39,M54.5,Arthritis,Cardiovascular,Infection,02,212,1,Phone,Paper,73.03,34.9,306,126,351,1,0,163.96,1,3,2,Monday,Evening,1,1,0,Tier 2,1,1,Debit Card,Reversed,88,0,1,0,0,0,91.17,39.22,-18.11,0
RX00000809,2024-04-07,08:15:32,2024-01-30,7,60,Azithromycin,Losartan,64418-924-67,100mg,Tablet,69,78,91.44,661.73,872.52,17.31,Schedule III,PH0061,Pharmacist_6,RPH828152,TX,31,PHM0006,Community Health Pharmacy,Walgreens,2919 Washington St,Los Angeles,PA,11503,(555) 282-4163,PHL89091,9515681228,FJ2642132,DOC0224,Dr. Williams S,4748364919,AY8134275,MD223053,Neurology,1396 Hospital Blvd,Phoenix,TX,29293,(526) 621-2473,39,PAT003235,40,M,27637,PA,Anthem,INS79845,GRP7853,249433,PCN7020,8.94,867.24,238.44,M79.7,Arthritis,Psychotherapeutic,Pain,02,185,-8,Written,Phone,72.78,33.03,106,111,295,0,0,131.1,2,4,6,Friday,Evening,0,0,1,Tier 3,0,0,Check,Reversed,79,0,0,1,0,0,19.9,64.19,-70.61,0
RX00000810,2024-10-17,10:38:48,2025-02-12,4,30,Amoxicillin,Sertraline,32725-122-35,10mg,Injection,96,134,444.78,519.64,656.8,27.43,Schedule II,PH0056,Pharmacist_171,RPH402655,IL,2,PHM0042,Central Drug Store,Independent,415 Main St,Los Angeles,FL,17374,(515) 776-5827,PHL74929,1555936716,FI3959209,DOC0310,Dr. Williams I,3302780189,AO2663913,MD686991,Endocrinology,9219 Medical Blvd,Chicago,TX,70059,(603) 797-3935,11,PAT004629,72,M,56699,OH,Medicaid,INS48942,GRP8784,768188,PCN1304,48.11,702.55,234.97,K21.9,Asthma,Psychotherapeutic,Preventive,02,319,-27,Electronic,Paper,60.83,2.38,138,816,45,0,0,161.25,5,9,7,Wednesday,Morning,1,0,1,Tier 1,1,0,Insurance,Reversed,76,0,1,0,0,1,94.46,21.74,99.67,0
RX00000811,2025-09-20,16:26:44,2024-07-13,3,90,Methylprednisolone,Rosuvastatin,99825-430-83,10mg,Syrup,108,168,122.1,1969.05,4325.41,37.13,Schedule II,PH0150,Pharmacist_18,RPH810613,IL,4,PHM0003,Main Street Pharmacy,Independent,2026 Park St,Philadelphia,CA,72504,(439) 843-3626,PHL22412,7980840817,FD5563027,DOC0420,Dr. Garcia C,7930824309,AW4436740,MD391147,General Practice,6530 Medical Blvd,Houston,CA,69599,(973) 951-8975,21,PAT002378,64,M,73511,PA,Kaiser Permanente,INS61841,GRP9244,790140,PCN7999,54.86,1326.53,245.01,I25.10,Asthma,Cardiovascular,Pain,00,322,-18,Electronic,Fax,58.09,33.63,236,955,3,0,0,116.14,1,9,2,Monday,Morning,1,0,1,Tier 3,1,3,Check,Reversed,None,1,1,1,0,0,90.19,39.14,-46.66,0
RX00000812,2025-03-10,18:03:40,2024-02-12,0,60,Oxycodone,Hydrochlorothiazide,53265-337-13,50mg,Capsule,37,83,360.36,3618.55,3690.34,35.98,Schedule IV,PH0192,Pharmacist_105,RPH466032,CA,17,PHM0002,Express Meds,CVS,6614 Maple St,New York,NY,85833,(753) 292-8097,PHL76335,1935353117,FF7370071,DOC0008,Dr. Johnson D,1078049899,AH6652072,MD632934,Endocrinology,4464 Health Blvd,Los Angeles,IL,25708,(539) 579-2647,21,PAT001420,31,Other,79357,OH,Cigna,INS63492,GRP3320,324219,PCN1455,53.57,3451.32,231.12,N18.3,Arthritis,Cardiovascular,Acute Condition,03,45,-22,Electronic,Paper,1.84,49.38,159,265,165,0,1,178.77,3,8,2,Sunday,Morning,1,0,1,Tier 3,1,0,Insurance,Rejected,79,1,0,0,1,1,87.69,25.19,1.36,1
RX00000813,2024-05-03,13:48:45,2024-08-05,0,30,Hydrochlorothiazide,Methylprednisolone,35140-454-57,20mg,Syrup,40,131,194.72,2407.15,3997.49,28.48,Schedule IV,PH0122,Pharmacist_153,RPH738678,NY,27,PHM0047,Prime Pharmacy,Independent,2129 Park St,Chicago,NY,15801,(800) 742-6049,PHL59312,6516791284,FO8847143,DOC0230,Dr. Williams D,8709956366,AG4655747,MD417198,Pediatrics,2114 Medical Blvd,New York,NY,82554,(228) 382-2086,20,PAT001647,51,M,17081,FL,Humana,INS75667,GRP1929,171588,PCN6498,35.97,2061.0,28.32,K21.9,Depression,Analgesic,Infection,03,40,8,Phone,Fax,16.57,31.52,10,476,19,1,0,135.3,5,0,6,Thursday,Morning,0,0,0,Non-Formulary,1,1,Cash,Rejected,88,1,0,1,0,0,3.11,94.11,94.02,0
RX00000814,2024-10-03,17:49:38,2025-06-30,8,60,Lisinopril,Tramadol,13255-124-32,20mg,Cream,130,125,417.38,1352.52,305.74,18.13,Schedule III,PH0017,Pharmacist_105,RPH315910,IL,33,PHM0033,Prime Pharmacy,CVS,3022 Park St,Phoenix,IL,67963,(895) 940-2882,PHL15313,6885573854,FK5452974,DOC0306,Dr. Garcia T,1333508400,AC9969360,MD114532,Endocrinology,9252 Medical Blvd,Houston,FL,99770,(209) 941-9939,37,PAT004511,31,Other,25418,NY,Medicaid,INS24598,GRP5908,606881,PCN2614,26.62,2482.94,148.17,E11.9,Hypertension,Cardiovascular,Chronic Disease,02,14,28,Phone,Paper,89.26,46.71,314,973,275,1,0,-26.06,0,7,0,Wednesday,Evening,0,0,1,Tier 2,1,3,Insurance,Reversed,88,1,0,0,0,1,10.6,49.45,-64.69,0
RX00000815,2024-08-26,17:23:48,2024-02-28,6,90,Clopidogrel,Albuterol,31677-505-98,10mg,Injection,164,46,280.55,3861.01,1384.54,25.24,Schedule III,PH0143,Pharmacist_138,RPH805480,PA,14,PHM0003,QuickMeds,CVS,3779 Maple St,New York,CA,38178,(654) 593-7445,PHL15120,1145016784,FQ6258514,DOC0009,Dr. Williams B,4470892172,AA8041928,MD641199,Endocrinology,8187 Hospital Blvd,New York,FL,42454,(641) 658-3441,16,PAT000646,25,Other,25749,PA,BlueCross BlueShield,INS91679,GRP5740,470511,PCN8613,35.5,467.62,15.28,J44.9,Hypertension,Antidiabetic,Infection,00,278,-26,Fax,Paper,3.42,48.43,257,118,466,0,0,105.6,2,0,2,Sunday,Night,0,1,1,Non-Formulary,0,3,Insurance,Pending,88,1,0,1,0,0,97.32,96.67,-61.97,1
RX00000816,2025-07-17,10:33:58,2025-12-13,12,90,Losartan,Montelukast,59899-272-94,20mg,Injection,53,70,288.25,2055.46,479.02,16.25,Schedule III,PH0001,Pharmacist_37,RPH425545,IL,22,PHM0021,TrustedMeds,CVS,5615 Washington St,Phoenix,FL,92242,(252) 737-9779,PHL15278,4557211863,FL9045053,DOC0204,Dr. Miller E,3359724438,AB6794938,MD419959,Neurology,4020 Health Blvd,Los Angeles,IL,33323,(829) 298-3897,29,PAT000685,69,F,40399,CA,Anthem,INS91336,GRP6475,946474,PCN9987,92.71,271.7,205.27,F41.9,Hypertension,Cardiovascular,Acute Condition,00,84,10,Written,Electronic,29.08,8.53,445,109,278,0,1,24.53,4,4,7,Sunday,Afternoon,0,1,1,Tier 3,0,3,Check,Paid,75,0,1,0,0,0,65.7,37.36,84.11,0
RX00000817,2025-09-03,12:50:05,2025-01-30,12,60,Amoxicillin,Methylprednisolone,89229-483-26,10mg,Tablet,78,113,399.41,1722.13,2415.75,30.47,Schedule IV,PH0031,Pharmacist_29,RPH125593,PA,20,PHM0019,Corner Pharmacy,Rite Aid,6858 Main St,Philadelphia,OH,47494,(786) 998-5352,PHL36161,2267242210,FL2045372,DOC0358,Dr. Smith H,3149216465,AT6131956,MD997693,Oncology,7545 Clinic Blvd,Chicago,TX,32021,(425) 523-7064,33,PAT004932,77,M,86363,OH,Kaiser Permanente,INS57845,GRP1050,467483,PCN6976,98.74,1261.51,49.59,G89.29,Arthritis,Cardiovascular,Chronic Disease,02,5,20,Phone,Paper,47.05,30.91,351,689,399,0,1,16.83,3,6,2,Friday,Night,0,1,1,Tier 2,1,2,Credit Card,Pending,79,0,1,0,1,1,9.14,81.2,65.51,0
RX00000818,2024-09-04,10:38:58,2024-11-28,10,60,Morphine,Albuterol,30698-654-60,100mg,Tablet,156,139,68.83,2564.81,2809.2,17.1,Schedule IV,PH0033,Pharmacist_14,RPH696951,PA,20,PHM0015,Wellness Pharmacy,Walgreens,1986 Main St,Los Angeles,OH,40623,(935) 982-1281,PHL23883,1841816170,FX2849383,DOC0045,Dr. Miller C,2049084564,AM5059152,MD359071,Endocrinology,8921 Health Blvd,Phoenix,TX,87594,(617) 636-7826,34,PAT003315,79,M,46153,PA,Medicaid,INS26375,GRP6824,817975,PCN4927,90.23,4482.38,406.13,J44.9,Diabetes,Cardiovascular,Preventive,00,130,-18,Fax,Electronic,3.14,45.56,215,585,127,0,1,131.44,1,6,4,Saturday,Evening,1,1,1,Tier 3,0,0,Insurance,Paid,79,1,0,0,1,0,68.4,63.32,-92.49,0
RX00000819,2025-04-01,08:43:53,2025-02-11,4,60,Gabapentin,Morphine,62522-334-78,250mg,Cream,158,48,70.87,1550.17,4485.61,47.75,Schedule III,PH0189,Pharmacist_162,RPH746037,OH,32,PHM0037,Express Meds,Independent,5648 Washington St,Philadelphia,NY,52738,(718) 263-6445,PHL45285,5765732596,FH2754502,DOC0003,Dr. Jones T,4074996687,AO6992889,MD140048,Cardiology,6872 Hospital Blvd,New York,TX,34850,(825) 870-1406,1,PAT002670,21,Other,64602,PA,Medicare,INS47383,GRP9251,757919,PCN3026,77.44,3660.82,307.02,F33.1,Asthma,Psychotherapeutic,Pain,01,346,10,Phone,Electronic,2.82,43.97,452,607,148,0,1,65.38,2,10,8,Monday,Afternoon,0,0,0,Tier 1,1,0,Check,Pending,76,1,1,0,0,0,88.97,25.47,-87.75,1
RX00000820,2024-06-12,13:13:26,2025-10-03,0,60,Escitalopram,Amoxicillin,71432-505-85,100mg,Injection,11,57,162.49,2648.97,557.28,10.82,None,PH0121,Pharmacist_124,RPH354429,OH,11,PHM0026,Family Pharmacy,Independent,5459 Washington St,Phoenix,OH,19286,(261) 552-3109,PHL75865,7843244893,FC7867500,DOC0034,Dr. Miller V,8740288977,AZ4921036,MD177238,General Practice,5924 Clinic Blvd,Los Angeles,TX,64409,(669) 587-8939,35,PAT003593,18,F,49422,CA,UnitedHealth,INS65496,GRP7237,725125,PCN2535,8.64,1610.06,144.27,J45.909,Depression,Analgesic,Chronic Disease,01,217,23,Fax,Fax,56.77,28.55,461,457,60,1,1,157.15,4,9,0,Monday,Night,0,0,1,Tier 1,1,0,Cash,Reversed,88,1,1,0,1,1,89.89,4.26,10.32,0
RX00000821,2024-03-08,15:03:04,2024-06-17,3,30,Prednisone,Prednisone,71903-619-49,250mg,Tablet,139,56,375.24,4961.21,1699.7,35.77,Schedule V,PH0075,Pharmacist_60,RPH259494,CA,8,PHM0013,QuickMeds,Independent,2574 Oak St,Los Angeles,IL,93753,(455) 865-6693,PHL45563,1220938336,FL8565487,DOC0022,Dr. Smith H,4674848830,AY5369279,MD364171,Internal Medicine,2726 Health Blvd,Phoenix,CA,27143,(313) 810-7389,21,PAT003935,47,F,21168,TX,Humana,INS84333,GRP7226,150448,PCN7314,43.34,2014.52,495.67,K21.9,Depression,Antidiabetic,Pain,01,139,-17,Electronic,Fax,7.36,32.13,419,576,35,0,1,39.09,4,5,4,Friday,Night,1,0,1,Non-Formulary,0,0,Credit Card,Rejected,75,1,1,0,1,0,87.56,43.41,85.97,0
RX00000822,2025-07-15,09:47:02,2024-03-31,5,90,Levothyroxine,Escitalopram,82607-349-39,20mg,Cream,95,169,361.24,1882.94,2525.92,45.2,Schedule III,PH0030,Pharmacist_20,RPH547498,OH,5,PHM0045,HealthPlus Pharmacy,Independent,6390 Maple St,New York,TX,95729,(296) 421-9440,PHL29646,1734004720,FN3577664,DOC0482,Dr. Jones Y,6140505359,AY6692909,MD635756,General Practice,3859 Clinic Blvd,Phoenix,IL,60668,(248) 539-3462,3,PAT002479,87,Other,28559,TX,Aetna,INS59814,GRP8647,814649,PCN2250,73.72,3608.93,250.52,I10,Depression,Psychotherapeutic,Acute Condition,04,145,26,Written,Phone,89.68,41.69,445,939,36,1,0,79.95,4,8,2,Friday,Morning,1,0,1,Non-Formulary,1,0,Credit Card,Pending,76,0,1,0,1,0,43.9,2.73,-83.91,0
RX00000823,2024-09-20,14:38:06,2025-04-19,6,60,Azithromycin,Montelukast,33913-973-97,50mg,Cream,150,101,191.26,1357.46,3651.47,37.34,Schedule II,PH0132,Pharmacist_155,RPH655358,TX,14,PHM0050,HealthPlus Pharmacy,Walgreens,4218 Main St,Chicago,NY,14841,(296) 853-5103,PHL33417,9047632611,FH7702693,DOC0011,Dr. Johnson E,5753170231,AH2529121,MD145984,Pediatrics,3770 Medical Blvd,Phoenix,CA,48157,(528) 426-2465,3,PAT000300,39,F,89918,CA,Humana,INS68809,GRP7095,408069,PCN8873,43.62,395.04,54.56,M54.5,Depression,Psychotherapeutic,Chronic Disease,00,328,2,Electronic,Fax,0.41,41.26,356,106,175,1,0,80.33,4,4,7,Sunday,Morning,0,1,0,Tier 2,1,1,Credit Card,Paid,88,1,0,0,0,0,75.54,5.54,-27.2,1
RX00000824,2024-12-21,13:08:45,2025-07-31,0,90,Atorvastatin,Atorvastatin,68149-735-65,10mg,Injection,126,180,14.28,445.92,778.84,7.06,Schedule III,PH0200,Pharmacist_186,RPH960579,OH,22,PHM0045,Metro Pharmacy,Independent,7519 Oak St,Philadelphia,IL,45502,(759) 760-5049,PHL39054,1494680164,FS9567657,DOC0338,Dr. Jones N,3365262316,AL6072110,MD135336,Oncology,2366 Clinic Blvd,Houston,TX,12746,(959) 595-1394,22,PAT003248,57,M,27961,IL,BlueCross BlueShield,INS16465,GRP9368,676205,PCN6518,94.75,3614.7,34.57,M79.7,Diabetes,Antidiabetic,Chronic Disease,00,220,14,Phone,Fax,77.13,8.59,309,550,411,0,0,-32.64,2,0,5,Tuesday,Night,1,0,0,Tier 2,0,2,Check,Pending,88,1,0,0,1,0,79.82,52.36,-40.9,0
RX00000825,2025-06-12,12:21:46,2024-07-27,10,90,Montelukast,Levothyroxine,68711-296-21,20mg,Cream,51,32,54.28,2553.31,2297.48,43.97,Schedule II,PH0171,Pharmacist_152,RPH332798,OH,35,PHM0003,TrustedMeds,Rite Aid,4605 Oak St,Phoenix,TX,94569,(669) 376-1739,PHL40503,4961902093,FC8211265,DOC0385,Dr. Williams D,6867476540,AU8640307,MD348442,Dermatology,7290 Health Blvd,New York,CA,69579,(341) 649-8664,36,PAT003971,71,Other,53224,PA,Self-Pay,INS74070,GRP4850,259107,PCN5764,41.97,1655.88,238.27,I25.10,Hypertension,Antibiotic,Pain,01,354,-25,Written,Paper,4.52,16.62,369,798,80,1,0,164.28,3,8,2,Wednesday,Morning,1,0,0,Tier 3,1,2,Cash,Reversed,79,1,1,0,1,1,97.87,18.97,51.54,0
RX00000826,2025-12-12,10:43:31,2025-05-19,2,30,Amoxicillin,Hydrochlorothiazide,49704-660-46,10mg,Tablet,13,79,177.97,1506.78,1238.14,41.6,Schedule II,PH0044,Pharmacist_128,RPH860425,OH,9,PHM0033,QuickMeds,Independent,8185 Oak St,Houston,NY,46181,(991) 448-4234,PHL44391,7303564552,FF1354004,DOC0303,Dr. Williams R,6426356499,AH9203917,MD502129,Orthopedics,9153 Hospital Blvd,Chicago,TX,84877,(818) 514-5722,36,PAT001334,81,F,85675,FL,Kaiser Permanente,INS58286,GRP9066,554693,PCN5100,95.44,4343.47,468.12,E11.9,Asthma,Antidiabetic,Pain,00,216,-21,Phone,Phone,82.82,38.4,332,113,228,1,0,182.33,0,8,2,Saturday,Evening,1,1,1,Tier 3,1,3,Credit Card,Reversed,79,0,0,0,1,1,83.21,64.71,-44.06,0
RX00000827,2025-07-29,15:46:14,2025-02-24,11,90,Losartan,Escitalopram,88526-886-94,50mg,Cream,86,29,384.26,1451.67,1345.66,24.61,Schedule III,PH0149,Pharmacist_164,RPH435207,NY,29,PHM0003,Metro Pharmacy,Walgreens,7821 Maple St,Chicago,IL,48783,(284) 538-9392,PHL70498,6614104669,FT3050219,DOC0061,Dr. Williams V,1050676298,AE3632712,MD866090,Endocrinology,5494 Medical Blvd,Phoenix,TX,96795,(775) 811-8185,25,PAT004219,28,M,59810,PA,Kaiser Permanente,INS56085,GRP1089,969572,PCN9552,60.75,1395.29,30.76,G89.29,Arthritis,Antidiabetic,Preventive,04,60,21,Electronic,Fax,58.21,14.01,387,965,121,0,0,-22.03,2,8,6,Sunday,Morning,0,0,1,Non-Formulary,0,1,Credit Card,Paid,88,0,1,0,1,1,73.03,90.36,-10.07,0
RX00000828,2025-10-02,13:25:11,2024-03-08,4,90,Ciprofloxacin,Amlodipine,74153-243-85,250mg,Syrup,44,18,136.6,180.33,1824.8,17.98,Schedule IV,PH0059,Pharmacist_192,RPH618346,TX,31,PHM0045,Central Drug Store,CVS,9465 Park St,Chicago,FL,92296,(731) 571-9335,PHL54789,7259646302,FA7224224,DOC0255,Dr. Smith V,8687084278,AP7099067,MD724806,Endocrinology,7825 Clinic Blvd,Los Angeles,IL,31378,(782) 891-2353,35,PAT004329,31,Other,43294,CA,Kaiser Permanente,INS46752,GRP9204,982275,PCN5117,41.36,1610.76,86.27,I25.10,Hypertension,Psychotherapeutic,Preventive,01,184,3,Written,Phone,79.0,27.35,102,52,87,1,1,42.65,4,2,0,Wednesday,Evening,0,1,0,Tier 2,1,2,Cash,Paid,None,1,0,1,1,0,16.43,73.26,-47.58,0
RX00000829,2025-11-16,15:01:04,2025-04-19,11,60,Atorvastatin,Levothyroxine,39859-432-50,500mg,Tablet,80,88,495.26,3710.4,1674.79,37.47,None,PH0014,Pharmacist_170,RPH552468,NY,3,PHM0033,Family Pharmacy,Independent,2602 Main St,New York,PA,23460,(252) 462-2445,PHL28890,9397794069,FQ9488653,DOC0374,Dr. Brown W,5484027567,AT7586725,MD100261,Orthopedics,2746 Clinic Blvd,New York,IL,31904,(902) 231-3035,7,PAT004440,82,F,54043,NY,Anthem,INS21146,GRP9025,246485,PCN9459,77.7,611.6,20.1,N18.3,Arthritis,Cardiovascular,Infection,02,288,-22,Fax,Fax,72.25,44.44,476,5,286,1,0,85.42,1,7,1,Friday,Afternoon,0,0,0,Tier 1,1,4,Credit Card,Rejected,76,1,0,0,0,1,94.51,66.88,94.75,0
RX00000830,2025-05-17,12:47:20,2024-08-03,6,60,Methylprednisolone,Hydrochlorothiazide,68013-617-94,250mg,Injection,168,49,193.55,3760.34,3280.39,33.47,None,PH0104,Pharmacist_167,RPH915095,PA,6,PHM0027,Community Health Pharmacy,Walgreens,6477 Washington St,Houston,PA,92240,(421) 388-8134,PHL66404,9935762570,FR3275813,DOC0415,Dr. Jones O,8622259584,AM3507272,MD406984,Oncology,8614 Clinic Blvd,Phoenix,TX,21305,(603) 640-3985,28,PAT001827,61,F,52421,TX,Medicaid,INS48442,GRP6407,281396,PCN5907,3.04,1557.41,132.82,I10,Arthritis,Psychotherapeutic,Infection,01,61,26,Electronic,Paper,64.37,5.8,368,788,373,1,1,169.64,1,10,3,Sunday,Morning,0,0,1,Tier 1,1,2,Credit Card,Pending,None,0,1,1,0,0,55.4,25.0,-68.83,0
RX00000831,2024-02-29,12:41:09,2024-11-21,10,60,Lisinopril,Prednisone,42070-488-93,100mg,Injection,59,88,312.78,2612.75,599.86,29.21,Schedule II,PH0156,Pharmacist_81,RPH638476,CA,14,PHM0045,QuickMeds,Independent,2551 Main St,New York,NY,32070,(960) 694-7514,PHL77195,6747913062,FY7784845,DOC0011,Dr. Williams U,1674614776,AX2473371,MD599388,Internal Medicine,9130 Medical Blvd,New York,NY,75604,(315) 256-6245,37,PAT001738,20,M,17148,FL,Humana,INS26101,GRP7169,623672,PCN1354,16.5,371.75,282.74,F33.1,Asthma,Cardiovascular,Acute Condition,04,96,-13,Written,Electronic,2.43,1.08,236,686,115,0,1,175.99,5,0,2,Monday,Morning,1,0,0,Non-Formulary,0,4,Credit Card,Rejected,88,0,0,0,1,0,91.57,78.32,56.19,1
RX00000832,2025-03-17,10:38:12,2025-04-28,12,30,Montelukast,Sertraline,66674-934-18,20mg,Injection,60,39,57.43,2964.63,1716.52,32.36,Schedule III,PH0161,Pharmacist_93,RPH418781,IL,5,PHM0048,HealthPlus Pharmacy,Rite Aid,9112 Main St,Phoenix,IL,54879,(550) 705-7437,PHL40923,2124093655,FX8265501,DOC0003,Dr. Johnson L,1956686917,AN5461398,MD130094,Orthopedics,3539 Health Blvd,Los Angeles,IL,38495,(255) 937-5379,24,PAT003789,53,M,98156,NY,Self-Pay,INS82835,GRP8021,121613,PCN5079,47.46,3978.32,378.01,M25.551,Depression,Antibiotic,Infection,02,112,30,Written,Fax,3.86,31.84,489,133,362,1,1,71.42,3,2,1,Sunday,Night,1,0,1,Tier 2,1,2,Insurance,Paid,75,0,0,0,1,1,95.1,51.31,49.44,1
RX00000833,2025-05-19,10:49:13,2024-04-27,5,30,Amoxicillin,Atorvastatin,19263-449-53,250mg,Syrup,57,49,107.07,4884.84,2668.46,33.22,Schedule II,PH0028,Pharmacist_87,RPH726554,PA,6,PHM0003,QuickMeds,Walgreens,1628 Park St,Philadelphia,TX,15505,(870) 695-8903,PHL26384,5051085944,FB2873293,DOC0014,Dr. Jones W,7463251671,AA9674216,MD729269,General Practice,5562 Medical Blvd,New York,CA,38926,(740) 760-2642,7,PAT001813,34,M,40350,FL,BlueCross BlueShield,INS83752,GRP7477,130503,PCN4132,22.67,1241.58,478.66,M25.551,Hypertension,Analgesic,Acute Condition,04,0,-2,Phone,Electronic,1.94,46.27,310,256,263,1,1,66.91,3,9,6,Friday,Morning,0,0,0,Tier 2,0,4,Cash,Reversed,88,0,1,1,1,0,76.82,0.54,96.92,1
RX00000834,2024-01-12,18:10:03,2025-06-22,7,30,Prednisone,Ibuprofen,50471-973-83,250mg,Injection,145,18,164.43,3846.55,483.78,46.56,Schedule III,PH0057,Pharmacist_1,RPH203158,CA,5,PHM0041,Main Street Pharmacy,Rite Aid,8072 Main St,Chicago,CA,27999,(902) 275-1937,PHL72147,2346456031,FK4313705,DOC0471,Dr. Williams Y,4784946309,AX5129013,MD547501,Oncology,3547 Health Blvd,Chicago,TX,79788,(471) 821-2571,9,PAT004504,40,F,50642,NY,Humana,INS84376,GRP2337,381972,PCN9455,33.41,2791.1,57.23,R51,Depression,Antidiabetic,Chronic Disease,04,173,-14,Fax,Paper,17.14,41.09,498,565,466,0,0,32.59,0,6,1,Tuesday,Night,0,1,0,Non-Formulary,0,4,Insurance,Paid,76,0,1,0,1,0,25.25,95.96,-71.01,0
RX00000835,2025-01-30,11:02:05,2025-02-01,12,60,Ibuprofen,Losartan,56551-558-14,10mg,Syrup,72,178,432.97,739.09,1995.5,37.0,Schedule IV,PH0168,Pharmacist_159,RPH789529,IL,8,PHM0043,Express Meds,Independent,2180 Maple St,Chicago,CA,46767,(344) 937-9720,PHL39504,5846928192,FF1436661,DOC0479,Dr. Smith T,6715446773,AC1652104,MD632686,Pediatrics,2170 Health Blvd,Phoenix,FL,72106,(601) 503-3283,27,PAT002042,47,Other,37451,CA,Cigna,INS30685,GRP6844,535728,PCN3971,8.5,779.71,232.7,I10,Depression,Cardiovascular,Chronic Disease,02,51,-3,Phone,Fax,37.95,23.41,405,156,57,0,1,66.11,0,10,6,Friday,Afternoon,1,1,0,Non-Formulary,1,3,Credit Card,Reversed,88,0,0,1,1,0,8.44,97.75,-0.28,0
RX00000836,2025-05-28,18:54:29,2025-09-29,5,30,Morphine,Ibuprofen,35251-598-63,20mg,Tablet,134,81,404.52,532.15,3230.43,23.37,Schedule III,PH0058,Pharmacist_27,RPH931141,OH,10,PHM0008,TrustedMeds,Independent,3053 Washington St,Los Angeles,TX,83978,(628) 665-4649,PHL48897,8150346507,FK4200418,DOC0157,Dr. Garcia D,7708567636,AW2369785,MD965088,Psychiatry,4196 Health Blvd,Chicago,FL,13048,(821) 310-6414,30,PAT003012,53,M,58941,FL,Self-Pay,INS66222,GRP2967,794634,PCN5275,75.55,2516.78,91.79,F41.9,Diabetes,Psychotherapeutic,Infection,00,317,-2,Fax,Paper,38.49,49.69,128,691,321,1,0,83.09,2,2,2,Monday,Afternoon,0,1,1,Non-Formulary,0,1,Credit Card,Reversed,None,0,1,1,1,1,77.71,61.97,92.57,0
RX00000837,2025-09-10,17:16:43,2025-12-06,9,60,Sertraline,Metformin,67567-564-85,10mg,Tablet,135,29,173.87,1423.01,2263.73,16.78,Schedule III,PH0014,Pharmacist_96,RPH361923,PA,25,PHM0009,QuickMeds,CVS,7164 Main St,Houston,OH,64632,(768) 366-8089,PHL39877,7207512160,FW1314468,DOC0009,Dr. Brown Q,8981209835,AS8331729,MD362535,Psychiatry,6079 Hospital Blvd,New York,TX,73426,(349) 495-9810,40,PAT002715,66,Other,61560,TX,Humana,INS65336,GRP5610,325268,PCN9354,90.85,2540.46,234.55,R51,Diabetes,Cardiovascular,Acute Condition,00,0,-13,Fax,Fax,0.31,20.92,369,881,177,1,0,182.46,1,6,1,Sunday,Afternoon,1,1,0,Tier 2,0,2,Cash,Paid,79,1,0,0,0,1,92.1,73.85,77.6,1
RX00000838,2024-02-19,08:55:10,2023-12-22,1,30,Gabapentin,Oxycodone,13732-999-85,10mg,Syrup,90,146,52.12,2452.63,877.41,14.72,Schedule V,PH0177,Pharmacist_150,RPH577832,CA,19,PHM0040,QuickMeds,Independent,3292 Maple St,Houston,OH,41089,(388) 686-8709,PHL16187,6214542551,FC4699963,DOC0309,Dr. Johnson Q,8428629929,AK3298554,MD432362,Internal Medicine,7098 Health Blvd,Chicago,NY,63187,(472) 455-8169,39,PAT004071,80,Other,54163,NY,Kaiser Permanente,INS49846,GRP3138,204977,PCN8543,9.03,3704.28,417.14,I25.10,Hypertension,Antidiabetic,Preventive,02,364,8,Electronic,Paper,51.05,42.74,194,224,162,1,1,-23.31,5,5,0,Wednesday,Afternoon,1,1,1,Tier 1,1,4,Credit Card,Paid,None,1,0,0,0,0,29.68,55.24,46.71,0
RX00000839,2024-03-28,12:28:06,2025-05-29,7,30,Methylprednisolone,Atorvastatin,59286-944-98,100mg,Injection,160,105,383.56,3431.15,3239.01,27.91,Schedule V,PH0052,Pharmacist_197,RPH595239,PA,1,PHM0013,Community Health Pharmacy,Independent,4488 Washington St,Philadelphia,NY,24261,(993) 389-6394,PHL46668,3128308386,FP6883637,DOC0437,Dr. Smith J,8718793141,AN9308201,MD424828,Cardiology,1039 Hospital Blvd,Phoenix,FL,73630,(456) 948-2563,27,PAT000245,76,M,21837,IL,Medicaid,INS57161,GRP1741,976029,PCN5416,89.68,2142.84,280.3,M25.551,Depression,Antibiotic,Acute Condition,03,53,-19,Phone,Phone,68.34,2.55,267,153,85,1,0,37.77,3,10,4,Monday,Night,1,1,0,Non-Formulary,0,2,Credit Card,Paid,79,0,1,0,0,0,37.59,47.93,82.86,0
RX00000840,2025-12-10,13:02:01,2025-11-11,12,90,Prednisone,Gabapentin,97820-322-59,50mg,Cream,119,10,407.11,2450.13,1258.66,41.88,Schedule III,PH0068,Pharmacist_183,RPH815822,NY,12,PHM0014,Main Street Pharmacy,CVS,7264 Main St,Houston,OH,87654,(456) 397-5877,PHL68119,8200383262,FS4670212,DOC0275,Dr. Johnson D,9010017485,AE7052991,MD701416,Psychiatry,1393 Health Blvd,New York,IL,78646,(567) 474-9903,8,PAT004586,83,M,66642,TX,Self-Pay,INS96649,GRP1235,811601,PCN5106,8.42,825.88,444.42,M79.7,Diabetes,Antibiotic,Acute Condition,01,109,-28,Phone,Phone,87.93,17.04,355,747,131,1,0,-14.28,4,10,4,Tuesday,Morning,1,0,1,Non-Formulary,1,2,Debit Card,Paid,76,1,1,0,1,0,88.89,22.49,38.23,0
RX00000841,2024-08-25,09:14:01,2024-07-24,0,30,Prednisone,Azithromycin,76644-590-77,50mg,Capsule,136,44,362.12,1560.0,145.4,23.74,Schedule III,PH0050,Pharmacist_95,RPH845124,CA,32,PHM0006,CarePlus Pharmacy,Rite Aid,2142 Main St,Phoenix,IL,26724,(346) 279-5060,PHL25717,2906040646,FH7298916,DOC0451,Dr. Garcia C,1877004003,AU1635140,MD122280,Cardiology,1818 Clinic Blvd,Phoenix,TX,10557,(734) 853-8762,17,PAT002906,21,M,36666,TX,Anthem,INS68173,GRP1476,485604,PCN8515,88.8,906.89,335.01,I10,Depression,Cardiovascular,Infection,01,198,8,Electronic,Fax,36.13,40.31,90,763,23,0,1,123.34,4,4,6,Monday,Morning,0,0,0,Tier 3,0,3,Debit Card,Rejected,None,0,0,0,1,0,43.67,70.29,-37.36,0
RX00000842,2023-12-27,14:50:53,2024-06-17,1,90,Atorvastatin,Ibuprofen,46850-172-26,250mg,Capsule,94,20,482.33,4247.43,2641.55,34.02,Schedule II,PH0046,Pharmacist_17,RPH949687,TX,18,PHM0024,TrustedMeds,Rite Aid,9248 Washington St,Los Angeles,CA,50574,(619) 768-8993,PHL10802,5713526367,FD8032124,DOC0020,Dr. Garcia N,7802276799,AK4341645,MD739522,Orthopedics,1506 Medical Blvd,New York,NY,47719,(602) 456-9566,36,PAT000388,75,Other,80434,IL,Self-Pay,INS16551,GRP9183,156072,PCN8608,49.25,98.52,280.78,M54.5,Asthma,Analgesic,Infection,01,269,-21,Written,Electronic,3.46,6.99,442,359,184,0,0,88.81,2,10,8,Wednesday,Morning,1,0,0,Tier 2,0,2,Debit Card,Paid,79,1,0,1,0,1,98.17,30.62,18.83,1
RX00000843,2025-08-23,12:37:45,2024-07-03,7,30,Omeprazole,Montelukast,79385-835-43,50mg,Syrup,131,172,360.36,4949.72,1832.95,25.98,Schedule IV,PH0174,Pharmacist_55,RPH224357,PA,19,PHM0008,QuickMeds,CVS,1745 Park St,Los Angeles,IL,89281,(414) 390-3908,PHL39818,7808066458,FX9258134,DOC0275,Dr. Miller V,3292415393,AZ1689134,MD151796,Oncology,594 Health Blvd,Houston,CA,57305,(584) 874-7627,14,PAT003151,86,Other,52792,FL,Medicaid,INS78970,GRP2008,931845,PCN2034,3.54,2839.06,442.81,M25.551,Asthma,Antidiabetic,Infection,02,273,13,Phone,Electronic,39.57,48.9,185,11,66,1,1,171.18,1,2,6,Saturday,Night,0,0,1,Non-Formulary,0,2,Check,Reversed,75,0,0,1,0,0,2.41,95.05,-37.84,0
RX00000844,2025-09-16,18:48:27,2025-12-13,4,90,Simvastatin,Morphine,96571-872-15,250mg,Tablet,58,62,4.69,4429.75,2083.22,44.42,Schedule II,PH0153,Pharmacist_38,RPH629855,FL,23,PHM0004,Corner Pharmacy,Walgreens,5965 Oak St,Philadelphia,OH,99881,(350) 910-9675,PHL28416,7623104195,FZ9586708,DOC0295,Dr. Smith E,8372938252,AO7785551,MD753920,Endocrinology,9177 Clinic Blvd,Phoenix,IL,35207,(817) 688-3536,23,PAT000839,21,Other,88383,FL,Anthem,INS48964,GRP2408,586800,PCN3782,54.63,4358.82,161.33,E78.5,Hypertension,Psychotherapeutic,Preventive,02,334,-10,Phone,Phone,82.56,17.38,142,355,128,0,0,173.75,4,5,2,Monday,Evening,1,0,0,Tier 1,0,2,Credit Card,Reversed,88,1,0,0,0,1,97.39,10.43,-70.8,0
RX00000845,2025-03-12,13:44:48,2024-10-29,0,30,Sertraline,Simvastatin,60074-225-89,100mg,Capsule,157,169,188.45,4809.73,294.16,47.17,Schedule IV,PH0169,Pharmacist_161,RPH868178,PA,22,PHM0030,QuickMeds,Independent,8023 Washington St,Phoenix,TX,86264,(298) 376-1041,PHL16532,1817102825,FL9593813,DOC0006,Dr. Garcia M,2616329276,AP1521336,MD285287,Neurology,6851 Health Blvd,New York,IL,18567,(354) 922-8134,27,PAT003792,32,F,38475,IL,Aetna,INS38171,GRP4360,594036,PCN9040,9.62,3925.42,12.02,I25.10,Diabetes,Antidiabetic,Pain,02,45,-17,Phone,Paper,3.11,21.65,21,95,292,1,0,111.86,3,3,7,Thursday,Afternoon,1,1,0,Tier 1,1,0,Insurance,Rejected,None,0,0,1,0,1,79.53,64.37,98.0,1
RX00000846,2024-06-10,17:15:08,2025-06-02,10,30,Montelukast,Azithromycin,44139-956-79,500mg,Syrup,139,130,360.59,572.72,648.7,5.59,Schedule II,PH0025,Pharmacist_77,RPH587191,TX,20,PHM0044,Main Street Pharmacy,Independent,8665 Main St,Houston,CA,71730,(511) 701-5022,PHL77429,6517488752,FD9620553,DOC0254,Dr. Miller G,9187303469,AI9884520,MD470377,Psychiatry,4918 Health Blvd,Los Angeles,TX,58115,(452) 945-7951,21,PAT003018,58,F,10707,OH,Kaiser Permanente,INS86938,GRP3909,298697,PCN4302,51.77,2611.42,69.11,I10,Arthritis,Psychotherapeutic,Pain,01,360,10,Written,Fax,52.11,27.17,491,232,481,0,0,-10.74,4,2,8,Wednesday,Morning,0,1,0,Tier 2,1,4,Insurance,Reversed,None,1,1,0,1,0,40.85,31.92,72.14,0
RX00000847,2024-08-07,08:00:32,2024-08-27,12,90,Metformin,Omeprazole,32903-726-84,10mg,Tablet,38,38,389.03,4410.29,808.05,33.88,Schedule IV,PH0156,Pharmacist_140,RPH851972,TX,4,PHM0024,Prime Pharmacy,Independent,2392 Washington St,Los Angeles,TX,58097,(816) 824-9574,PHL60391,9838729256,FL9794774,DOC0381,Dr. Miller F,9329041142,AZ6576395,MD930140,Cardiology,3187 Medical Blvd,Houston,NY,15809,(695) 937-4886,14,PAT002837,87,F,69527,PA,Kaiser Permanente,INS19477,GRP3167,853380,PCN3895,72.01,1571.0,101.23,K21.9,Asthma,Psychotherapeutic,Chronic Disease,04,73,27,Phone,Phone,38.52,42.96,431,64,392,1,0,-21.7,0,10,7,Monday,Morning,0,1,1,Tier 2,0,4,Insurance,Paid,79,1,1,1,1,1,54.96,62.06,32.61,0
RX00000848,2025-07-07,11:09:35,2024-04-10,3,30,Morphine,Tramadol,15136-418-83,250mg,Cream,23,117,282.45,1359.92,1835.79,14.07,Schedule IV,PH0036,Pharmacist_20,RPH795029,NY,28,PHM0028,QuickMeds,Independent,6189 Park St,Los Angeles,PA,83706,(366) 385-5441,PHL87175,2860873287,FQ3716200,DOC0019,Dr. Williams Z,2894383278,AN2318881,MD575508,Oncology,6119 Clinic Blvd,New York,NY,38364,(232) 726-2772,24,PAT000553,26,Other,39857,CA,BlueCross BlueShield,INS20515,GRP1659,878917,PCN6452,55.19,2643.19,299.61,I10,Hypertension,Antibiotic,Chronic Disease,01,153,18,Phone,Phone,4.62,28.82,140,70,196,1,1,173.82,0,3,5,Sunday,Evening,1,1,0,Tier 1,1,1,Check,Reversed,76,1,1,1,0,0,70.99,84.0,56.27,1
RX00000849,2025-10-08,10:30:08,2025-02-10,10,30,Ciprofloxacin,Morphine,74741-461-13,20mg,Cream,152,127,99.42,2772.78,2002.77,20.73,Schedule V,PH0138,Pharmacist_180,RPH471171,FL,12,PHM0030,Community Health Pharmacy,Walgreens,7317 Washington St,Houston,PA,70807,(766) 978-4220,PHL32021,9900232480,FX9843639,DOC0171,Dr. Garcia M,1875052401,AW8446786,MD255597,Psychiatry,5278 Health Blvd,Phoenix,NY,69199,(373) 255-1997,19,PAT002578,26,F,58384,TX,Self-Pay,INS18391,GRP6372,172688,PCN8680,94.69,2437.37,360.76,M79.7,Diabetes,Analgesic,Chronic Disease,00,95,-23,Electronic,Paper,0.6,5.08,69,90,323,0,0,137.09,5,7,2,Tuesday,Evening,0,0,0,Tier 3,1,1,Check,Paid,79,0,0,0,0,0,71.32,15.71,-32.34,0
RX00000850,2025-07-23,12:54:34,2024-03-05,4,60,Gabapentin,Gabapentin,17897-447-22,20mg,Injection,82,171,272.23,2245.51,1612.73,16.47,Schedule V,PH0004,Pharmacist_12,RPH474941,FL,12,PHM0022,HealthPlus Pharmacy,CVS,9508 Maple St,Chicago,IL,40120,(253) 785-9503,PHL31201,4416081025,FG3354728,DOC0499,Dr. Smith L,3859693892,AQ4069506,MD913132,Dermatology,4088 Hospital Blvd,New York,CA,76237,(625) 929-2767,25,PAT001408,68,Other,47569,TX,Anthem,INS17116,GRP9429,144589,PCN8499,52.13,571.03,44.27,I10,Diabetes,Psychotherapeutic,Chronic Disease,03,324,23,Written,Phone,97.49,2.81,421,818,410,0,1,6.22,2,9,3,Monday,Morning,0,0,1,Tier 3,0,3,Cash,Paid,76,1,0,1,0,0,98.64,55.58,7.13,0
RX00000851,2024-11-30,08:27:12,2025-01-01,9,90,Azithromycin,Methylprednisolone,89322-128-59,100mg,Tablet,44,66,374.8,4398.52,3458.08,7.02,Schedule V,PH0026,Pharmacist_5,RPH436136,NY,22,PHM0009,Community Health Pharmacy,Independent,7215 Oak St,Los Angeles,IL,63468,(565) 335-3582,PHL23628,4406944576,FS9854765,DOC0086,Dr. Garcia N,6460872983,AC4244254,MD339480,Pediatrics,1489 Medical Blvd,Los Angeles,IL,22976,(917) 921-7161,35,PAT003291,24,F,33719,TX,Cigna,INS64665,GRP2171,985513,PCN4379,66.33,431.18,414.78,F41.9,Asthma,Antidiabetic,Preventive,03,255,23,Fax,Fax,76.93,3.77,16,892,497,0,0,3.7,1,10,2,Monday,Night,1,0,1,Non-Formulary,0,0,Debit Card,Pending,79,0,1,0,1,0,41.62,35.85,30.97,0
RX00000852,2024-10-04,15:50:20,2024-06-19,0,90,Albuterol,Levothyroxine,72634-335-38,100mg,Injection,162,166,388.14,2257.11,3082.64,33.78,Schedule V,PH0198,Pharmacist_191,RPH314216,CA,23,PHM0034,MediCare Drug Store,Independent,3211 Washington St,Chicago,FL,47325,(857) 729-6512,PHL77199,9098060974,FW4827300,DOC0338,Dr. Garcia F,6864104158,AJ6202275,MD341249,Dermatology,8905 Health Blvd,Los Angeles,NY,43013,(972) 305-5150,10,PAT004863,45,Other,90439,PA,UnitedHealth,INS20482,GRP7903,865668,PCN9219,96.77,1882.49,438.95,I10,Diabetes,Antidiabetic,Chronic Disease,04,219,-12,Fax,Paper,23.62,1.78,255,622,8,1,0,186.42,1,8,4,Tuesday,Morning,0,1,1,Tier 3,0,0,Insurance,Paid,75,0,0,0,0,0,90.31,89.6,26.43,0
RX00000853,2024-05-05,13:37:36,2024-03-17,11,30,Escitalopram,Oxycodone,49958-147-35,20mg,Cream,50,28,116.95,2641.18,3761.92,44.03,None,PH0106,Pharmacist_179,RPH879759,OH,35,PHM0017,QuickMeds,Independent,1031 Maple St,New York,TX,60471,(409) 784-4594,PHL57980,1005401530,FT6141585,DOC0007,Dr. Miller S,9773072984,AC4178554,MD906796,Dermatology,920 Hospital Blvd,Chicago,NY,32247,(755) 787-6483,7,PAT004533,38,F,39438,NY,Kaiser Permanente,INS60360,GRP6558,115884,PCN5672,70.26,1322.91,349.97,F41.9,Depression,Antibiotic,Acute Condition,04,302,15,Written,Paper,2.28,45.11,205,872,130,1,1,174.55,2,3,1,Saturday,Evening,1,1,0,Tier 3,1,4,Debit Card,Pending,79,1,0,0,1,0,75.09,19.72,62.71,1
RX00000854,2025-08-22,09:09:07,2024-09-11,11,30,Gabapentin,Morphine,37946-585-83,100mg,Syrup,16,152,141.34,953.58,2082.24,10.92,None,PH0167,Pharmacist_116,RPH422498,IL,3,PHM0040,HealthPlus Pharmacy,Rite Aid,9112 Oak St,Houston,FL,89621,(757) 301-8876,PHL24638,8115974282,FJ3433150,DOC0215,Dr. Smith U,8767050327,AI4790030,MD591261,Oncology,1291 Health Blvd,Houston,FL,76765,(513) 335-6991,8,PAT000363,89,M,66721,TX,Medicaid,INS81639,GRP8915,686312,PCN8286,7.67,2570.59,438.74,M25.551,Arthritis,Antibiotic,Acute Condition,03,174,23,Phone,Electronic,17.35,19.21,340,958,142,1,1,111.93,0,6,6,Sunday,Evening,1,0,1,Tier 3,0,1,Cash,Rejected,79,0,1,1,1,0,85.82,79.26,88.73,0
RX00000855,2024-10-27,09:44:18,2024-12-10,5,60,Sertraline,Metformin,24714-926-72,50mg,Syrup,158,104,257.93,4936.41,2998.1,28.74,None,PH0090,Pharmacist_113,RPH116713,IL,24,PHM0041,Community Health Pharmacy,Rite Aid,5122 Washington St,Los Angeles,PA,89506,(563) 612-8197,PHL34155,9604524209,FK6393461,DOC0307,Dr. Williams U,9445558060,AH7905522,MD911295,Pediatrics,4697 Hospital Blvd,Houston,TX,73477,(792) 212-9276,31,PAT003520,87,Other,36627,IL,Humana,INS86252,GRP2609,549854,PCN8953,12.08,1645.81,351.08,K21.9,Diabetes,Psychotherapeutic,Preventive,02,285,-29,Fax,Paper,55.71,35.89,173,745,489,0,1,105.49,1,6,4,Thursday,Night,0,0,1,Non-Formulary,1,3,Insurance,Reversed,79,0,0,0,0,0,0.79,69.06,74.02,0
RX00000856,2025-03-10,13:02:04,2024-10-03,2,60,Hydrochlorothiazide,Hydrochlorothiazide,10013-917-13,250mg,Tablet,68,129,64.38,658.69,2065.36,18.61,Schedule III,PH0058,Pharmacist_14,RPH469202,FL,27,PHM0044,HealthPlus Pharmacy,Independent,5322 Park St,New York,IL,28686,(406) 259-1475,PHL62227,3587687766,FV9432629,DOC0330,Dr. Williams M,9170048690,AK6729748,MD501155,Pediatrics,2922 Hospital Blvd,Houston,CA,97656,(745) 317-8329,24,PAT004925,77,Other,10486,CA,UnitedHealth,INS85025,GRP1067,629864,PCN1690,83.9,4089.81,484.49,R51,Depression,Psychotherapeutic,Pain,02,44,-7,Electronic,Paper,95.13,44.65,260,866,82,0,0,149.08,5,0,2,Thursday,Afternoon,1,0,0,Tier 3,0,3,Check,Pending,None,1,1,1,0,0,4.98,22.96,7.57,0
RX00000857,2024-10-25,15:29:07,2024-03-01,9,30,Levothyroxine,Omeprazole,34666-967-58,250mg,Capsule,151,124,265.42,3913.05,2464.61,47.64,Schedule V,PH0118,Pharmacist_7,RPH621984,PA,20,PHM0032,QuickMeds,CVS,983 Maple St,Los Angeles,IL,21706,(950) 706-8597,PHL56151,3751835988,FR7476407,DOC0012,Dr. Johnson T,5913421032,AO7679687,MD718891,General Practice,4227 Hospital Blvd,New York,CA,31712,(493) 847-1755,40,PAT004447,67,Other,10766,PA,Humana,INS42181,GRP7536,536194,PCN9687,59.67,1458.64,9.72,I10,Hypertension,Psychotherapeutic,Chronic Disease,01,167,-3,Electronic,Paper,3.17,11.5,428,404,388,1,0,128.06,5,1,6,Tuesday,Evening,1,0,0,Non-Formulary,1,4,Check,Reversed,None,1,1,0,0,0,83.96,28.32,-35.93,1
RX00000858,2025-07-31,18:45:17,2024-07-18,3,60,Losartan,Metformin,62126-153-60,500mg,Tablet,174,170,143.52,4350.85,2961.86,43.74,Schedule III,PH0021,Pharmacist_151,RPH816356,TX,29,PHM0015,Community Health Pharmacy,Independent,114 Park St,Houston,TX,63980,(572) 335-5566,PHL78196,6291177903,FR4222684,DOC0454,Dr. Garcia C,6624212868,AA7722356,MD424773,Oncology,3923 Hospital Blvd,Chicago,IL,52961,(617) 802-3494,18,PAT000106,31,M,77766,OH,Kaiser Permanente,INS88640,GRP8096,937962,PCN5304,42.02,4036.42,143.1,I25.10,Hypertension,Psychotherapeutic,Chronic Disease,01,78,4,Phone,Phone,15.4,25.75,151,652,471,0,0,46.4,1,6,2,Saturday,Afternoon,1,1,1,Tier 1,0,2,Insurance,Reversed,88,1,0,0,0,1,58.55,47.39,-43.06,0
RX00000859,2024-02-10,09:04:48,2025-09-01,6,90,Oxycodone,Atorvastatin,78440-291-98,10mg,Syrup,105,110,140.75,4374.05,3186.12,34.53,Schedule II,PH0149,Pharmacist_168,RPH952052,PA,30,PHM0001,MediCare Drug Store,Independent,7940 Main St,Chicago,IL,28508,(377) 296-1236,PHL53079,2772702260,FV3703231,DOC0446,Dr. Smith T,6008592160,AI9126955,MD804113,Cardiology,7317 Hospital Blvd,Chicago,IL,87620,(496) 478-8446,9,PAT003052,30,M,25862,OH,Aetna,INS12663,GRP7663,758162,PCN6926,70.02,1441.96,291.02,E11.9,Arthritis,Cardiovascular,Pain,04,154,-17,Written,Phone,95.27,31.46,278,311,293,1,0,-12.29,3,3,4,Wednesday,Morning,1,0,0,Non-Formulary,0,1,Credit Card,Paid,75,1,0,0,0,1,61.02,64.81,5.43,0
RX00000860,2024-01-20,12:00:08,2024-01-15,6,30,Tramadol,Losartan,65390-662-79,100mg,Cream,105,97,79.7,2936.32,153.26,41.86,Schedule II,PH0153,Pharmacist_18,RPH544403,IL,28,PHM0031,Metro Pharmacy,Independent,8810 Oak St,Los Angeles,NY,81164,(668) 766-3175,PHL56410,9618844844,FG5967708,DOC0327,Dr. Smith Y,4431047853,AC8867851,MD149040,Pediatrics,7444 Health Blvd,Chicago,CA,11592,(455) 866-2520,25,PAT000398,66,M,35219,NY,Anthem,INS21996,GRP4067,365819,PCN5272,19.46,4249.85,483.22,M25.551,Asthma,Antibiotic,Acute Condition,04,263,21,Fax,Paper,4.62,24.11,116,980,52,1,1,179.32,0,7,2,Sunday,Evening,1,0,1,Non-Formulary,1,4,Debit Card,Rejected,None,1,1,0,1,1,49.09,14.0,-73.72,0
RX00000861,2025-09-28,17:38:52,2024-07-10,6,30,Azithromycin,Prednisone,72934-824-71,500mg,Tablet,45,152,247.83,4855.4,4029.17,39.56,Schedule V,PH0196,Pharmacist_179,RPH282246,IL,12,PHM0016,QuickMeds,Independent,3228 Main St,Philadelphia,OH,86546,(669) 780-2553,PHL28036,2032507310,FN6875264,DOC0288,Dr. Garcia L,4699928200,AG6921398,MD210332,Internal Medicine,5005 Health Blvd,Chicago,FL,81037,(516) 844-8041,32,PAT000858,54,F,23588,TX,Cigna,INS96393,GRP7098,195355,PCN7836,11.6,4178.2,84.29,F33.1,Hypertension,Antibiotic,Infection,04,128,-1,Fax,Paper,19.1,31.89,430,65,172,0,0,2.75,5,3,6,Monday,Evening,0,1,1,Non-Formulary,1,4,Debit Card,Reversed,None,0,1,0,1,1,95.59,95.67,40.23,0
RX00000862,2024-11-20,10:37:03,2024-03-15,7,30,Ciprofloxacin,Losartan,14990-178-45,20mg,Injection,90,103,321.06,3650.42,769.79,15.55,Schedule III,PH0014,Pharmacist_199,RPH978491,TX,32,PHM0002,City Pharmacy,Independent,4168 Washington St,Los Angeles,NY,43856,(814) 431-9845,PHL92306,6712518265,FC7237501,DOC0127,Dr. Jones N,8547440798,AW2336407,MD969695,Pediatrics,9713 Hospital Blvd,Chicago,CA,44256,(616) 281-7565,7,PAT003920,27,M,33963,FL,UnitedHealth,INS46350,GRP9054,213231,PCN2395,54.44,1751.53,481.76,E11.9,Arthritis,Psychotherapeutic,Pain,03,345,23,Fax,Electronic,38.14,9.82,93,118,458,0,1,25.84,2,6,6,Sunday,Afternoon,1,0,1,Tier 1,0,1,Credit Card,Reversed,None,0,0,1,0,0,96.6,59.4,-61.59,0
RX00000863,2024-05-25,11:54:50,2025-12-16,0,90,Gabapentin,Simvastatin,39178-409-77,10mg,Cream,116,159,179.77,2912.81,2986.52,46.88,None,PH0112,Pharmacist_174,RPH981382,OH,6,PHM0018,Metro Pharmacy,Independent,791 Park St,Phoenix,IL,91682,(991) 329-2032,PHL32463,4616110805,FG1210456,DOC0242,Dr. Jones W,2973822925,AX8208259,MD956781,Dermatology,6355 Clinic Blvd,Houston,FL,93410,(582) 612-7275,23,PAT002108,41,M,87645,TX,Medicaid,INS30145,GRP3668,571627,PCN6205,0.75,2897.88,143.67,E78.5,Arthritis,Antidiabetic,Pain,00,357,-4,Phone,Phone,52.09,44.48,156,631,334,0,1,-14.63,2,8,4,Friday,Morning,1,1,0,Non-Formulary,1,0,Credit Card,Rejected,76,1,0,1,1,0,34.74,21.55,3.78,0
RX00000864,2025-10-21,08:38:53,2025-10-14,5,90,Gabapentin,Levothyroxine,31384-183-81,50mg,Capsule,50,63,336.93,4769.29,2123.08,44.79,Schedule V,PH0119,Pharmacist_74,RPH990488,PA,23,PHM0013,City Pharmacy,Walgreens,214 Main St,New York,OH,97644,(676) 864-5750,PHL84623,1203406258,FX7250398,DOC0093,Dr. Brown G,4475787726,AJ7615719,MD529097,Internal Medicine,4930 Health Blvd,Chicago,IL,42716,(337) 565-2783,25,PAT002548,83,F,43673,NY,Medicare,INS95036,GRP1457,177542,PCN9392,61.64,3326.87,405.01,M25.551,Asthma,Psychotherapeutic,Chronic Disease,04,233,6,Written,Fax,58.12,21.79,183,327,137,0,1,196.48,4,8,5,Tuesday,Morning,0,1,1,Non-Formulary,1,1,Insurance,Pending,None,0,0,1,0,1,81.54,34.8,29.25,0
RX00000865,2024-08-04,14:04:45,2025-08-02,12,90,Morphine,Albuterol,45309-378-24,50mg,Capsule,104,69,325.04,2105.55,4098.68,45.86,Schedule IV,PH0155,Pharmacist_6,RPH853168,IL,33,PHM0032,Wellness Pharmacy,Rite Aid,5280 Washington St,Phoenix,FL,36090,(582) 807-5431,PHL48159,2161277360,FQ7209769,DOC0276,Dr. Johnson L,7319208533,AZ8145214,MD263716,Cardiology,7077 Health Blvd,Chicago,NY,74246,(431) 537-7228,21,PAT002918,37,Other,84065,IL,BlueCross BlueShield,INS16787,GRP2307,623031,PCN7566,58.18,3655.7,473.21,K21.9,Arthritis,Antidiabetic,Pain,02,209,12,Phone,Electronic,41.38,31.73,225,911,309,1,0,143.12,2,7,7,Thursday,Night,1,0,0,Tier 1,0,3,Cash,Paid,75,1,0,1,1,0,79.38,97.72,93.79,0
RX00000866,2025-04-12,12:40:03,2025-06-18,11,30,Lisinopril,Ciprofloxacin,90206-161-61,50mg,Capsule,119,169,395.03,2201.91,3334.97,17.82,Schedule IV,PH0169,Pharmacist_120,RPH400610,OH,11,PHM0043,Express Meds,Independent,5820 Main St,Los Angeles,CA,83392,(977) 378-8905,PHL40932,4876536412,FD2701515,DOC0195,Dr. Garcia N,2988481489,AZ1497673,MD649815,Psychiatry,6563 Clinic Blvd,Houston,IL,42433,(764) 927-1902,9,PAT004560,43,Other,28394,FL,Medicaid,INS23453,GRP8708,649778,PCN6822,67.22,2124.01,257.06,I25.10,Asthma,Cardiovascular,Infection,00,324,-29,Electronic,Phone,87.84,4.91,301,870,316,1,0,178.72,5,6,7,Monday,Night,0,0,1,Tier 1,0,4,Insurance,Paid,None,1,0,1,1,0,57.85,84.3,2.83,0
RX00000867,2024-02-15,11:42:32,2024-01-06,8,30,Hydrochlorothiazide,Morphine,90546-793-79,100mg,Injection,149,176,429.53,3676.58,496.21,49.87,Schedule IV,PH0122,Pharmacist_152,RPH565091,PA,34,PHM0002,Wellness Pharmacy,Independent,7212 Park St,Chicago,FL,63376,(328) 547-7581,PHL68988,4336895492,FG6133615,DOC0082,Dr. Brown U,9902707261,AO9583071,MD697186,Neurology,8150 Health Blvd,New York,CA,98986,(860) 360-1990,14,PAT003977,86,F,43867,CA,UnitedHealth,INS81121,GRP5835,574747,PCN5425,47.08,2059.75,285.86,G89.29,Asthma,Antidiabetic,Preventive,02,273,1,Fax,Paper,6.42,27.88,139,400,226,1,0,42.58,5,6,8,Wednesday,Evening,0,0,0,Tier 2,1,3,Cash,Paid,76,0,0,1,0,1,73.17,83.72,98.69,0
RX00000868,2025-08-22,18:24:13,2024-04-11,11,60,Losartan,Metformin,99009-265-79,50mg,Cream,154,29,97.26,32.06,4247.8,45.82,Schedule V,PH0022,Pharmacist_192,RPH621687,IL,7,PHM0008,Wellness Pharmacy,Walgreens,8467 Washington St,Los Angeles,OH,44558,(740) 959-4450,PHL47895,5071319811,FW7869137,DOC0399,Dr. Brown J,5575730934,AP2934598,MD232313,Dermatology,9821 Medical Blvd,Los Angeles,IL,92079,(805) 710-7398,34,PAT004357,79,Other,90879,IL,Medicare,INS33203,GRP5496,305994,PCN9068,12.51,3120.77,480.83,F33.1,Diabetes,Antidiabetic,Acute Condition,02,64,-18,Electronic,Fax,10.59,12.17,240,103,303,0,1,31.49,1,3,5,Saturday,Night,0,0,0,Tier 3,0,2,Debit Card,Paid,88,1,0,1,0,0,82.92,97.5,92.8,0
RX00000869,2024-11-29,18:12:18,2025-02-03,10,60,Rosuvastatin,Gabapentin,77289-336-82,250mg,Injection,84,40,108.13,1171.52,3646.18,10.86,Schedule III,PH0105,Pharmacist_163,RPH727811,NY,32,PHM0033,TrustedMeds,CVS,7355 Main St,New York,NY,46719,(701) 322-1978,PHL22078,4554622884,FH2402121,DOC0251,Dr. Smith F,7901583209,AU5257468,MD974492,Pediatrics,5663 Hospital Blvd,Houston,FL,97431,(817) 622-7260,12,PAT002489,37,Other,33077,NY,Medicare,INS67096,GRP7591,329600,PCN8354,51.13,3322.8,44.33,E11.9,Arthritis,Antidiabetic,Acute Condition,00,72,10,Phone,Fax,12.02,26.64,284,578,66,1,0,66.65,1,8,3,Sunday,Night,1,1,1,Tier 2,1,1,Check,Pending,76,0,1,1,0,1,82.24,56.33,80.63,0
RX00000870,2025-07-07,17:27:32,2024-03-06,2,90,Atorvastatin,Hydrochlorothiazide,95038-456-86,10mg,Cream,78,130,74.7,4448.48,3833.72,37.3,Schedule IV,PH0061,Pharmacist_37,RPH993615,OH,22,PHM0010,HealthPlus Pharmacy,Walgreens,8449 Park St,Phoenix,TX,94904,(722) 333-2049,PHL28651,8117942882,FB3403773,DOC0070,Dr. Miller G,3152208575,AI1371371,MD923562,Pediatrics,872 Health Blvd,Los Angeles,CA,39798,(406) 310-3525,22,PAT003393,88,M,87005,FL,Cigna,INS95883,GRP5164,626824,PCN4878,41.56,1532.52,451.99,E78.5,Depression,Antidiabetic,Pain,00,339,-1,Phone,Fax,77.96,25.53,181,217,263,1,1,170.08,5,5,7,Tuesday,Night,1,0,1,Tier 2,1,2,Insurance,Paid,88,0,0,0,0,0,74.0,88.05,-62.99,0
RX00000871,2024-11-30,14:38:00,2025-08-06,0,60,Lisinopril,Amoxicillin,88828-901-90,20mg,Capsule,145,51,52.47,3532.62,605.0,20.66,Schedule II,PH0191,Pharmacist_7,RPH902093,NY,33,PHM0005,HealthPlus Pharmacy,CVS,5592 Oak St,Phoenix,PA,42690,(451) 731-9699,PHL27865,6742771408,FV9143718,DOC0063,Dr. Jones N,1233723743,AH6940461,MD705266,General Practice,8669 Health Blvd,New York,CA,17182,(205) 219-5588,26,PAT004228,43,F,28871,PA,Humana,INS22424,GRP6559,157465,PCN8485,41.9,714.44,465.22,F33.1,Diabetes,Analgesic,Chronic Disease,03,23,16,Written,Electronic,65.33,21.01,25,577,227,0,0,10.94,3,5,1,Wednesday,Afternoon,1,0,0,Tier 2,1,2,Insurance,Paid,75,1,1,1,1,0,56.8,26.6,42.87,0
RX00000872,2025-08-02,12:29:34,2025-07-19,2,30,Oxycodone,Prednisone,40841-802-27,50mg,Cream,143,16,423.94,2029.14,3064.75,31.39,Schedule II,PH0123,Pharmacist_1,RPH550461,PA,24,PHM0050,Express Meds,CVS,6396 Washington St,New York,NY,20976,(317) 340-4541,PHL70563,5681607846,FW9766634,DOC0483,Dr. Smith E,3202411673,AX6637282,MD883457,General Practice,7709 Clinic Blvd,Houston,TX,45109,(325) 871-3084,19,PAT000130,53,M,79692,TX,Aetna,INS79167,GRP9445,346001,PCN4927,82.93,3358.72,332.9,I10,Hypertension,Antibiotic,Preventive,01,243,17,Written,Paper,58.49,12.83,450,720,211,1,0,152.57,4,5,2,Tuesday,Evening,1,1,0,Tier 2,0,0,Insurance,Paid,88,1,1,0,0,0,49.3,49.49,-70.4,0
RX00000873,2024-04-24,18:01:57,2024-01-23,10,30,Tramadol,Tramadol,93596-143-68,500mg,Injection,49,70,246.14,2533.62,1559.03,25.76,Schedule II,PH0056,Pharmacist_167,RPH765134,CA,5,PHM0028,Main Street Pharmacy,Rite Aid,5126 Oak St,New York,NY,23618,(972) 330-1469,PHL67135,2734276373,FF8337424,DOC0479,Dr. Brown H,7817230416,AQ5825742,MD638314,Dermatology,2621 Health Blvd,Chicago,FL,45481,(327) 328-7368,27,PAT002034,21,F,87341,FL,Medicaid,INS94391,GRP4600,914272,PCN3700,52.45,1053.54,31.96,M79.7,Arthritis,Analgesic,Acute Condition,02,302,11,Phone,Paper,63.83,15.89,409,267,195,1,0,-28.71,3,10,5,Sunday,Evening,1,1,1,Tier 1,1,3,Check,Reversed,79,0,1,1,0,1,22.27,37.08,88.43,0
RX00000874,2025-10-04,08:42:04,2024-08-29,9,60,Albuterol,Amoxicillin,45863-720-57,100mg,Injection,23,65,158.42,3510.23,4002.97,35.58,None,PH0040,Pharmacist_87,RPH914833,TX,24,PHM0031,Family Pharmacy,Independent,1515 Washington St,Phoenix,TX,62941,(397) 353-6657,PHL25340,9272858661,FV7877727,DOC0295,Dr. Brown J,9824932800,AE4419583,MD589004,Oncology,6684 Medical Blvd,Phoenix,CA,42810,(388) 484-5278,26,PAT001035,56,Other,21840,FL,Medicare,INS45644,GRP8569,388817,PCN9689,79.57,2792.08,390.68,G89.29,Diabetes,Psychotherapeutic,Acute Condition,00,135,26,Phone,Electronic,19.6,25.71,465,779,371,0,0,88.16,4,1,4,Friday,Evening,0,1,0,Non-Formulary,1,1,Credit Card,Pending,None,1,0,0,1,1,17.44,66.66,58.95,0
RX00000875,2025-11-29,18:50:58,2023-12-21,9,90,Metformin,Montelukast,84893-279-97,20mg,Cream,61,159,270.4,4334.74,3551.75,49.16,Schedule V,PH0091,Pharmacist_193,RPH463711,OH,15,PHM0011,QuickMeds,Rite Aid,8234 Washington St,Houston,CA,56751,(581) 877-1823,PHL37544,9243750353,FC9982009,DOC0005,Dr. Smith Y,2640622751,AJ8933485,MD548346,Psychiatry,5278 Medical Blvd,Chicago,NY,45063,(977) 809-8875,23,PAT003595,50,F,52896,CA,BlueCross BlueShield,INS24114,GRP6843,697286,PCN5119,33.99,1568.7,167.17,M25.551,Arthritis,Analgesic,Infection,01,35,-1,Written,Phone,2.71,34.62,346,14,414,0,1,80.77,2,3,5,Saturday,Night,0,1,0,Non-Formulary,0,1,Check,Reversed,75,1,0,0,0,1,96.59,35.91,-31.97,1
RX00000876,2024-07-06,11:59:39,2025-04-03,1,90,Montelukast,Sertraline,74849-264-37,10mg,Cream,167,110,33.94,706.53,2886.76,45.91,Schedule III,PH0071,Pharmacist_99,RPH465193,OH,24,PHM0006,TrustedMeds,Rite Aid,3645 Washington St,Los Angeles,NY,47251,(337) 890-4812,PHL76445,1631856882,FR3593080,DOC0019,Dr. Williams N,6380161587,AM4324032,MD605440,Psychiatry,8295 Hospital Blvd,Phoenix,FL,45842,(861) 357-6157,40,PAT002294,43,F,42178,PA,Kaiser Permanente,INS84464,GRP2919,657923,PCN2043,34.98,4379.86,498.77,I25.10,Asthma,Antibiotic,Preventive,04,140,1,Fax,Fax,1.4,31.41,248,231,188,1,0,90.31,2,8,8,Thursday,Afternoon,1,0,0,Tier 1,1,4,Cash,Rejected,79,1,0,1,0,1,82.93,20.35,64.68,1
RX00000877,2024-01-19,10:18:03,2024-04-04,11,90,Metformin,Ciprofloxacin,44822-742-24,20mg,Capsule,159,92,371.28,4903.29,97.25,16.56,Schedule V,PH0155,Pharmacist_156,RPH847212,NY,6,PHM0038,Main Street Pharmacy,CVS,6656 Maple St,Phoenix,OH,88901,(934) 369-9262,PHL31098,4777758622,FO5213819,DOC0402,Dr. Miller J,7954623052,AL9527684,MD956166,Psychiatry,8010 Hospital Blvd,Phoenix,NY,22724,(309) 343-2796,37,PAT003206,26,Other,71107,NY,BlueCross BlueShield,INS17832,GRP2184,114169,PCN3252,59.93,2101.64,269.17,J44.9,Asthma,Cardiovascular,Preventive,02,135,-6,Fax,Phone,85.59,1.18,250,376,189,0,1,78.02,3,1,2,Saturday,Afternoon,1,1,0,Tier 3,0,0,Debit Card,Reversed,75,1,1,1,0,1,21.79,49.91,-13.5,0
RX00000878,2024-11-26,17:24:37,2025-05-19,9,30,Lisinopril,Amoxicillin,90038-668-91,500mg,Cream,149,60,345.48,3048.02,2044.84,37.86,Schedule V,PH0087,Pharmacist_40,RPH580016,NY,27,PHM0031,TrustedMeds,Walgreens,1670 Oak St,New York,PA,45408,(986) 566-1014,PHL44287,7249143455,FX5615819,DOC0228,Dr. Johnson I,4522019186,AS1038013,MD942109,Cardiology,8121 Medical Blvd,Los Angeles,FL,51592,(992) 895-2875,4,PAT003541,31,Other,36753,TX,Kaiser Permanente,INS44018,GRP8146,707693,PCN5260,27.97,4205.72,1.52,M25.551,Asthma,Analgesic,Infection,02,311,-9,Electronic,Electronic,9.88,2.66,85,337,355,1,1,144.53,3,0,2,Thursday,Afternoon,0,0,1,Non-Formulary,1,1,Cash,Rejected,76,0,0,0,0,0,10.99,99.86,42.24,0
RX00000879,2025-06-21,14:57:20,2024-05-17,9,30,Rosuvastatin,Azithromycin,92133-893-95,100mg,Cream,146,143,451.08,2805.2,3995.25,36.24,Schedule II,PH0140,Pharmacist_31,RPH643175,IL,26,PHM0025,TrustedMeds,Rite Aid,2557 Washington St,New York,IL,52731,(225) 881-9245,PHL21194,6630576921,FH6832474,DOC0168,Dr. Miller Y,3316848009,AR1249050,MD481642,Internal Medicine,9788 Medical Blvd,Houston,NY,41231,(861) 805-3949,35,PAT001351,85,M,19712,IL,Anthem,INS32526,GRP5387,843834,PCN4423,53.17,3140.14,384.22,I10,Asthma,Cardiovascular,Infection,04,339,-5,Electronic,Electronic,44.42,10.26,19,398,218,1,1,93.06,5,5,5,Sunday,Night,1,0,1,Tier 2,0,4,Insurance,Pending,88,0,0,1,1,1,94.64,24.2,50.76,0
RX00000880,2025-05-22,15:45:31,2024-05-03,10,90,Gabapentin,Sertraline,17606-471-42,500mg,Cream,100,52,352.79,665.43,2836.87,38.46,Schedule V,PH0142,Pharmacist_172,RPH506953,FL,20,PHM0011,HealthPlus Pharmacy,CVS,287 Maple St,Philadelphia,IL,55178,(778) 372-9055,PHL71563,1513993587,FA5046065,DOC0012,Dr. Garcia P,5108709659,AE8924476,MD931368,Orthopedics,9368 Medical Blvd,Chicago,CA,33853,(883) 353-8155,33,PAT000258,87,M,47807,OH,Anthem,INS42379,GRP6269,445947,PCN1282,88.33,2926.58,214.54,K21.9,Depression,Antibiotic,Pain,03,301,-23,Phone,Fax,4.67,47.53,14,343,323,1,0,191.71,0,3,2,Sunday,Night,0,0,1,Non-Formulary,1,1,Credit Card,Reversed,88,0,0,0,1,1,70.14,28.17,60.27,1
RX00000881,2024-12-11,15:49:51,2025-05-26,7,30,Tramadol,Methylprednisolone,46689-141-32,500mg,Tablet,135,38,89.64,4172.23,2122.2,49.42,Schedule V,PH0023,Pharmacist_15,RPH202956,FL,17,PHM0042,Wellness Pharmacy,Rite Aid,796 Park St,Los Angeles,OH,96250,(750) 342-2830,PHL98467,6017448931,FE7566177,DOC0187,Dr. Williams V,8819717159,AK7097457,MD281348,Endocrinology,4193 Hospital Blvd,Houston,FL,74765,(443) 411-1655,11,PAT001440,90,M,10041,IL,Humana,INS80885,GRP6565,890970,PCN2475,68.31,401.41,201.39,G89.29,Asthma,Antidiabetic,Infection,00,222,-12,Electronic,Paper,19.61,1.06,446,146,26,1,0,-7.18,4,3,2,Wednesday,Afternoon,1,1,1,Tier 2,0,3,Cash,Reversed,88,0,0,1,1,1,77.21,48.81,30.99,0
RX00000882,2025-02-10,09:28:04,2024-02-22,5,60,Hydrochlorothiazide,Morphine,34696-974-85,100mg,Tablet,146,161,14.06,3513.19,860.65,19.11,Schedule II,PH0065,Pharmacist_145,RPH724121,OH,13,PHM0044,Metro Pharmacy,Rite Aid,2384 Washington St,Phoenix,IL,58343,(301) 791-2985,PHL35350,5029062047,FK9780327,DOC0089,Dr. Williams G,7405054276,AZ9911884,MD481655,General Practice,911 Clinic Blvd,Phoenix,NY,92425,(672) 606-5698,10,PAT001602,42,F,85819,NY,Self-Pay,INS10519,GRP2854,413491,PCN8619,17.9,48.04,422.18,R51,Hypertension,Analgesic,Chronic Disease,03,116,1,Phone,Electronic,26.11,2.37,208,471,5,0,0,161.31,4,0,6,Thursday,Evening,0,1,1,Non-Formulary,0,2,Credit Card,Rejected,76,0,1,0,1,1,7.58,33.95,-72.14,0
RX00000883,2025-03-18,08:18:57,2025-04-04,9,90,Levothyroxine,Escitalopram,20909-168-15,500mg,Cream,60,133,283.23,2656.05,4430.97,35.73,Schedule V,PH0010,Pharmacist_68,RPH169462,PA,34,PHM0027,Central Drug Store,Walgreens,7115 Washington St,Los Angeles,IL,57684,(640) 960-5922,PHL97294,3349610400,FX1408349,DOC0062,Dr. Smith V,5896395718,AX5062106,MD741744,Cardiology,5703 Hospital Blvd,Los Angeles,CA,56638,(929) 975-7275,13,PAT003407,21,F,10054,PA,Aetna,INS47443,GRP6700,845106,PCN2394,99.69,2169.27,42.42,F41.9,Asthma,Antibiotic,Chronic Disease,01,257,26,Phone,Electronic,72.53,16.53,453,246,124,1,0,33.86,0,10,0,Wednesday,Afternoon,0,0,1,Tier 3,0,2,Check,Pending,88,1,1,1,1,1,74.78,71.5,71.43,0
RX00000884,2025-01-25,08:14:09,2024-01-13,4,60,Montelukast,Escitalopram,77166-828-25,100mg,Capsule,42,42,406.55,1846.95,369.51,8.58,None,PH0132,Pharmacist_124,RPH318247,OH,19,PHM0048,Family Pharmacy,Rite Aid,7562 Washington St,Phoenix,TX,29845,(589) 522-8562,PHL88866,8661084970,FH7358253,DOC0132,Dr. Miller F,1147572925,AP2640836,MD805603,Neurology,1322 Clinic Blvd,Los Angeles,NY,17513,(961) 969-2136,36,PAT001876,75,M,59799,CA,Cigna,INS49729,GRP7547,932018,PCN4219,93.72,4192.12,397.15,M79.7,Asthma,Psychotherapeutic,Pain,01,126,-5,Fax,Paper,90.75,31.65,425,939,493,1,0,-4.97,3,9,6,Friday,Morning,1,1,0,Tier 1,0,3,Credit Card,Pending,75,0,0,0,0,1,20.8,85.8,-99.97,0
RX00000885,2024-12-25,17:03:04,2024-06-05,1,90,Metformin,Amoxicillin,30853-227-90,10mg,Syrup,25,56,160.54,1247.8,321.05,35.76,None,PH0079,Pharmacist_74,RPH537028,PA,29,PHM0039,QuickMeds,Walgreens,5476 Park St,Los Angeles,PA,62085,(913) 874-7480,PHL54039,6812847915,FY3802665,DOC0095,Dr. Miller C,4508533334,AR6274766,MD708048,Oncology,4940 Clinic Blvd,Phoenix,FL,40931,(505) 755-8922,5,PAT004200,46,M,87773,TX,BlueCross BlueShield,INS61548,GRP1420,658210,PCN2753,88.41,4405.15,487.3,R51,Asthma,Antibiotic,Chronic Disease,01,356,0,Fax,Electronic,26.87,30.25,361,915,39,0,0,-43.01,2,2,7,Wednesday,Afternoon,1,0,1,Tier 2,1,1,Credit Card,Paid,76,0,1,1,0,1,40.3,88.22,-60.43,0
RX00000886,2025-05-06,15:08:20,2024-09-16,7,30,Amoxicillin,Clopidogrel,40492-664-57,50mg,Injection,27,160,430.92,2703.74,1743.36,33.44,Schedule II,PH0183,Pharmacist_88,RPH674780,FL,31,PHM0029,Wellness Pharmacy,CVS,6271 Oak St,Chicago,PA,74214,(625) 359-3165,PHL84373,9981412922,FE6037311,DOC0323,Dr. Williams L,8594845207,AF5715008,MD910495,Orthopedics,736 Medical Blvd,Phoenix,NY,99707,(929) 812-7772,39,PAT002826,37,Other,10773,FL,BlueCross BlueShield,INS73242,GRP8506,172291,PCN9530,52.37,1533.12,157.59,N18.3,Diabetes,Analgesic,Acute Condition,04,357,-17,Electronic,Fax,63.68,7.24,172,367,500,0,1,19.78,2,4,3,Wednesday,Night,1,0,1,Tier 2,0,4,Insurance,Paid,75,0,0,0,0,0,27.96,81.2,-53.26,0
RX00000887,2025-06-05,13:31:08,2024-02-14,4,30,Hydrochlorothiazide,Gabapentin,14121-359-78,250mg,Tablet,55,32,225.36,3910.07,797.3,25.57,Schedule III,PH0124,Pharmacist_34,RPH997702,PA,9,PHM0031,Community Health Pharmacy,Rite Aid,4333 Oak St,Phoenix,CA,24603,(683) 384-3724,PHL83530,7210078289,FD9964332,DOC0283,Dr. Garcia W,4013326500,AU9558933,MD898837,Internal Medicine,229 Clinic Blvd,Phoenix,TX,88341,(555) 821-4260,34,PAT004622,81,Other,72472,NY,Anthem,INS23763,GRP8091,708342,PCN8932,74.15,330.7,199.72,I25.10,Arthritis,Antidiabetic,Chronic Disease,02,60,-25,Electronic,Fax,64.26,19.88,304,454,331,1,1,-46.1,4,7,1,Thursday,Morning,1,0,0,Tier 2,1,3,Cash,Paid,88,0,0,1,1,0,4.07,73.04,-41.03,0
RX00000888,2024-08-12,12:26:54,2024-08-06,6,60,Losartan,Hydrochlorothiazide,29117-162-87,250mg,Injection,106,110,402.46,1727.16,3697.64,24.77,Schedule IV,PH0051,Pharmacist_30,RPH638416,CA,20,PHM0018,HealthPlus Pharmacy,CVS,1273 Main St,Los Angeles,PA,10054,(802) 952-1614,PHL92649,5682122411,FP5825513,DOC0003,Dr. Miller J,6195560351,AW2502119,MD748327,Dermatology,5426 Hospital Blvd,Phoenix,TX,77188,(972) 330-5846,1,PAT003530,84,F,82742,IL,Self-Pay,INS95429,GRP4414,825743,PCN9521,73.12,3068.42,167.08,F33.1,Diabetes,Antibiotic,Acute Condition,01,353,-13,Fax,Electronic,1.13,9.36,347,493,202,1,0,123.04,1,5,3,Friday,Afternoon,1,1,1,Tier 1,0,4,Check,Rejected,75,0,1,1,0,1,77.69,6.28,40.79,1
RX00000889,2025-06-08,12:26:00,2025-01-13,8,90,Prednisone,Lisinopril,22383-705-50,20mg,Capsule,115,37,119.26,3777.84,1426.43,18.42,Schedule III,PH0091,Pharmacist_158,RPH904990,CA,10,PHM0023,Central Drug Store,CVS,6318 Park St,Chicago,IL,65465,(901) 474-4247,PHL35229,1491373032,FI7264112,DOC0157,Dr. Miller Y,3980200605,AW1975472,MD904285,Internal Medicine,7933 Medical Blvd,Phoenix,NY,88716,(573) 871-5522,1,PAT003537,49,F,22773,FL,BlueCross BlueShield,INS91598,GRP9320,426011,PCN2493,63.66,1133.26,182.62,F41.9,Asthma,Analgesic,Pain,01,276,-3,Written,Fax,78.87,16.29,192,90,187,0,0,-7.67,1,1,8,Wednesday,Morning,1,1,1,Non-Formulary,0,4,Insurance,Pending,88,0,1,0,1,0,98.45,19.4,93.51,0
RX00000890,2025-06-25,13:35:52,2025-04-21,6,90,Tramadol,Simvastatin,82048-253-96,50mg,Tablet,108,63,369.47,3155.99,3724.22,37.68,Schedule IV,PH0017,Pharmacist_28,RPH613056,TX,24,PHM0015,HealthPlus Pharmacy,Independent,7338 Washington St,Houston,IL,78551,(808) 661-7724,PHL49695,2217011262,FH2480366,DOC0013,Dr. Garcia F,6641078742,AP7291438,MD499066,Cardiology,9139 Medical Blvd,New York,FL,90935,(429) 896-8700,26,PAT001386,41,F,26102,TX,UnitedHealth,INS91001,GRP9831,853002,PCN2722,73.15,3489.45,73.7,E11.9,Arthritis,Psychotherapeutic,Chronic Disease,01,224,-17,Phone,Phone,3.74,0.34,413,917,476,0,0,79.9,3,7,2,Sunday,Afternoon,0,1,0,Tier 3,1,4,Debit Card,Reversed,79,1,0,1,0,1,82.76,30.73,10.23,1
RX00000891,2024-08-14,11:32:04,2025-07-14,9,60,Simvastatin,Sertraline,74258-978-63,500mg,Tablet,175,44,136.98,484.37,576.96,18.87,Schedule V,PH0006,Pharmacist_42,RPH484259,IL,25,PHM0050,Corner Pharmacy,Independent,1532 Washington St,Houston,TX,11255,(282) 698-5375,PHL81788,3519603347,FS1689365,DOC0263,Dr. Smith W,1940242367,AV4093734,MD686557,Internal Medicine,8439 Hospital Blvd,Los Angeles,NY,94691,(262) 636-8190,6,PAT002520,72,Other,72900,PA,BlueCross BlueShield,INS35182,GRP2529,239250,PCN9372,41.06,2685.45,42.34,M54.5,Diabetes,Cardiovascular,Chronic Disease,03,175,24,Phone,Phone,95.42,9.16,263,310,352,0,1,120.09,1,2,2,Tuesday,Morning,1,0,1,Tier 1,1,2,Debit Card,Paid,76,1,1,0,0,1,82.33,26.71,11.38,0
RX00000892,2024-07-12,14:26:29,2024-04-18,0,30,Clopidogrel,Rosuvastatin,60624-807-23,250mg,Tablet,78,129,446.51,4214.37,613.99,8.9,Schedule IV,PH0173,Pharmacist_21,RPH208018,PA,23,PHM0009,Express Meds,Rite Aid,6602 Maple St,Los Angeles,NY,13396,(601) 650-8412,PHL38695,8434854780,FJ5308561,DOC0311,Dr. Brown X,6721490974,AN9664391,MD804149,Orthopedics,5473 Clinic Blvd,Los Angeles,FL,97915,(696) 327-6473,21,PAT000638,73,Other,97942,FL,Medicare,INS15306,GRP1261,166719,PCN5476,54.55,1609.37,146.75,J45.909,Asthma,Cardiovascular,Infection,02,206,-2,Fax,Electronic,93.3,3.79,214,292,26,0,1,-14.16,4,7,3,Wednesday,Afternoon,0,0,1,Tier 2,1,0,Check,Paid,79,0,0,1,0,0,36.74,62.0,55.02,0
RX00000893,2025-08-20,10:16:33,2024-03-22,10,60,Lisinopril,Prednisone,42103-881-73,20mg,Cream,149,135,345.82,1258.93,211.21,36.22,None,PH0036,Pharmacist_77,RPH353525,NY,17,PHM0001,HealthPlus Pharmacy,Walgreens,696 Maple St,Phoenix,CA,23027,(455) 745-1777,PHL81079,5092678367,FU2330386,DOC0006,Dr. Johnson P,9488246425,AV3510869,MD394415,Neurology,7451 Clinic Blvd,Los Angeles,NY,97051,(623) 524-5141,36,PAT004382,61,M,17020,CA,BlueCross BlueShield,INS26550,GRP2038,888411,PCN2864,79.45,3007.79,134.47,E11.9,Arthritis,Psychotherapeutic,Pain,02,91,-3,Fax,Paper,2.81,8.68,252,322,305,0,1,114.18,4,7,5,Wednesday,Afternoon,1,1,1,Non-Formulary,1,1,Cash,Rejected,88,1,1,1,0,1,85.31,66.26,-47.82,1
RX00000894,2024-12-27,11:58:47,2024-04-18,11,60,Escitalopram,Montelukast,57451-324-62,20mg,Tablet,11,46,495.08,2430.62,3363.03,29.79,None,PH0016,Pharmacist_113,RPH944733,PA,4,PHM0010,Express Meds,Walgreens,8037 Maple St,Houston,FL,92231,(205) 916-8686,PHL96991,3077422723,FF2144193,DOC0005,Dr. Williams P,9934302726,AI3352549,MD315209,Pediatrics,7412 Hospital Blvd,New York,IL,45314,(541) 881-8223,21,PAT002315,42,M,68745,CA,Anthem,INS74917,GRP4229,505426,PCN8948,85.0,1914.58,8.45,K21.9,Asthma,Antidiabetic,Preventive,03,294,9,Phone,Fax,4.42,12.17,27,548,259,0,1,116.52,1,10,0,Monday,Evening,1,0,0,Non-Formulary,1,0,Credit Card,Paid,76,0,0,0,1,0,72.69,85.99,31.6,1
RX00000895,2024-11-01,12:02:24,2025-03-25,6,30,Montelukast,Rosuvastatin,82685-964-64,100mg,Capsule,142,12,2.72,986.45,872.44,39.67,Schedule IV,PH0095,Pharmacist_136,RPH822075,FL,33,PHM0004,CarePlus Pharmacy,Rite Aid,7514 Washington St,Houston,FL,97129,(560) 752-4945,PHL24417,1396977005,FS9200796,DOC0244,Dr. Jones L,9389069337,AE8175488,MD377484,General Practice,3660 Health Blvd,New York,CA,36829,(803) 566-6286,18,PAT001885,54,M,52570,TX,UnitedHealth,INS62704,GRP4025,440136,PCN6890,71.0,252.42,406.78,M25.551,Hypertension,Antidiabetic,Preventive,03,305,1,Fax,Paper,42.08,37.79,274,995,478,1,0,144.62,3,0,5,Monday,Morning,0,0,1,Tier 2,1,4,Cash,Pending,75,1,0,0,0,1,43.48,19.35,5.25,0
RX00000896,2025-10-02,14:24:51,2024-12-30,9,30,Montelukast,Omeprazole,51601-151-21,10mg,Capsule,142,20,6.08,484.87,2689.35,27.53,Schedule IV,PH0052,Pharmacist_2,RPH230786,IL,12,PHM0020,Main Street Pharmacy,Walgreens,2110 Park St,Phoenix,NY,41273,(485) 745-3817,PHL29925,6567033909,FC6847131,DOC0037,Dr. Garcia K,4008972382,AK2567953,MD453793,Orthopedics,8505 Clinic Blvd,Chicago,IL,86001,(563) 831-9562,29,PAT000766,29,Other,63675,PA,Self-Pay,INS14051,GRP3066,222939,PCN4584,52.23,2442.26,402.39,I10,Hypertension,Psychotherapeutic,Infection,04,156,16,Fax,Phone,40.48,7.36,252,986,272,0,0,-0.62,4,10,0,Wednesday,Afternoon,1,0,0,Non-Formulary,1,3,Insurance,Paid,79,1,1,0,0,1,72.35,20.18,21.46,0
RX00000897,2025-05-03,17:03:16,2025-09-09,0,90,Gabapentin,Ibuprofen,61187-337-37,10mg,Syrup,129,110,248.73,107.68,3245.16,9.67,Schedule III,PH0098,Pharmacist_20,RPH746780,PA,5,PHM0021,TrustedMeds,Independent,5925 Oak St,New York,IL,91549,(628) 676-5112,PHL61274,2044832908,FZ5891880,DOC0002,Dr. Williams Y,2839976427,AD1148164,MD299719,Psychiatry,1323 Health Blvd,Chicago,TX,39410,(720) 503-5152,8,PAT001057,73,M,31288,PA,Anthem,INS33832,GRP4779,601637,PCN7831,98.86,1212.13,486.01,K21.9,Diabetes,Antidiabetic,Infection,02,321,15,Phone,Phone,4.77,39.7,360,853,189,0,1,170.01,5,7,4,Sunday,Morning,1,1,1,Non-Formulary,0,4,Debit Card,Pending,76,1,0,1,1,1,88.56,57.62,47.63,1
RX00000898,2024-08-16,11:35:16,2024-06-24,8,60,Clopidogrel,Metformin,10844-984-17,500mg,Syrup,169,74,418.43,4168.21,4276.89,46.98,None,PH0196,Pharmacist_108,RPH726014,CA,30,PHM0042,Express Meds,Independent,3572 Main St,Philadelphia,IL,70490,(359) 722-6653,PHL77158,4979654080,FE1014821,DOC0014,Dr. Jones F,7024021999,AM1388154,MD895075,Orthopedics,8738 Hospital Blvd,Houston,IL,57274,(696) 746-7726,3,PAT000733,62,Other,11053,TX,Cigna,INS91391,GRP4525,887449,PCN9734,91.89,3060.41,41.68,G89.29,Arthritis,Psychotherapeutic,Acute Condition,03,170,22,Written,Phone,3.78,15.06,139,648,185,0,0,86.08,3,7,2,Monday,Night,0,0,0,Non-Formulary,0,4,Check,Paid,88,1,0,1,1,1,98.2,44.66,83.15,1
RX00000899,2025-11-13,13:34:56,2023-12-21,3,60,Albuterol,Hydrochlorothiazide,88714-962-75,100mg,Tablet,25,105,437.38,1503.56,1622.23,28.87,Schedule IV,PH0167,Pharmacist_133,RPH741344,CA,23,PHM0023,City Pharmacy,Independent,8155 Washington St,Phoenix,IL,44389,(432) 794-7057,PHL95862,5006464064,FR2337239,DOC0034,Dr. Williams T,3830563068,AK1745976,MD979581,Orthopedics,7052 Clinic Blvd,Los Angeles,IL,72747,(785) 236-6256,40,PAT003674,46,M,97697,PA,Medicare,INS67924,GRP8990,686729,PCN2801,4.83,3343.15,53.34,E11.9,Depression,Antidiabetic,Chronic Disease,02,51,-29,Written,Paper,70.82,4.99,481,600,455,1,0,154.8,0,3,2,Tuesday,Morning,1,1,0,Tier 3,0,2,Cash,Rejected,88,1,0,0,1,0,99.58,42.56,-33.85,0
RX00000900,2024-04-03,18:48:16,2025-09-02,9,60,Omeprazole,Losartan,68435-210-78,250mg,Capsule,142,104,103.19,4096.69,913.49,40.48,None,PH0157,Pharmacist_90,RPH228823,NY,7,PHM0045,Express Meds,Walgreens,4515 Park St,Houston,IL,96090,(821) 697-1690,PHL78750,7204752449,FY7465346,DOC0010,Dr. Brown I,3662474906,AV7374408,MD214025,Pediatrics,3646 Clinic Blvd,Houston,NY,18396,(225) 750-3509,16,PAT001496,27,M,25951,TX,BlueCross BlueShield,INS78016,GRP4058,906837,PCN5836,68.07,3913.91,209.8,I10,Hypertension,Antibiotic,Pain,03,111,-8,Electronic,Phone,2.3,24.26,269,279,183,0,1,194.36,2,7,4,Thursday,Afternoon,1,1,1,Tier 3,1,3,Debit Card,Paid,79,0,1,1,1,1,98.88,56.29,-10.58,1
RX00000901,2025-10-18,18:45:18,2025-01-21,3,60,Ibuprofen,Escitalopram,45475-980-95,100mg,Tablet,64,29,127.16,4175.21,981.62,31.04,Schedule V,PH0039,Pharmacist_106,RPH188789,IL,9,PHM0034,TrustedMeds,CVS,7729 Park St,Philadelphia,NY,14938,(652) 883-7075,PHL15929,6417463716,FK8823552,DOC0003,Dr. Garcia B,8040050551,AJ3061797,MD375450,Neurology,8213 Clinic Blvd,Chicago,CA,22793,(889) 861-2612,22,PAT004916,63,Other,42468,CA,Medicaid,INS58700,GRP8910,900600,PCN2195,59.57,1996.53,407.96,K21.9,Depression,Antibiotic,Acute Condition,04,167,25,Electronic,Phone,4.4,46.61,314,474,276,1,0,105.31,0,0,8,Friday,Night,1,1,1,Tier 2,0,4,Credit Card,Paid,75,1,0,0,1,1,99.09,44.49,2.22,1
RX00000902,2024-11-28,10:14:39,2024-03-06,2,60,Metformin,Sertraline,21602-347-46,500mg,Tablet,31,128,137.43,3336.39,2082.39,14.2,Schedule IV,PH0067,Pharmacist_20,RPH234469,TX,18,PHM0008,HealthPlus Pharmacy,Independent,9762 Maple St,New York,IL,24835,(895) 931-7532,PHL45429,7668106800,FW8943171,DOC0137,Dr. Johnson T,6930502962,AD8558417,MD703086,Dermatology,9267 Clinic Blvd,Los Angeles,TX,28873,(896) 671-5808,29,PAT000088,53,F,53115,FL,UnitedHealth,INS93450,GRP8491,335831,PCN8227,94.97,2855.5,338.66,E78.5,Arthritis,Psychotherapeutic,Acute Condition,01,291,13,Phone,Electronic,98.23,19.61,419,830,267,0,0,46.59,0,9,3,Friday,Afternoon,1,0,1,Tier 3,0,1,Credit Card,Reversed,88,1,0,0,0,0,35.86,14.07,26.73,0
RX00000903,2025-08-29,18:24:24,2024-03-26,10,90,Gabapentin,Losartan,84511-419-74,20mg,Tablet,132,80,44.87,2923.06,3760.66,36.07,Schedule III,PH0067,Pharmacist_179,RPH898495,NY,10,PHM0033,TrustedMeds,Independent,7826 Maple St,Los Angeles,PA,43699,(695) 610-3527,PHL87561,2824818113,FC8384619,DOC0009,Dr. Smith X,2678118991,AR4257648,MD642350,Endocrinology,2182 Medical Blvd,Houston,FL,30244,(925) 940-3119,18,PAT000595,66,F,63153,FL,Cigna,INS76566,GRP8030,679915,PCN1195,32.65,299.08,477.08,J44.9,Hypertension,Antidiabetic,Chronic Disease,03,95,-3,Phone,Paper,1.63,11.24,287,225,497,0,0,160.24,1,4,6,Saturday,Night,1,1,1,Tier 2,1,4,Check,Paid,None,1,0,1,1,0,93.51,36.86,21.78,1
RX00000904,2025-10-16,10:18:36,2024-12-16,4,30,Prednisone,Levothyroxine,86474-681-13,20mg,Capsule,95,64,210.71,1565.48,1004.93,28.54,None,PH0089,Pharmacist_19,RPH437291,IL,22,PHM0050,Corner Pharmacy,CVS,7445 Washington St,Phoenix,OH,38892,(978) 499-2008,PHL47700,7093470859,FB5803988,DOC0425,Dr. Miller N,3276859369,AH3827838,MD532969,Psychiatry,8887 Medical Blvd,Phoenix,FL,61314,(406) 908-2344,23,PAT001300,80,M,68134,FL,Anthem,INS69519,GRP5719,553648,PCN7389,16.89,3119.67,461.33,I25.10,Diabetes,Antibiotic,Acute Condition,03,31,6,Electronic,Phone,84.96,43.95,314,504,458,1,1,-8.3,0,0,4,Sunday,Night,1,0,1,Tier 2,1,3,Check,Reversed,79,0,1,0,1,0,10.3,95.52,79.64,0
RX00000905,2024-02-16,16:09:56,2025-08-24,5,60,Losartan,Rosuvastatin,81770-487-80,10mg,Capsule,53,118,114.52,2370.41,481.11,48.93,None,PH0185,Pharmacist_21,RPH790883,NY,26,PHM0016,HealthPlus Pharmacy,Independent,8170 Washington St,Houston,NY,60812,(205) 298-9531,PHL40187,8963729984,FA9078327,DOC0003,Dr. Smith C,6410363316,AA7869111,MD476973,General Practice,185 Clinic Blvd,Houston,IL,51846,(684) 536-7021,21,PAT001468,66,Other,67286,FL,Anthem,INS43366,GRP2117,443756,PCN6887,45.76,3539.68,297.17,I10,Asthma,Cardiovascular,Acute Condition,04,287,18,Electronic,Phone,0.63,31.84,237,273,359,0,0,144.86,4,0,4,Saturday,Morning,0,1,1,Tier 2,1,2,Credit Card,Rejected,75,0,0,1,1,0,83.49,34.08,30.25,1
RX00000906,2024-05-16,14:57:12,2025-09-24,10,30,Clopidogrel,Oxycodone,46004-305-98,500mg,Cream,111,57,484.28,3195.96,4175.61,22.08,None,PH0050,Pharmacist_155,RPH990401,OH,15,PHM0010,CarePlus Pharmacy,Rite Aid,2157 Washington St,Philadelphia,PA,59041,(267) 490-3402,PHL22464,8929030789,FK5812255,DOC0467,Dr. Brown Q,5569812423,AQ7737206,MD814910,Oncology,5829 Hospital Blvd,New York,IL,61623,(382) 237-8352,25,PAT003552,52,M,19505,FL,BlueCross BlueShield,INS11500,GRP1852,198505,PCN9914,78.78,3860.08,454.22,M79.7,Depression,Antidiabetic,Preventive,03,83,-26,Written,Electronic,48.88,41.29,210,245,48,1,0,196.58,1,0,6,Tuesday,Night,1,0,1,Tier 3,0,4,Check,Reversed,76,1,0,1,0,1,75.45,9.66,2.08,0
RX00000907,2024-07-11,09:51:42,2025-01-30,8,30,Hydrochlorothiazide,Metformin,12513-651-98,250mg,Capsule,109,92,71.45,4910.42,2008.63,34.59,Schedule IV,PH0153,Pharmacist_10,RPH565481,IL,11,PHM0013,Wellness Pharmacy,Independent,4439 Maple St,Philadelphia,OH,79495,(903) 248-5196,PHL79553,3057587668,FI1195973,DOC0235,Dr. Williams O,5202180375,AO9784456,MD962523,Oncology,7553 Clinic Blvd,Los Angeles,IL,44173,(612) 404-5701,13,PAT000521,65,M,11352,OH,Medicaid,INS94370,GRP4055,481791,PCN9344,4.98,4227.93,485.81,R51,Asthma,Analgesic,Chronic Disease,00,214,30,Phone,Electronic,98.59,43.14,234,749,24,0,1,63.07,4,6,6,Sunday,Evening,0,0,0,Tier 1,0,4,Cash,Pending,76,0,0,1,0,0,30.8,94.9,1.81,0
RX00000908,2025-05-22,15:31:39,2024-05-09,11,90,Losartan,Metformin,89988-990-60,50mg,Capsule,148,85,155.39,1448.89,278.89,17.33,Schedule V,PH0126,Pharmacist_120,RPH557154,IL,31,PHM0038,HealthPlus Pharmacy,Independent,1056 Oak St,Los Angeles,PA,38808,(918) 738-5894,PHL83283,1063225691,FA2660730,DOC0458,Dr. Miller L,8277332133,AT4475325,MD809637,Oncology,4486 Medical Blvd,Phoenix,IL,84890,(414) 379-1687,39,PAT004568,49,F,52399,IL,Kaiser Permanente,INS51392,GRP3757,345485,PCN7157,42.1,1831.17,129.7,M54.5,Arthritis,Antidiabetic,Pain,02,233,14,Phone,Fax,61.35,34.85,100,867,485,1,0,-48.34,3,2,1,Thursday,Afternoon,0,0,1,Tier 3,1,4,Credit Card,Reversed,79,0,0,1,1,0,73.73,37.86,-43.39,0
RX00000909,2025-08-13,16:02:14,2024-04-30,11,30,Methylprednisolone,Albuterol,82590-899-10,20mg,Syrup,175,70,458.23,727.98,4433.14,46.81,Schedule III,PH0114,Pharmacist_193,RPH802705,CA,10,PHM0017,HealthPlus Pharmacy,Walgreens,9620 Washington St,Houston,IL,75154,(843) 380-8088,PHL77234,6833133356,FK7123122,DOC0020,Dr. Miller X,4530352912,AL3240610,MD643842,Pediatrics,3983 Medical Blvd,Chicago,TX,41982,(868) 509-3458,18,PAT003430,51,F,30831,NY,BlueCross BlueShield,INS39858,GRP5723,687904,PCN1687,95.85,4080.0,124.43,N18.3,Diabetes,Cardiovascular,Preventive,02,150,-15,Fax,Paper,3.4,41.75,218,655,419,0,1,167.12,5,9,4,Sunday,Evening,0,1,0,Tier 1,1,4,Credit Card,Reversed,88,1,1,1,1,1,74.06,2.43,-65.42,1
RX00000910,2025-02-28,11:11:48,2025-11-01,5,90,Gabapentin,Rosuvastatin,77341-104-38,100mg,Capsule,36,135,400.12,2610.76,1975.43,19.0,None,PH0192,Pharmacist_90,RPH959641,PA,4,PHM0024,City Pharmacy,Rite Aid,9238 Oak St,Phoenix,FL,16796,(686) 457-9749,PHL53506,4468777946,FS9554362,DOC0166,Dr. Brown O,8598071806,AK5788351,MD247864,Orthopedics,8972 Hospital Blvd,Phoenix,NY,50552,(699) 966-4025,2,PAT004362,29,F,30766,FL,Kaiser Permanente,INS97544,GRP6724,900901,PCN3220,37.49,2533.67,295.47,F41.9,Diabetes,Antibiotic,Preventive,03,93,19,Phone,Fax,7.72,14.73,461,705,25,0,0,175.83,1,1,3,Friday,Evening,0,0,1,Non-Formulary,0,3,Credit Card,Reversed,79,0,0,0,0,0,85.13,33.21,55.68,0
RX00000911,2024-01-21,15:21:34,2025-03-18,3,60,Gabapentin,Amoxicillin,26441-756-72,500mg,Cream,14,107,318.34,3719.34,100.74,40.73,Schedule II,PH0113,Pharmacist_87,RPH205659,TX,22,PHM0047,Corner Pharmacy,Walgreens,2551 Oak St,New York,TX,56281,(891) 871-2789,PHL42981,5987967320,FM8310426,DOC0145,Dr. Johnson P,1412769448,AS7720838,MD385539,Neurology,2847 Clinic Blvd,Phoenix,TX,60932,(751) 749-2211,39,PAT000521,33,M,28413,IL,UnitedHealth,INS87466,GRP8368,963204,PCN5365,87.25,1927.03,135.22,I25.10,Hypertension,Cardiovascular,Acute Condition,01,106,21,Electronic,Fax,99.52,19.61,120,534,313,0,0,16.75,0,3,1,Thursday,Morning,1,0,0,Tier 2,1,1,Insurance,Rejected,76,1,0,0,0,0,60.77,70.54,49.46,0
RX00000912,2024-11-17,08:24:59,2024-08-25,1,60,Albuterol,Azithromycin,91739-840-77,10mg,Syrup,69,57,16.39,518.82,3150.58,35.56,Schedule III,PH0092,Pharmacist_132,RPH304810,OH,5,PHM0002,Community Health Pharmacy,Rite Aid,2560 Main St,Los Angeles,IL,75742,(809) 881-2842,PHL64099,2285379773,FI7304758,DOC0420,Dr. Johnson X,7071206513,AZ1388608,MD666613,General Practice,2679 Medical Blvd,Los Angeles,CA,25134,(764) 631-1149,39,PAT000508,32,F,61114,FL,Anthem,INS54783,GRP1906,983109,PCN6999,40.44,640.78,163.75,E78.5,Depression,Analgesic,Preventive,00,349,-27,Written,Phone,98.84,7.75,498,520,57,1,1,78.01,2,8,5,Monday,Afternoon,1,1,0,Non-Formulary,1,2,Credit Card,Paid,76,0,0,0,0,1,48.11,34.9,67.54,0
RX00000913,2024-10-14,10:42:06,2024-10-27,12,90,Escitalopram,Albuterol,51557-462-52,100mg,Injection,11,94,252.49,2769.6,2768.42,25.38,Schedule II,PH0156,Pharmacist_3,RPH260232,IL,25,PHM0018,Wellness Pharmacy,Independent,8543 Oak St,New York,IL,46663,(786) 578-9758,PHL95913,5454704020,FI6607853,DOC0468,Dr. Jones Z,7806507259,AH2558740,MD659664,General Practice,8116 Medical Blvd,Phoenix,FL,88114,(741) 723-3918,13,PAT002848,32,Other,67266,PA,BlueCross BlueShield,INS84614,GRP7079,630582,PCN7363,90.6,1497.93,337.24,E78.5,Depression,Psychotherapeutic,Pain,02,339,-1,Written,Paper,79.93,9.28,59,343,248,1,1,116.3,1,8,0,Friday,Morning,1,1,0,Tier 2,0,0,Credit Card,Paid,None,0,1,0,0,1,27.25,93.44,-36.06,0
RX00000914,2024-09-26,11:54:52,2025-06-25,6,30,Albuterol,Oxycodone,11351-620-32,250mg,Injection,56,61,268.25,1850.11,3480.39,36.01,Schedule III,PH0104,Pharmacist_108,RPH485903,TX,34,PHM0028,Express Meds,CVS,1075 Oak St,Philadelphia,PA,59774,(422) 996-7223,PHL89463,1168433974,FA5239824,DOC0002,Dr. Jones V,5688678314,AR6974997,MD678331,Pediatrics,1124 Health Blvd,Chicago,CA,20798,(643) 877-4213,40,PAT001651,31,Other,70801,NY,Cigna,INS16307,GRP9302,521629,PCN9346,61.76,2806.01,246.56,N18.3,Hypertension,Antibiotic,Infection,02,365,26,Written,Phone,2.94,8.8,28,244,108,0,1,174.71,4,5,6,Friday,Evening,1,1,1,Tier 1,1,2,Insurance,Reversed,75,1,1,0,1,1,92.49,80.03,81.99,1
RX00000915,2025-02-23,16:09:03,2025-06-26,4,60,Omeprazole,Omeprazole,75613-343-33,250mg,Tablet,56,151,314.9,3412.93,1458.99,34.53,Schedule III,PH0032,Pharmacist_28,RPH563869,NY,29,PHM0005,QuickMeds,Rite Aid,9015 Maple St,Chicago,IL,74254,(551) 763-7281,PHL95178,6702381921,FI4270556,DOC0019,Dr. Johnson D,4374661075,AN5692927,MD570240,General Practice,9808 Health Blvd,New York,CA,53825,(392) 938-7981,2,PAT004006,54,Other,34910,NY,Self-Pay,INS81074,GRP9749,877014,PCN1614,61.78,2102.03,24.26,F33.1,Diabetes,Analgesic,Pain,02,290,30,Fax,Electronic,3.6,13.37,66,917,106,0,1,65.91,4,3,3,Sunday,Night,0,0,0,Tier 1,1,0,Debit Card,Pending,None,1,1,0,0,1,74.62,72.67,92.81,1
RX00000916,2024-09-26,17:10:46,2025-08-20,8,30,Metformin,Tramadol,63365-138-75,250mg,Injection,86,102,404.58,1734.76,2355.43,37.69,Schedule V,PH0110,Pharmacist_55,RPH644306,TX,35,PHM0019,Metro Pharmacy,Rite Aid,7665 Oak St,Philadelphia,FL,69281,(794) 553-1720,PHL38457,9769849593,FK4664186,DOC0240,Dr. Johnson F,6664127996,AP6829507,MD738769,Internal Medicine,5206 Health Blvd,Houston,IL,68159,(244) 513-4007,12,PAT000328,38,F,46774,OH,Kaiser Permanente,INS96904,GRP9560,742073,PCN1888,17.14,992.78,471.68,F33.1,Hypertension,Analgesic,Chronic Disease,00,74,-14,Written,Fax,95.93,28.71,248,518,122,1,0,91.99,4,10,6,Friday,Night,1,0,1,Tier 1,1,4,Debit Card,Paid,None,1,1,0,0,0,80.58,63.52,6.83,0
RX00000917,2025-10-07,15:39:21,2024-07-08,9,30,Metformin,Ciprofloxacin,23264-746-70,50mg,Cream,101,47,459.35,1415.06,1765.66,41.7,Schedule V,PH0128,Pharmacist_88,RPH762510,OH,7,PHM0029,Wellness Pharmacy,Rite Aid,6792 Washington St,Chicago,PA,14942,(253) 654-3132,PHL14041,4261054330,FK7211806,DOC0365,Dr. Miller O,3284642823,AQ6368640,MD785312,Endocrinology,8060 Medical Blvd,Los Angeles,CA,54218,(680) 743-6777,24,PAT000417,57,Other,61662,IL,BlueCross BlueShield,INS48085,GRP9935,576306,PCN6576,2.41,3558.23,65.7,I10,Arthritis,Psychotherapeutic,Infection,00,233,0,Fax,Fax,42.46,41.09,226,503,184,0,1,-45.13,2,9,3,Monday,Morning,1,0,1,Non-Formulary,1,2,Credit Card,Pending,None,1,0,0,0,0,62.91,39.05,43.56,0
RX00000918,2025-04-06,11:55:45,2025-11-06,1,30,Metformin,Amlodipine,46661-666-71,50mg,Capsule,43,136,136.59,2923.03,2738.32,14.7,Schedule II,PH0078,Pharmacist_181,RPH222854,TX,15,PHM0038,QuickMeds,Independent,4532 Main St,New York,CA,49977,(891) 772-9528,PHL11327,7236949996,FI9893829,DOC0437,Dr. Jones B,7271623597,AH8542637,MD841675,General Practice,6501 Hospital Blvd,Phoenix,NY,51574,(229) 850-5885,9,PAT002223,26,F,56573,NY,Self-Pay,INS84695,GRP2369,367099,PCN4077,96.64,34.43,30.23,J45.909,Hypertension,Antidiabetic,Infection,04,279,-4,Electronic,Fax,10.77,16.1,176,90,416,1,1,88.75,3,1,4,Monday,Afternoon,1,1,1,Tier 1,1,0,Insurance,Pending,75,0,1,1,1,1,59.66,97.33,-1.18,0
RX00000919,2024-08-31,15:15:37,2024-09-28,8,30,Azithromycin,Gabapentin,21107-290-90,100mg,Tablet,143,171,121.65,1775.37,3823.38,5.32,None,PH0027,Pharmacist_15,RPH264506,TX,10,PHM0044,TrustedMeds,Independent,6496 Maple St,Houston,PA,38687,(774) 658-4823,PHL98354,2276407530,FZ8534332,DOC0001,Dr. Garcia Y,3937157943,AX1152273,MD470580,Cardiology,4273 Health Blvd,Chicago,FL,81610,(479) 595-7429,25,PAT001180,74,M,36817,CA,Aetna,INS46899,GRP1776,213467,PCN4757,81.51,822.6,172.15,M79.7,Diabetes,Analgesic,Preventive,03,273,-7,Written,Paper,2.69,47.21,457,371,419,0,0,81.58,1,5,5,Sunday,Evening,0,0,1,Non-Formulary,1,0,Insurance,Rejected,75,1,1,0,1,1,97.1,69.03,93.7,1
RX00000920,2024-03-30,13:27:43,2024-07-10,5,30,Gabapentin,Azithromycin,27615-318-71,10mg,Syrup,138,96,185.33,960.3,3736.65,48.54,Schedule V,PH0066,Pharmacist_57,RPH843364,FL,25,PHM0005,Wellness Pharmacy,Independent,3284 Maple St,Philadelphia,IL,92659,(757) 764-5480,PHL56943,8182288288,FA3774053,DOC0133,Dr. Garcia T,4982884957,AC2907628,MD176969,General Practice,1780 Clinic Blvd,New York,TX,32423,(754) 543-4749,3,PAT004382,37,M,11528,FL,Self-Pay,INS19189,GRP1657,630575,PCN8839,98.34,2222.44,416.88,I25.10,Hypertension,Psychotherapeutic,Acute Condition,02,172,-4,Phone,Phone,99.06,23.5,327,867,254,0,1,0.88,1,8,3,Monday,Morning,0,0,1,Tier 2,0,4,Debit Card,Paid,79,0,0,0,0,1,42.14,78.03,33.24,0
RX00000921,2024-09-24,09:53:03,2024-12-21,11,30,Prednisone,Metformin,97080-669-39,20mg,Syrup,90,33,76.57,1031.3,3055.04,14.7,None,PH0130,Pharmacist_64,RPH335815,IL,13,PHM0014,Express Meds,Walgreens,7177 Oak St,Los Angeles,FL,42943,(345) 459-1175,PHL14442,7371400412,FZ3838928,DOC0066,Dr. Williams T,5723242511,AW5394768,MD603562,Dermatology,9097 Hospital Blvd,Los Angeles,NY,62407,(687) 241-8302,28,PAT001329,84,M,99397,OH,Self-Pay,INS99333,GRP6677,933136,PCN7679,1.9,615.34,409.48,J45.909,Depression,Cardiovascular,Preventive,02,254,23,Fax,Electronic,66.61,0.98,74,456,283,1,1,124.0,4,9,8,Thursday,Night,1,0,0,Non-Formulary,1,4,Insurance,Rejected,76,0,1,1,1,0,89.54,64.45,80.35,0
RX00000922,2025-08-10,15:48:49,2024-12-22,7,90,Omeprazole,Lisinopril,82978-986-32,500mg,Cream,37,60,37.58,1127.19,2515.66,38.99,Schedule IV,PH0146,Pharmacist_41,RPH955763,FL,19,PHM0026,Family Pharmacy,CVS,2706 Oak St,Los Angeles,TX,45364,(508) 584-5040,PHL91108,3820933852,FY3280547,DOC0470,Dr. Brown N,3427564626,AT9092585,MD505792,Endocrinology,6540 Hospital Blvd,Los Angeles,CA,33852,(494) 294-6145,40,PAT004594,51,F,87230,FL,Medicare,INS87042,GRP5220,660380,PCN6100,45.23,4010.47,424.1,M79.7,Depression,Antidiabetic,Preventive,02,261,-7,Fax,Phone,16.52,32.52,288,256,110,0,0,85.56,4,1,5,Wednesday,Morning,1,1,0,Tier 2,0,2,Debit Card,Rejected,79,1,0,1,1,1,4.97,9.05,50.69,0
RX00000923,2025-11-15,13:39:53,2024-10-17,0,60,Atorvastatin,Simvastatin,68686-181-63,250mg,Injection,127,151,367.34,4668.67,2684.67,22.55,Schedule II,PH0032,Pharmacist_78,RPH675381,CA,10,PHM0017,Wellness Pharmacy,Rite Aid,9781 Maple St,Houston,CA,52507,(886) 218-3532,PHL16068,2444652352,FK8591620,DOC0253,Dr. Johnson Z,1107846080,AI2900407,MD995465,Endocrinology,547 Clinic Blvd,Los Angeles,FL,29745,(642) 407-7371,16,PAT004570,59,Other,66395,IL,BlueCross BlueShield,INS57509,GRP4463,495990,PCN3522,34.56,3071.44,184.91,G89.29,Hypertension,Psychotherapeutic,Pain,00,330,-24,Fax,Electronic,56.18,39.31,243,545,327,0,0,44.65,0,7,6,Wednesday,Afternoon,1,0,1,Non-Formulary,1,1,Credit Card,Reversed,76,0,1,0,0,1,68.56,65.77,-66.59,0
RX00000924,2024-07-12,15:22:16,2025-07-19,10,90,Methylprednisolone,Amoxicillin,12989-479-60,100mg,Syrup,27,142,477.35,3239.02,1350.0,14.31,Schedule III,PH0010,Pharmacist_72,RPH384550,IL,14,PHM0037,Express Meds,Independent,7819 Oak St,Philadelphia,OH,15845,(222) 773-7444,PHL52436,5521608304,FD6301061,DOC0300,Dr. Brown I,5063429167,AT5442887,MD315136,Orthopedics,1344 Clinic Blvd,Phoenix,FL,64938,(855) 749-3392,37,PAT001497,79,M,16709,PA,Medicare,INS42660,GRP4925,570035,PCN1516,98.62,946.74,279.74,F33.1,Arthritis,Antidiabetic,Chronic Disease,04,157,29,Written,Electronic,65.16,35.54,303,490,54,1,0,-6.53,3,5,7,Sunday,Afternoon,1,0,1,Tier 3,0,0,Debit Card,Reversed,76,0,1,0,1,1,24.25,53.94,-19.86,0
RX00000925,2025-09-20,14:09:15,2025-10-24,2,60,Rosuvastatin,Atorvastatin,85067-965-74,10mg,Capsule,56,21,64.64,2473.77,4055.63,43.3,Schedule III,PH0123,Pharmacist_87,RPH273515,NY,27,PHM0012,CarePlus Pharmacy,Walgreens,5288 Maple St,Phoenix,NY,25505,(524) 377-3288,PHL84608,1922817379,FD2607958,DOC0462,Dr. Brown T,8602071946,AD6020162,MD466218,Cardiology,9066 Clinic Blvd,Chicago,IL,95263,(279) 343-5748,36,PAT003528,73,Other,16959,PA,BlueCross BlueShield,INS24312,GRP6563,519067,PCN4875,11.53,953.35,230.85,J45.909,Hypertension,Antibiotic,Infection,04,303,-20,Written,Phone,97.98,40.62,207,208,56,1,1,151.57,1,1,1,Monday,Morning,1,0,0,Non-Formulary,1,0,Credit Card,Reversed,79,0,1,1,0,0,63.32,21.5,28.19,0
RX00000926,2025-07-20,16:53:56,2024-06-21,11,60,Losartan,Levothyroxine,87369-499-99,250mg,Capsule,67,138,306.98,2498.15,814.0,24.2,Schedule IV,PH0013,Pharmacist_122,RPH965740,PA,12,PHM0050,QuickMeds,Rite Aid,272 Park St,Houston,NY,36888,(871) 930-4073,PHL80062,3721975728,FW7308542,DOC0252,Dr. Jones P,8207611913,AB8515303,MD688195,Dermatology,8517 Health Blvd,Chicago,TX,83411,(821) 836-2879,14,PAT002687,56,F,62886,PA,Kaiser Permanente,INS29340,GRP3277,644855,PCN8535,93.56,4084.7,359.24,R51,Arthritis,Psychotherapeutic,Preventive,03,31,-26,Written,Paper,30.6,44.93,174,408,429,0,1,-42.82,5,6,7,Sunday,Morning,1,1,1,Tier 2,0,3,Debit Card,Pending,76,0,1,1,1,0,15.24,99.21,8.89,0
RX00000927,2024-03-26,13:20:18,2025-02-05,4,60,Methylprednisolone,Atorvastatin,79667-841-86,100mg,Tablet,157,52,493.67,3707.3,2351.99,46.77,None,PH0037,Pharmacist_170,RPH194717,CA,35,PHM0021,Express Meds,Independent,8854 Maple St,Los Angeles,OH,36990,(816) 849-3673,PHL87852,6883462666,FV7486442,DOC0009,Dr. Miller W,3775055328,AK7601906,MD323060,Cardiology,8765 Medical Blvd,New York,CA,14822,(443) 907-9960,8,PAT000208,75,F,24402,NY,Anthem,INS95502,GRP1785,109491,PCN2466,5.32,331.63,263.21,M79.7,Diabetes,Psychotherapeutic,Preventive,02,334,16,Electronic,Fax,4.02,12.82,487,799,101,0,0,133.06,3,9,6,Wednesday,Morning,1,1,0,Non-Formulary,0,0,Check,Reversed,75,1,1,1,1,1,76.24,78.18,-97.57,1
RX00000928,2025-07-01,17:59:33,2024-03-27,9,60,Methylprednisolone,Amoxicillin,24330-182-72,500mg,Injection,46,30,450.07,4784.61,2315.04,15.5,Schedule III,PH0083,Pharmacist_173,RPH142315,PA,15,PHM0048,Express Meds,CVS,1890 Maple St,Los Angeles,NY,57756,(373) 896-6307,PHL35761,4260943138,FE1579117,DOC0344,Dr. Jones U,3894716372,AF9345489,MD963909,Pediatrics,9848 Hospital Blvd,Phoenix,CA,88728,(253) 207-2585,6,PAT001071,83,F,17089,OH,UnitedHealth,INS74953,GRP3298,998107,PCN4643,26.03,3165.77,196.56,M79.7,Arthritis,Psychotherapeutic,Chronic Disease,01,203,5,Written,Paper,31.15,49.65,207,848,256,0,1,60.51,2,2,3,Friday,Afternoon,0,1,0,Tier 3,0,4,Check,Paid,79,0,0,0,1,0,5.39,93.15,44.4,0
RX00000929,2025-03-30,15:40:47,2024-07-19,2,30,Montelukast,Prednisone,38338-669-82,10mg,Syrup,102,103,5.32,2060.32,3190.08,33.86,Schedule II,PH0005,Pharmacist_35,RPH393320,TX,27,PHM0020,Express Meds,CVS,8668 Maple St,Phoenix,OH,58470,(347) 921-6569,PHL31678,8595889659,FE1868638,DOC0420,Dr. Miller U,5344008133,AE6836938,MD657926,Pediatrics,3916 Hospital Blvd,Phoenix,IL,21804,(392) 938-8838,36,PAT000308,79,F,27648,NY,Humana,INS42832,GRP2790,393189,PCN7534,89.35,846.51,494.37,G89.29,Asthma,Antibiotic,Chronic Disease,04,112,-29,Electronic,Electronic,22.49,21.9,339,603,152,1,1,107.4,4,5,2,Wednesday,Night,0,1,0,Tier 3,1,3,Credit Card,Paid,None,1,1,1,1,0,74.89,11.37,58.08,0
RX00000930,2025-02-26,09:21:55,2024-12-11,1,90,Ibuprofen,Morphine,55594-899-24,100mg,Injection,94,130,469.68,2580.4,1701.57,34.2,Schedule II,PH0096,Pharmacist_165,RPH817130,IL,29,PHM0025,QuickMeds,Rite Aid,2706 Washington St,Phoenix,CA,86631,(287) 285-8066,PHL41519,4291232280,FH7508900,DOC0005,Dr. Miller Y,5975921007,AG8359466,MD649860,Psychiatry,3581 Medical Blvd,Houston,CA,25726,(844) 840-4453,8,PAT003213,89,Other,89546,FL,Medicaid,INS16653,GRP5013,360747,PCN3196,23.09,1908.23,285.8,E78.5,Asthma,Antidiabetic,Chronic Disease,04,39,22,Fax,Electronic,0.49,16.16,405,16,469,0,0,185.26,3,1,4,Sunday,Night,0,0,0,Tier 3,1,1,Credit Card,Pending,None,0,0,0,1,0,83.58,1.12,76.42,1
RX00000931,2024-05-09,14:48:34,2025-09-26,12,60,Oxycodone,Clopidogrel,86520-809-24,10mg,Injection,108,77,118.93,4737.65,4430.68,11.65,Schedule II,PH0027,Pharmacist_73,RPH294811,TX,15,PHM0035,Metro Pharmacy,CVS,2534 Maple St,Philadelphia,TX,34560,(787) 543-2723,PHL59118,2276407232,FB3961712,DOC0438,Dr. Williams A,7876706624,AK4080652,MD857053,Psychiatry,526 Health Blvd,Houston,TX,45305,(956) 421-3018,7,PAT001827,18,Other,63744,NY,Medicare,INS72858,GRP5824,165507,PCN2346,60.78,1188.63,475.7,G89.29,Depression,Analgesic,Infection,00,159,20,Phone,Paper,37.02,35.42,327,6,39,1,0,-25.73,1,0,5,Monday,Evening,1,0,1,Non-Formulary,0,2,Credit Card,Reversed,75,1,1,1,0,1,80.75,48.08,30.52,0
RX00000932,2025-09-19,17:38:07,2024-09-16,7,30,Montelukast,Clopidogrel,63154-114-64,20mg,Syrup,162,62,390.4,2462.73,1291.18,25.24,Schedule III,PH0068,Pharmacist_31,RPH974489,OH,23,PHM0014,Corner Pharmacy,Independent,6253 Washington St,New York,IL,63699,(245) 513-9364,PHL88298,7766567235,FA2280004,DOC0327,Dr. Jones L,7780989118,AR8713157,MD303981,Psychiatry,8996 Clinic Blvd,Chicago,FL,21384,(728) 820-2054,16,PAT002340,43,Other,22113,PA,Anthem,INS71749,GRP7040,439486,PCN1496,64.14,4015.18,329.32,I10,Hypertension,Psychotherapeutic,Infection,04,278,2,Phone,Phone,83.98,18.98,234,633,264,1,0,130.95,5,6,7,Friday,Morning,0,1,0,Tier 2,0,0,Credit Card,Rejected,None,0,0,1,0,1,24.25,88.34,-45.24,0
RX00000933,2025-08-16,10:20:37,2024-11-28,12,60,Montelukast,Methylprednisolone,56265-520-22,10mg,Capsule,166,58,357.51,1207.29,321.81,14.75,Schedule IV,PH0056,Pharmacist_55,RPH707421,TX,32,PHM0049,HealthPlus Pharmacy,Walgreens,7902 Washington St,Phoenix,IL,73387,(899) 704-7329,PHL23339,6017465608,FY8034368,DOC0010,Dr. Williams D,3558267027,AJ2812919,MD107676,Cardiology,9529 Health Blvd,Phoenix,CA,12558,(478) 286-9387,5,PAT001974,70,F,28889,CA,Anthem,INS60562,GRP7985,191330,PCN1115,84.62,3405.78,40.35,N18.3,Arthritis,Antibiotic,Chronic Disease,00,344,20,Phone,Phone,3.81,22.39,114,73,334,0,0,176.75,0,0,6,Monday,Morning,0,0,1,Non-Formulary,0,3,Insurance,Reversed,None,0,1,1,1,1,96.58,11.62,-26.61,1
RX00000934,2025-11-07,17:57:34,2025-11-24,1,60,Azithromycin,Oxycodone,17012-934-90,500mg,Syrup,116,155,461.58,1482.87,3261.26,6.67,Schedule III,PH0114,Pharmacist_140,RPH909465,IL,18,PHM0032,QuickMeds,Independent,4330 Oak St,Chicago,CA,32980,(213) 247-5564,PHL55125,5827095911,FQ3958368,DOC0005,Dr. Garcia R,2328097237,AM6535080,MD555085,General Practice,6161 Health Blvd,Phoenix,FL,92394,(462) 471-4744,2,PAT001230,75,Other,90722,CA,UnitedHealth,INS70212,GRP6047,448605,PCN8155,10.8,2332.19,31.96,E11.9,Depression,Antibiotic,Pain,02,260,-18,Electronic,Phone,2.22,32.04,238,436,430,0,1,176.69,2,1,3,Sunday,Afternoon,0,1,1,Tier 1,1,3,Check,Paid,88,1,0,0,1,1,74.0,73.43,72.47,1
RX00000935,2025-03-22,18:21:13,2025-09-28,3,90,Clopidogrel,Escitalopram,78201-229-35,100mg,Capsule,136,175,281.21,3640.12,4186.08,33.51,Schedule IV,PH0170,Pharmacist_76,RPH141725,TX,6,PHM0031,Express Meds,Independent,7293 Maple St,Houston,PA,40517,(360) 349-4162,PHL66774,1472214340,FQ2838246,DOC0014,Dr. Williams F,9658709411,AY1900294,MD237365,General Practice,8010 Hospital Blvd,Chicago,CA,36514,(618) 384-8922,22,PAT003194,37,Other,55294,NY,Aetna,INS48580,GRP3072,726475,PCN4633,14.5,2065.8,352.11,F33.1,Diabetes,Cardiovascular,Preventive,01,216,13,Written,Fax,2.55,17.46,433,862,101,0,1,124.36,5,3,1,Sunday,Morning,1,0,0,Tier 2,1,0,Cash,Reversed,None,0,1,0,0,1,80.21,51.74,-30.06,1
RX00000936,2024-12-22,18:10:33,2025-10-11,12,30,Prednisone,Tramadol,86509-315-23,250mg,Cream,177,67,256.37,2014.8,1638.98,13.38,None,PH0059,Pharmacist_62,RPH447977,IL,27,PHM0012,Central Drug Store,Rite Aid,8407 Maple St,New York,NY,80517,(535) 846-1145,PHL46832,9522346815,FZ7393799,DOC0386,Dr. Garcia B,1455509683,AC7808283,MD793756,Dermatology,2521 Medical Blvd,New York,CA,50829,(896) 984-3699,7,PAT004805,86,Other,84590,NY,Self-Pay,INS60754,GRP1650,614143,PCN4172,19.02,823.4,209.6,N18.3,Arthritis,Cardiovascular,Chronic Disease,01,22,-6,Phone,Electronic,58.42,13.28,19,159,357,1,0,68.87,5,4,2,Monday,Night,0,0,1,Tier 2,0,1,Insurance,Rejected,88,1,0,1,0,1,52.42,47.94,-24.81,0
RX00000937,2025-07-15,12:10:20,2025-03-22,11,60,Sertraline,Methylprednisolone,52388-583-59,20mg,Syrup,158,55,297.38,4730.12,2805.56,34.64,Schedule V,PH0118,Pharmacist_84,RPH274932,IL,12,PHM0034,TrustedMeds,Independent,7394 Main St,Los Angeles,FL,27333,(475) 522-9897,PHL56860,1551050976,FJ4798807,DOC0204,Dr. Smith N,9046865826,AE1876491,MD675679,Dermatology,9187 Clinic Blvd,Houston,CA,97221,(220) 733-7684,11,PAT001503,70,Other,52012,IL,UnitedHealth,INS88565,GRP5613,113239,PCN7810,89.33,2811.78,128.64,E78.5,Hypertension,Antibiotic,Chronic Disease,03,336,-21,Fax,Phone,94.85,18.63,117,988,291,0,1,39.87,0,9,6,Tuesday,Morning,1,0,1,Tier 3,0,4,Check,Pending,79,1,1,0,1,1,81.27,98.97,-22.89,0
RX00000938,2024-01-13,11:06:46,2024-08-17,6,30,Losartan,Oxycodone,92042-810-74,500mg,Injection,103,10,444.77,3541.62,2274.27,26.13,Schedule V,PH0115,Pharmacist_42,RPH648594,PA,19,PHM0003,Wellness Pharmacy,Independent,292 Washington St,Houston,PA,61379,(480) 844-6748,PHL96430,2179094434,FL8140409,DOC0439,Dr. Smith F,4689641453,AW2059051,MD648886,Internal Medicine,3480 Hospital Blvd,Phoenix,TX,62118,(534) 770-2020,39,PAT000456,62,Other,41028,IL,BlueCross BlueShield,INS55611,GRP4639,382207,PCN7877,33.16,4264.01,453.29,J44.9,Depression,Cardiovascular,Infection,00,243,-30,Phone,Electronic,43.15,27.75,412,701,252,1,1,-34.09,5,10,2,Tuesday,Evening,0,1,1,Tier 2,1,3,Insurance,Reversed,75,1,1,1,1,1,73.56,25.06,49.35,0
RX00000939,2024-05-03,08:54:05,2024-10-14,12,90,Azithromycin,Amlodipine,56511-630-73,50mg,Tablet,75,111,10.53,282.39,634.69,14.11,None,PH0160,Pharmacist_194,RPH478869,OH,33,PHM0042,HealthPlus Pharmacy,Walgreens,749 Oak St,Philadelphia,PA,45011,(513) 834-2117,PHL84712,9070184761,FA2939205,DOC0003,Dr. Brown O,7929402010,AA4212759,MD431318,Pediatrics,4267 Hospital Blvd,Chicago,NY,16940,(524) 732-2532,13,PAT002663,65,M,33582,OH,Anthem,INS96811,GRP5518,107383,PCN1421,56.06,3237.88,277.93,M79.7,Depression,Antibiotic,Preventive,04,321,19,Fax,Electronic,1.03,19.69,208,435,386,1,0,180.59,0,6,7,Tuesday,Night,1,0,0,Non-Formulary,1,1,Debit Card,Rejected,None,1,0,1,1,1,78.01,33.28,66.31,1
RX00000940,2025-03-13,15:18:11,2025-06-13,12,30,Methylprednisolone,Ciprofloxacin,19213-395-35,10mg,Syrup,10,156,220.15,4738.26,2169.27,33.64,None,PH0040,Pharmacist_164,RPH141401,OH,10,PHM0042,HealthPlus Pharmacy,CVS,4761 Park St,Los Angeles,TX,15326,(826) 910-7597,PHL20834,1076637560,FQ7951606,DOC0018,Dr. Johnson R,4235082126,AF5306629,MD994650,Cardiology,1000 Health Blvd,Phoenix,NY,64328,(880) 852-4408,5,PAT001776,39,F,23711,IL,UnitedHealth,INS17790,GRP1847,813884,PCN3904,12.82,1552.91,345.8,K21.9,Diabetes,Analgesic,Chronic Disease,02,108,17,Electronic,Paper,0.61,32.06,10,383,142,1,0,86.12,0,9,8,Tuesday,Morning,0,0,0,Tier 3,0,3,Insurance,Rejected,76,1,0,1,1,0,82.58,70.8,-57.94,1
RX00000941,2025-11-14,13:48:40,2024-03-05,5,90,Azithromycin,Losartan,82972-484-48,50mg,Syrup,46,112,143.03,1831.94,2139.7,39.09,Schedule II,PH0024,Pharmacist_172,RPH361789,TX,7,PHM0040,Metro Pharmacy,Independent,7229 Oak St,Phoenix,IL,49050,(480) 750-4605,PHL58662,2442892727,FW2105055,DOC0275,Dr. Williams R,9609193457,AD1850031,MD267818,Psychiatry,2221 Hospital Blvd,Los Angeles,NY,28581,(833) 618-2356,38,PAT001995,20,M,27278,CA,Medicare,INS90351,GRP1143,506737,PCN5807,44.57,3822.02,367.15,N18.3,Asthma,Cardiovascular,Pain,04,349,-24,Fax,Phone,90.02,15.33,376,93,453,1,0,190.0,3,2,3,Monday,Evening,1,1,1,Tier 2,0,4,Check,Reversed,88,0,1,1,0,1,35.48,63.38,93.48,0
RX00000942,2025-05-14,08:22:43,2025-08-19,2,60,Metformin,Ciprofloxacin,79461-179-17,250mg,Cream,77,77,398.67,2041.86,3585.02,18.68,Schedule V,PH0144,Pharmacist_34,RPH547179,TX,9,PHM0013,HealthPlus Pharmacy,Walgreens,3600 Main St,Chicago,CA,60461,(424) 330-6697,PHL98542,6886732477,FS2441083,DOC0196,Dr. Smith G,2583824900,AJ2721317,MD485472,Pediatrics,4923 Health Blvd,Phoenix,IL,53742,(733) 272-9892,21,PAT000051,32,M,12576,IL,Cigna,INS77449,GRP3803,202727,PCN2118,41.05,878.51,247.34,I25.10,Hypertension,Antidiabetic,Chronic Disease,02,61,3,Phone,Phone,16.68,6.7,350,695,125,0,1,-29.94,1,1,7,Saturday,Night,0,1,0,Tier 1,0,2,Insurance,Paid,None,0,1,0,1,1,43.0,47.29,80.56,0
RX00000943,2024-07-28,17:24:07,2024-06-18,4,90,Ibuprofen,Gabapentin,34374-762-22,10mg,Injection,63,65,137.13,303.25,1942.87,16.16,None,PH0059,Pharmacist_154,RPH318855,NY,31,PHM0013,Corner Pharmacy,Rite Aid,1344 Washington St,Phoenix,IL,48379,(468) 855-9730,PHL86154,6165921021,FR9210610,DOC0192,Dr. Williams U,2460426432,AD3327743,MD381068,Neurology,8251 Clinic Blvd,Phoenix,CA,99374,(627) 498-8589,2,PAT002323,73,Other,49858,PA,BlueCross BlueShield,INS17056,GRP2886,905683,PCN5516,90.11,2653.62,99.8,M79.7,Hypertension,Psychotherapeutic,Chronic Disease,03,84,-5,Phone,Electronic,84.39,43.36,423,242,450,0,1,101.38,3,7,6,Monday,Evening,1,1,0,Tier 3,1,0,Cash,Reversed,76,0,0,0,1,1,41.1,74.97,77.06,0
RX00000944,2025-02-27,18:31:55,2025-11-18,1,60,Ciprofloxacin,Levothyroxine,68968-686-22,10mg,Capsule,106,167,422.8,2501.86,1403.76,35.1,Schedule II,PH0130,Pharmacist_159,RPH971846,CA,25,PHM0026,Community Health Pharmacy,Independent,635 Maple St,Houston,NY,92714,(644) 490-4400,PHL18045,6401635567,FX8841911,DOC0458,Dr. Miller Z,7907750189,AU9358671,MD578916,Neurology,5276 Health Blvd,Houston,CA,63440,(699) 875-1100,2,PAT000743,40,Other,82060,CA,BlueCross BlueShield,INS28795,GRP5909,305582,PCN2132,96.62,2503.07,41.8,E11.9,Hypertension,Psychotherapeutic,Preventive,01,328,-7,Phone,Paper,16.37,15.69,205,347,220,1,1,108.56,0,2,8,Monday,Night,0,0,1,Tier 3,1,3,Debit Card,Reversed,None,1,1,1,1,1,43.99,79.35,94.42,0
RX00000945,2025-11-02,16:49:57,2025-05-08,3,90,Oxycodone,Simvastatin,70995-630-15,500mg,Cream,49,52,428.84,4401.82,1636.04,29.24,Schedule V,PH0121,Pharmacist_115,RPH253465,IL,33,PHM0040,Corner Pharmacy,Independent,7371 Oak St,Chicago,FL,86396,(393) 885-8877,PHL49685,8133191321,FH9432220,DOC0286,Dr. Williams U,5450402310,AK4522569,MD609979,Orthopedics,8353 Clinic Blvd,Phoenix,NY,84484,(445) 883-2209,14,PAT002500,18,M,62208,CA,Medicare,INS97296,GRP4268,775021,PCN8974,46.1,1539.32,23.9,I10,Diabetes,Psychotherapeutic,Pain,03,138,8,Written,Electronic,15.95,37.79,94,975,496,0,1,137.91,1,3,8,Tuesday,Morning,1,0,1,Non-Formulary,1,0,Debit Card,Paid,75,0,1,1,0,0,77.28,76.11,-61.17,0
RX00000946,2025-02-23,13:53:34,2025-07-08,5,90,Azithromycin,Montelukast,45159-275-38,100mg,Injection,56,17,130.63,1180.68,983.75,48.71,Schedule II,PH0005,Pharmacist_58,RPH744733,PA,24,PHM0007,Central Drug Store,Independent,4658 Washington St,Phoenix,FL,78652,(674) 904-2853,PHL41539,7942269376,FA5085541,DOC0362,Dr. Garcia V,6867421221,AG4287370,MD544496,Psychiatry,5904 Medical Blvd,Phoenix,NY,32443,(961) 201-7384,28,PAT003719,41,M,65690,NY,Kaiser Permanente,INS99027,GRP8040,678638,PCN6574,44.69,2408.2,105.39,M79.7,Depression,Psychotherapeutic,Chronic Disease,00,280,27,Written,Fax,44.89,3.29,161,688,252,1,0,13.8,3,10,5,Sunday,Afternoon,1,1,0,Tier 3,1,2,Credit Card,Rejected,88,0,0,1,0,0,31.9,42.88,-16.7,0
RX00000947,2024-03-12,10:10:24,2025-01-13,5,90,Morphine,Methylprednisolone,87928-919-94,500mg,Cream,63,63,411.9,4194.27,2758.97,33.05,Schedule II,PH0031,Pharmacist_189,RPH472892,NY,16,PHM0049,Family Pharmacy,Independent,454 Maple St,New York,FL,63784,(848) 562-3360,PHL37341,9286296209,FZ4909769,DOC0297,Dr. Smith S,6477568633,AK8636266,MD406291,Endocrinology,8570 Medical Blvd,Houston,TX,99838,(720) 511-7473,12,PAT002205,46,Other,25551,TX,Cigna,INS53463,GRP8126,114800,PCN4934,25.21,314.3,137.02,J44.9,Depression,Psychotherapeutic,Chronic Disease,02,52,-21,Written,Phone,90.79,39.81,101,9,472,1,1,11.31,1,4,0,Saturday,Morning,1,1,1,Tier 3,0,2,Insurance,Paid,76,1,1,1,0,0,62.97,59.24,34.62,0
RX00000948,2024-07-24,08:54:34,2025-06-08,1,30,Gabapentin,Clopidogrel,95815-466-35,500mg,Tablet,134,49,370.64,881.8,3390.17,44.65,Schedule III,PH0038,Pharmacist_18,RPH429510,FL,11,PHM0046,City Pharmacy,CVS,1720 Maple St,Phoenix,IL,86105,(653) 845-6525,PHL57852,1505731071,FR3178498,DOC0253,Dr. Miller Q,7294187697,AM1246835,MD681581,Oncology,6528 Hospital Blvd,New York,NY,79781,(853) 982-4183,22,PAT001095,82,F,59417,OH,Medicare,INS53107,GRP7243,553540,PCN8733,21.67,455.12,315.48,G89.29,Depression,Cardiovascular,Acute Condition,00,140,21,Fax,Fax,41.64,47.98,165,83,396,0,1,198.23,3,5,1,Wednesday,Afternoon,0,0,1,Tier 1,0,3,Check,Reversed,None,1,1,1,1,1,42.78,26.16,-75.47,0
RX00000949,2024-04-19,16:50:09,2025-09-23,9,30,Ciprofloxacin,Ibuprofen,29923-391-50,10mg,Injection,107,56,146.2,2024.8,1187.38,39.48,Schedule V,PH0139,Pharmacist_28,RPH994047,TX,22,PHM0007,QuickMeds,Rite Aid,7994 Maple St,Los Angeles,TX,16777,(345) 281-9067,PHL18159,4779550971,FA7960832,DOC0017,Dr. Johnson I,1872829908,AH6130032,MD637153,Psychiatry,3296 Clinic Blvd,New York,TX,31334,(303) 414-7900,31,PAT002557,30,Other,67674,OH,UnitedHealth,INS43263,GRP5972,640404,PCN6768,74.5,35.34,232.65,M54.5,Asthma,Antibiotic,Chronic Disease,03,266,-13,Electronic,Fax,0.13,4.52,417,885,436,0,1,146.81,4,4,3,Sunday,Afternoon,0,0,1,Tier 3,0,4,Check,Pending,88,0,0,0,1,1,84.5,21.95,18.69,1
RX00000950,2025-11-17,12:36:37,2025-11-14,3,30,Levothyroxine,Oxycodone,99425-969-58,20mg,Tablet,55,95,475.95,4998.77,3506.98,39.25,Schedule IV,PH0109,Pharmacist_153,RPH656768,NY,27,PHM0031,HealthPlus Pharmacy,Independent,4021 Park St,New York,IL,82821,(569) 882-1918,PHL78211,6694644427,FE5633044,DOC0034,Dr. Smith D,4715869374,AY9472514,MD281119,Internal Medicine,3249 Medical Blvd,Chicago,TX,29557,(289) 334-6855,33,PAT004355,77,M,63147,TX,Medicare,INS16902,GRP3961,804595,PCN5256,26.66,1648.65,28.11,R51,Asthma,Cardiovascular,Chronic Disease,04,59,5,Electronic,Phone,0.13,26.9,334,375,269,0,0,71.66,5,9,8,Wednesday,Morning,1,1,0,Tier 3,0,4,Cash,Pending,76,0,0,1,0,1,41.8,78.65,-89.34,0
RX00000951,2025-03-11,18:16:33,2025-11-10,6,30,Azithromycin,Gabapentin,48766-860-60,250mg,Tablet,51,70,145.79,2448.39,816.39,46.81,Schedule IV,PH0185,Pharmacist_35,RPH898262,PA,28,PHM0003,Wellness Pharmacy,Independent,8340 Park St,New York,OH,40798,(736) 319-5766,PHL51373,3661126873,FT9287292,DOC0086,Dr. Smith O,5915668072,AX2366530,MD410326,Endocrinology,4897 Clinic Blvd,New York,CA,25482,(607) 969-5290,37,PAT003387,50,Other,87604,OH,Humana,INS95681,GRP9938,706821,PCN8683,95.02,185.7,208.03,F41.9,Asthma,Antidiabetic,Chronic Disease,02,191,9,Written,Electronic,39.0,42.23,334,685,182,0,1,28.35,1,5,0,Monday,Evening,0,1,1,Tier 2,0,2,Check,Reversed,88,0,0,0,0,1,44.71,11.42,-93.28,0
RX00000952,2025-04-15,10:30:33,2025-12-05,9,30,Metformin,Methylprednisolone,24285-973-48,250mg,Cream,58,128,244.41,4073.92,3648.37,20.7,Schedule IV,PH0179,Pharmacist_128,RPH174163,IL,19,PHM0039,Prime Pharmacy,Walgreens,5628 Washington St,Phoenix,NY,20454,(945) 963-1015,PHL64015,3617002662,FR6011021,DOC0111,Dr. Miller A,2370598509,AV7088039,MD981242,Endocrinology,6301 Health Blvd,Los Angeles,NY,99019,(523) 512-7345,29,PAT002920,46,Other,36706,FL,Medicare,INS87835,GRP3133,872903,PCN6454,47.36,164.61,163.81,R51,Diabetes,Antidiabetic,Acute Condition,00,75,5,Electronic,Phone,82.39,34.87,302,781,373,0,0,-21.33,1,4,6,Monday,Evening,0,0,0,Tier 3,0,2,Check,Pending,88,1,0,0,0,1,51.5,36.44,-21.13,0
RX00000953,2024-06-26,13:24:29,2024-01-21,12,90,Rosuvastatin,Simvastatin,38201-278-23,100mg,Capsule,64,159,68.57,1775.25,3870.73,40.03,Schedule III,PH0066,Pharmacist_66,RPH813477,NY,33,PHM0004,TrustedMeds,Rite Aid,7392 Maple St,Chicago,NY,20950,(501) 811-6449,PHL15875,9496692275,FV8562684,DOC0402,Dr. Jones I,8800695020,AJ6168668,MD781298,Neurology,5763 Medical Blvd,Houston,IL,98329,(537) 732-6309,13,PAT001184,73,F,27020,TX,Aetna,INS82880,GRP8705,851940,PCN2519,42.88,3099.7,129.16,F41.9,Diabetes,Antibiotic,Preventive,04,247,6,Fax,Paper,47.87,16.64,265,293,68,1,0,14.64,0,3,8,Wednesday,Evening,0,0,0,Tier 2,0,1,Insurance,Rejected,79,0,0,1,1,0,70.1,34.75,-94.1,0
RX00000954,2025-03-31,10:59:04,2025-11-02,6,90,Clopidogrel,Gabapentin,61162-578-64,20mg,Injection,111,18,459.25,2348.56,3466.36,5.75,Schedule V,PH0075,Pharmacist_35,RPH165009,PA,9,PHM0010,Central Drug Store,CVS,5749 Park St,Phoenix,TX,26388,(840) 436-5507,PHL26224,9104841281,FS6155599,DOC0497,Dr. Brown U,2101538750,AD2024328,MD607218,Psychiatry,8630 Medical Blvd,Los Angeles,CA,19019,(204) 439-6350,25,PAT000697,51,Other,92060,PA,Humana,INS88924,GRP3738,299199,PCN7530,11.76,4033.15,325.75,M79.7,Arthritis,Antibiotic,Acute Condition,03,106,-26,Phone,Paper,26.18,13.46,470,97,324,0,1,69.73,0,2,7,Tuesday,Afternoon,1,1,1,Tier 2,0,4,Debit Card,Reversed,None,1,1,1,0,0,14.17,80.93,-46.4,0
RX00000955,2025-01-09,13:58:38,2024-07-09,9,90,Levothyroxine,Rosuvastatin,37617-564-69,50mg,Capsule,48,59,432.06,1747.3,1611.33,45.01,Schedule III,PH0021,Pharmacist_188,RPH431366,OH,8,PHM0037,HealthPlus Pharmacy,CVS,8219 Maple St,Philadelphia,TX,22410,(202) 631-8939,PHL56681,7502764523,FQ9905932,DOC0019,Dr. Miller H,6474525938,AE6499016,MD826786,General Practice,939 Clinic Blvd,New York,IL,19398,(270) 314-7578,33,PAT004573,18,M,75884,CA,Aetna,INS53045,GRP6792,380797,PCN3795,35.98,1225.79,122.41,F41.9,Diabetes,Antidiabetic,Infection,00,139,1,Written,Phone,2.06,42.94,290,948,172,0,0,61.44,2,9,4,Saturday,Night,1,0,1,Tier 2,0,0,Debit Card,Reversed,79,1,0,1,1,0,71.12,75.25,-53.8,1
RX00000956,2025-11-13,13:00:11,2024-12-24,12,90,Ibuprofen,Atorvastatin,83163-888-89,50mg,Injection,150,59,448.86,3972.14,1509.46,26.37,Schedule V,PH0159,Pharmacist_80,RPH975821,CA,34,PHM0028,Main Street Pharmacy,Rite Aid,8370 Main St,Phoenix,IL,60863,(483) 910-9560,PHL65972,8651703493,FV8246899,DOC0393,Dr. Brown K,6150647453,AF5166877,MD647806,Oncology,8002 Medical Blvd,Los Angeles,CA,94832,(359) 364-8950,1,PAT000964,30,Other,28124,PA,Cigna,INS54454,GRP8291,349470,PCN8951,65.69,3302.1,105.37,M54.5,Diabetes,Antibiotic,Pain,00,311,-19,Phone,Fax,53.28,33.0,49,947,68,1,1,141.28,5,0,3,Monday,Morning,1,0,1,Tier 1,0,4,Check,Rejected,None,1,0,0,1,1,21.84,33.58,-84.65,0
RX00000957,2024-03-20,10:05:25,2024-10-02,4,90,Gabapentin,Oxycodone,47471-960-53,500mg,Tablet,173,129,336.94,942.49,344.14,28.25,Schedule V,PH0186,Pharmacist_59,RPH128731,CA,23,PHM0031,Express Meds,Walgreens,2907 Maple St,Houston,TX,99665,(724) 395-7226,PHL47195,4425150807,FR7660991,DOC0446,Dr. Miller M,1334704340,AN4841479,MD108593,Cardiology,7978 Hospital Blvd,New York,IL,32360,(977) 604-6637,16,PAT002750,47,Other,31137,CA,Medicaid,INS24170,GRP1462,670022,PCN7690,75.91,1289.29,68.04,I25.10,Depression,Analgesic,Infection,00,135,-1,Electronic,Paper,24.63,48.92,168,261,376,1,0,-29.36,0,9,7,Saturday,Evening,1,1,1,Non-Formulary,1,0,Check,Reversed,None,0,1,1,0,1,59.44,90.51,79.07,0
RX00000958,2025-08-09,11:42:02,2024-02-05,9,90,Clopidogrel,Clopidogrel,86112-400-23,100mg,Capsule,19,73,56.58,4278.42,561.93,43.09,Schedule II,PH0027,Pharmacist_80,RPH956812,NY,2,PHM0023,Express Meds,Independent,6595 Main St,Houston,CA,57562,(227) 570-1441,PHL42376,2427021724,FY9668894,DOC0063,Dr. Miller G,8329173958,AB5854683,MD801967,Cardiology,409 Medical Blvd,Phoenix,IL,27883,(368) 871-3327,35,PAT001989,36,Other,93019,PA,BlueCross BlueShield,INS11440,GRP7627,430244,PCN6746,38.51,752.27,159.26,I25.10,Asthma,Cardiovascular,Preventive,03,81,25,Phone,Fax,46.95,5.19,75,298,471,0,0,72.5,5,2,6,Monday,Night,1,0,0,Non-Formulary,1,0,Credit Card,Rejected,88,1,1,1,0,1,88.45,61.41,-96.62,0
RX00000959,2025-09-18,13:15:23,2024-09-01,9,60,Amlodipine,Ciprofloxacin,49139-848-53,500mg,Syrup,164,42,273.69,551.33,1452.57,33.14,None,PH0200,Pharmacist_82,RPH426022,FL,16,PHM0025,Prime Pharmacy,Walgreens,3222 Main St,Phoenix,NY,35700,(611) 587-6562,PHL28843,3876980291,FH6348420,DOC0170,Dr. Miller I,2743759259,AE9637414,MD111174,Oncology,5105 Hospital Blvd,Phoenix,CA,37005,(337) 360-7050,22,PAT003471,21,M,23344,CA,UnitedHealth,INS48323,GRP6588,421263,PCN8933,55.81,1070.81,484.59,M25.551,Diabetes,Antidiabetic,Chronic Disease,04,72,13,Fax,Paper,22.04,10.9,409,583,396,1,0,0.95,4,8,1,Friday,Night,0,1,0,Tier 2,1,3,Insurance,Pending,75,0,0,1,0,0,85.29,63.79,-42.91,0
RX00000960,2025-03-25,09:54:28,2025-09-06,0,90,Metformin,Ciprofloxacin,21959-908-50,50mg,Tablet,52,49,386.42,3947.96,3285.19,23.67,Schedule II,PH0003,Pharmacist_80,RPH995568,PA,28,PHM0013,Prime Pharmacy,CVS,2897 Main St,Philadelphia,CA,34448,(644) 725-4568,PHL86861,1239331996,FO4189833,DOC0070,Dr. Williams S,2429363223,AR2911752,MD109643,Neurology,4088 Health Blvd,New York,CA,99428,(559) 240-7596,20,PAT003639,63,F,98506,FL,UnitedHealth,INS35440,GRP7821,175617,PCN2300,5.36,4334.97,381.16,J45.909,Depression,Antidiabetic,Infection,02,16,10,Phone,Fax,70.56,5.16,347,538,144,1,0,-11.81,3,1,4,Saturday,Evening,1,1,0,Tier 1,0,0,Check,Pending,79,1,0,0,0,0,79.49,75.04,81.92,0
RX00000961,2025-03-21,17:14:43,2025-04-15,1,90,Hydrochlorothiazide,Montelukast,62998-636-45,100mg,Capsule,149,149,115.15,2736.21,4174.11,34.5,Schedule II,PH0176,Pharmacist_8,RPH175365,IL,19,PHM0020,Family Pharmacy,Walgreens,130 Oak St,Chicago,OH,30212,(775) 474-4628,PHL24738,6889461321,FH3025446,DOC0112,Dr. Johnson X,6324456836,AF6211231,MD572367,Orthopedics,3357 Medical Blvd,New York,FL,68427,(389) 724-3590,21,PAT001386,54,F,33886,NY,Cigna,INS97351,GRP2490,781581,PCN2415,20.77,2037.65,241.6,F41.9,Diabetes,Cardiovascular,Acute Condition,03,296,-1,Fax,Electronic,32.89,43.35,493,940,409,1,1,158.48,1,2,0,Wednesday,Night,1,1,1,Tier 3,0,3,Cash,Paid,76,0,1,0,0,0,73.88,63.75,61.32,0
RX00000962,2024-10-07,18:56:33,2024-08-16,12,90,Albuterol,Montelukast,62749-136-53,250mg,Tablet,44,175,226.08,4058.64,3881.86,27.52,Schedule II,PH0065,Pharmacist_110,RPH309061,TX,23,PHM0045,HealthPlus Pharmacy,Independent,3680 Oak St,New York,CA,91516,(769) 539-6748,PHL60769,7359239303,FR1186808,DOC0017,Dr. Smith P,3287814511,AT3876201,MD542953,General Practice,9006 Clinic Blvd,New York,TX,55308,(846) 303-7427,22,PAT003594,89,M,63663,PA,Self-Pay,INS24606,GRP8653,258164,PCN4189,11.61,3151.43,132.37,E78.5,Diabetes,Antibiotic,Chronic Disease,04,51,-18,Fax,Electronic,2.35,9.13,466,806,282,0,0,114.75,0,5,8,Tuesday,Morning,0,1,1,Tier 3,1,0,Check,Paid,76,1,1,0,1,0,87.17,71.09,-85.89,1
RX00000963,2025-10-02,09:35:28,2025-07-22,8,90,Morphine,Albuterol,44061-309-52,250mg,Injection,168,180,433.47,977.13,1722.3,9.93,Schedule IV,PH0154,Pharmacist_155,RPH625429,FL,1,PHM0032,HealthPlus Pharmacy,Rite Aid,8638 Maple St,New York,NY,24342,(891) 231-7127,PHL89202,8195848246,FX5085870,DOC0278,Dr. Johnson L,4006556394,AQ7040878,MD647259,Cardiology,4410 Hospital Blvd,Houston,FL,28489,(641) 800-7805,25,PAT004593,35,Other,49145,OH,Self-Pay,INS46111,GRP8486,382210,PCN7173,62.48,1469.91,218.84,R51,Diabetes,Antibiotic,Acute Condition,02,270,28,Electronic,Electronic,41.85,10.56,170,146,421,1,0,63.81,0,2,0,Wednesday,Morning,1,1,1,Tier 2,1,0,Insurance,Paid,75,0,1,0,0,0,71.67,5.75,65.93,0
RX00000964,2025-01-10,16:26:50,2024-04-18,0,60,Sertraline,Metformin,41325-264-89,20mg,Tablet,32,72,409.05,533.45,3074.02,17.82,Schedule II,PH0010,Pharmacist_131,RPH498673,PA,16,PHM0031,HealthPlus Pharmacy,Independent,1839 Oak St,Houston,FL,92044,(698) 218-8218,PHL88856,2150705334,FI3155159,DOC0018,Dr. Jones F,3297312359,AC6175238,MD387537,Psychiatry,8824 Hospital Blvd,New York,TX,12536,(283) 758-1197,32,PAT002294,83,M,98735,OH,BlueCross BlueShield,INS93532,GRP7769,467518,PCN7133,22.42,1137.89,234.51,M25.551,Depression,Antidiabetic,Acute Condition,02,36,24,Phone,Fax,2.3,2.65,111,97,307,0,0,83.15,0,0,7,Saturday,Morning,0,0,1,Non-Formulary,0,3,Insurance,Rejected,75,1,1,0,1,1,76.0,8.51,-41.24,1
RX00000965,2024-01-27,13:00:06,2025-03-28,6,90,Ciprofloxacin,Montelukast,67408-988-37,50mg,Capsule,116,141,212.55,1906.91,3634.48,37.62,Schedule IV,PH0017,Pharmacist_114,RPH758392,CA,12,PHM0031,Main Street Pharmacy,Rite Aid,5825 Park St,New York,CA,12644,(662) 904-3729,PHL43647,6214658885,FD7975674,DOC0497,Dr. Brown Y,1022259152,AA4994346,MD812342,Internal Medicine,7776 Clinic Blvd,Houston,TX,79590,(968) 641-6243,38,PAT002245,69,F,37416,IL,Kaiser Permanente,INS34343,GRP3842,211357,PCN8422,42.39,3643.21,375.55,M25.551,Asthma,Cardiovascular,Acute Condition,00,307,18,Written,Fax,0.6,14.08,237,731,436,0,0,83.37,1,4,6,Tuesday,Evening,1,1,0,Tier 3,0,0,Check,Pending,79,0,1,1,1,1,22.6,72.46,-76.21,0
RX00000966,2024-01-11,08:02:11,2025-04-26,12,60,Clopidogrel,Escitalopram,37932-544-13,50mg,Tablet,123,27,117.45,1949.32,1248.79,32.4,Schedule II,PH0063,Pharmacist_109,RPH370127,OH,32,PHM0047,Express Meds,Independent,8939 Maple St,New York,NY,48991,(612) 270-3698,PHL54913,3560230431,FZ5133494,DOC0017,Dr. Smith Q,4447140851,AD5504876,MD946377,Orthopedics,6227 Health Blvd,New York,NY,57157,(299) 949-4551,31,PAT001670,49,Other,23574,IL,Humana,INS95258,GRP9636,534681,PCN1355,89.25,306.58,164.2,E11.9,Depression,Psychotherapeutic,Chronic Disease,02,262,0,Electronic,Paper,3.48,29.51,497,967,214,0,0,156.34,5,0,8,Sunday,Morning,1,0,1,Tier 3,1,3,Credit Card,Rejected,76,1,0,0,1,1,72.18,77.32,37.7,1
RX00000967,2024-07-27,18:06:48,2024-12-11,7,60,Methylprednisolone,Methylprednisolone,62351-858-43,100mg,Capsule,65,121,461.57,424.17,344.64,23.08,Schedule III,PH0127,Pharmacist_4,RPH276075,OH,29,PHM0040,TrustedMeds,Walgreens,1119 Maple St,Phoenix,IL,96986,(597) 273-2610,PHL23625,2921804609,FI8550052,DOC0002,Dr. Garcia W,5815517528,AV8000808,MD467484,Dermatology,4592 Health Blvd,New York,IL,94011,(376) 456-1566,1,PAT000749,35,M,30259,IL,Medicaid,INS86740,GRP6742,475506,PCN6048,81.11,3878.67,60.78,M79.7,Diabetes,Antidiabetic,Acute Condition,01,36,12,Phone,Paper,3.19,14.27,130,467,466,0,0,117.15,0,7,4,Wednesday,Night,0,0,1,Non-Formulary,0,2,Insurance,Reversed,75,0,1,0,0,1,73.33,67.47,75.76,1
RX00000968,2025-04-09,17:27:26,2024-03-16,10,90,Ibuprofen,Oxycodone,10312-690-75,100mg,Injection,147,10,336.82,156.44,302.8,46.08,Schedule II,PH0011,Pharmacist_49,RPH404135,OH,1,PHM0012,Main Street Pharmacy,Walgreens,7975 Maple St,New York,CA,83305,(863) 937-2312,PHL86685,4956778939,FD6795293,DOC0303,Dr. Williams Y,5394258708,AZ7681458,MD277976,Psychiatry,9348 Clinic Blvd,Phoenix,TX,23296,(783) 700-6367,14,PAT004941,87,Other,55729,TX,Medicare,INS64823,GRP1149,705573,PCN5381,9.26,2336.39,496.03,I10,Asthma,Antibiotic,Preventive,00,125,-9,Fax,Electronic,88.3,20.39,340,162,441,1,0,146.55,1,9,2,Friday,Evening,0,1,0,Non-Formulary,1,2,Insurance,Paid,76,0,0,0,0,1,45.03,65.6,38.83,0
RX00000969,2024-09-07,14:15:36,2025-08-24,7,30,Amoxicillin,Hydrochlorothiazide,98953-352-42,500mg,Tablet,18,111,498.59,2530.2,3138.17,27.45,Schedule V,PH0046,Pharmacist_52,RPH189862,FL,25,PHM0006,TrustedMeds,Independent,4440 Washington St,Philadelphia,OH,93111,(730) 726-3112,PHL49993,9048891961,FR2691397,DOC0001,Dr. Miller K,7157941127,AE7692738,MD409814,Dermatology,7089 Clinic Blvd,Chicago,IL,24237,(556) 316-2206,25,PAT000706,49,M,48137,PA,Medicaid,INS91276,GRP8206,828386,PCN2203,91.84,2572.55,166.83,I10,Depression,Antidiabetic,Infection,01,9,16,Written,Paper,1.95,24.7,467,822,442,0,0,123.34,1,7,6,Thursday,Evening,0,1,1,Tier 2,0,3,Credit Card,Pending,None,0,1,0,1,1,80.94,66.56,62.06,1
RX00000970,2025-03-10,18:22:02,2025-08-14,9,90,Montelukast,Metformin,76361-687-39,20mg,Tablet,163,76,219.9,3269.9,569.93,41.7,Schedule II,PH0187,Pharmacist_66,RPH650452,IL,3,PHM0031,Main Street Pharmacy,Independent,6692 Oak St,New York,TX,28781,(781) 264-9683,PHL53782,5616953397,FQ7459926,DOC0240,Dr. Johnson D,5936796694,AH1885900,MD765093,General Practice,1999 Clinic Blvd,Phoenix,FL,94697,(392) 354-5394,36,PAT001539,32,Other,20984,TX,Self-Pay,INS43934,GRP4049,700379,PCN7429,54.61,1276.75,247.67,J44.9,Asthma,Psychotherapeutic,Preventive,03,86,17,Fax,Electronic,63.07,24.49,266,505,6,0,1,50.06,2,2,8,Wednesday,Morning,0,0,0,Non-Formulary,0,1,Debit Card,Rejected,88,1,1,0,1,0,16.19,32.12,84.07,0
RX00000971,2025-05-17,12:22:54,2025-10-30,9,60,Albuterol,Amlodipine,28852-495-19,100mg,Injection,107,77,168.46,2678.59,2158.5,38.95,Schedule III,PH0102,Pharmacist_141,RPH492635,FL,25,PHM0030,QuickMeds,Independent,6579 Oak St,Chicago,CA,56215,(744) 347-1577,PHL89977,9548066497,FB6061482,DOC0016,Dr. Garcia N,1894814007,AE8764350,MD321760,Oncology,9654 Clinic Blvd,Houston,CA,50244,(878) 566-6524,16,PAT002509,22,M,16213,IL,Self-Pay,INS83069,GRP7457,849388,PCN7809,65.31,3357.86,129.54,R51,Asthma,Cardiovascular,Acute Condition,01,240,-29,Fax,Phone,2.47,41.39,140,514,475,1,1,136.63,5,0,0,Saturday,Afternoon,0,1,1,Tier 3,0,2,Cash,Paid,79,1,0,1,0,1,91.7,49.19,-68.91,1
RX00000972,2024-10-27,09:27:19,2024-12-02,10,60,Ciprofloxacin,Prednisone,39438-719-79,500mg,Capsule,28,111,42.9,4597.24,4162.85,44.88,Schedule V,PH0087,Pharmacist_134,RPH848821,IL,11,PHM0018,CarePlus Pharmacy,CVS,7320 Park St,Philadelphia,CA,14473,(749) 452-1903,PHL17219,4233493112,FP7029369,DOC0257,Dr. Johnson P,4707476094,AJ3805299,MD270837,Internal Medicine,6666 Medical Blvd,Los Angeles,FL,31925,(600) 480-5493,15,PAT001881,34,F,81262,OH,Medicaid,INS55037,GRP6850,607618,PCN5181,67.58,2640.97,412.15,F33.1,Diabetes,Antidiabetic,Acute Condition,03,105,-29,Phone,Paper,89.5,46.01,24,246,317,0,1,85.02,2,0,8,Sunday,Night,1,1,0,Non-Formulary,0,4,Check,Rejected,None,1,0,1,1,0,10.48,50.99,10.08,0
RX00000973,2024-07-10,09:04:17,2025-10-24,10,90,Escitalopram,Amlodipine,22717-937-89,10mg,Cream,123,99,376.66,4928.99,3344.37,14.91,Schedule IV,PH0123,Pharmacist_5,RPH380669,TX,28,PHM0038,Main Street Pharmacy,Independent,7456 Washington St,Los Angeles,OH,48754,(729) 604-6470,PHL42906,1566164199,FG1899332,DOC0149,Dr. Johnson A,3626602239,AR9358718,MD138187,Oncology,7082 Health Blvd,Houston,IL,17558,(360) 219-4312,17,PAT003634,40,M,42006,CA,Aetna,INS31366,GRP8187,675393,PCN1937,51.24,367.88,280.1,G89.29,Arthritis,Cardiovascular,Infection,02,141,-11,Written,Fax,71.61,45.2,100,779,130,0,1,4.07,2,3,6,Wednesday,Afternoon,1,1,1,Non-Formulary,0,4,Check,Paid,76,0,1,0,1,1,25.95,41.02,-2.64,0
RX00000974,2025-05-19,08:15:29,2025-02-07,12,30,Oxycodone,Amoxicillin,92626-848-65,500mg,Capsule,167,45,134.45,1377.52,3744.06,36.44,None,PH0060,Pharmacist_26,RPH340560,PA,16,PHM0034,HealthPlus Pharmacy,CVS,7860 Washington St,Chicago,NY,82281,(474) 375-9654,PHL52503,5669020364,FU9298911,DOC0158,Dr. Williams N,6706425276,AK9675981,MD834218,Pediatrics,6819 Medical Blvd,Phoenix,CA,60908,(537) 466-8111,16,PAT003090,83,Other,17910,TX,Aetna,INS43587,GRP6361,572290,PCN6549,9.08,205.15,320.98,R51,Depression,Analgesic,Acute Condition,03,43,-6,Electronic,Phone,96.82,12.38,378,994,204,0,1,169.7,3,4,2,Thursday,Evening,0,1,1,Tier 2,0,1,Debit Card,Reversed,75,1,0,1,1,0,0.69,33.11,51.62,0
RX00000975,2025-02-17,10:35:51,2025-05-04,3,30,Omeprazole,Oxycodone,99056-779-75,20mg,Syrup,121,51,243.68,3548.36,2115.28,8.92,None,PH0131,Pharmacist_175,RPH260777,OH,1,PHM0048,Express Meds,Rite Aid,145 Maple St,Chicago,TX,13893,(818) 643-9334,PHL33059,5075600858,FU2035356,DOC0418,Dr. Smith Y,1339050480,AJ3874185,MD542004,Oncology,5541 Medical Blvd,Los Angeles,IL,94393,(651) 766-4156,18,PAT004166,27,Other,85348,TX,Medicare,INS23122,GRP6107,940250,PCN7544,23.42,2143.27,304.08,M54.5,Depression,Antibiotic,Infection,04,232,28,Written,Fax,40.92,16.6,43,476,257,1,0,106.42,3,3,3,Friday,Afternoon,0,1,1,Tier 1,0,1,Insurance,Rejected,75,1,1,1,0,1,63.35,50.92,-52.95,0
RX00000976,2025-08-30,12:06:35,2023-12-23,0,30,Amlodipine,Escitalopram,49661-289-56,250mg,Injection,30,35,206.52,2488.16,1377.31,10.85,Schedule IV,PH0094,Pharmacist_77,RPH200960,CA,21,PHM0040,CarePlus Pharmacy,Rite Aid,5233 Washington St,Phoenix,TX,48970,(349) 225-7704,PHL59287,1465388297,FI5542370,DOC0236,Dr. Williams H,8710584984,AI3468657,MD128699,Endocrinology,9109 Health Blvd,New York,IL,74064,(716) 463-9327,13,PAT004299,90,M,85298,NY,Humana,INS30551,GRP9443,171035,PCN2426,13.56,843.8,208.27,R51,Diabetes,Psychotherapeutic,Infection,04,271,-1,Fax,Fax,22.77,27.06,423,840,457,1,0,49.81,0,3,5,Monday,Afternoon,1,1,1,Tier 2,0,4,Credit Card,Paid,75,1,1,0,0,1,30.26,87.56,-7.5,0
RX00000977,2024-11-15,15:18:26,2024-02-01,3,30,Prednisone,Prednisone,16791-352-47,250mg,Syrup,109,128,385.35,216.21,599.81,43.78,Schedule IV,PH0097,Pharmacist_143,RPH110134,PA,27,PHM0031,TrustedMeds,Independent,4410 Park St,New York,NY,80125,(412) 498-4098,PHL11781,6358524961,FX6953875,DOC0017,Dr. Brown I,4088630559,AM8552306,MD294268,Cardiology,228 Health Blvd,Phoenix,CA,29371,(373) 305-9599,2,PAT001745,36,F,38512,CA,BlueCross BlueShield,INS21055,GRP5081,943610,PCN9341,55.86,2522.09,204.13,R51,Arthritis,Antidiabetic,Infection,04,76,-18,Written,Electronic,4.29,31.99,92,412,307,1,1,129.24,2,5,5,Tuesday,Afternoon,1,0,1,Non-Formulary,1,1,Credit Card,Reversed,88,0,0,1,0,0,77.16,99.54,55.19,1
RX00000978,2024-06-01,11:53:43,2025-11-14,12,30,Albuterol,Sertraline,44217-565-29,250mg,Cream,105,167,332.75,1266.67,626.52,10.59,Schedule III,PH0189,Pharmacist_88,RPH887191,IL,23,PHM0025,Express Meds,Independent,9338 Washington St,Phoenix,CA,48500,(772) 962-2616,PHL75864,1044104005,FS1655877,DOC0015,Dr. Smith Q,9934957925,AC5267358,MD137470,Internal Medicine,2332 Clinic Blvd,Phoenix,IL,36874,(267) 736-2058,1,PAT000295,80,Other,13301,OH,Kaiser Permanente,INS99774,GRP9017,359594,PCN9117,48.01,3705.53,286.18,J45.909,Asthma,Antidiabetic,Pain,02,20,7,Fax,Electronic,2.78,29.53,148,251,410,0,0,138.29,0,3,2,Wednesday,Evening,1,0,0,Tier 2,1,1,Debit Card,Reversed,79,0,0,0,1,0,87.34,83.78,75.44,1
RX00000979,2024-08-23,17:48:05,2025-05-21,3,90,Gabapentin,Amlodipine,47212-844-60,20mg,Tablet,143,83,221.78,562.44,748.29,6.49,Schedule II,PH0154,Pharmacist_172,RPH313408,FL,33,PHM0038,Central Drug Store,Walgreens,4927 Main St,Chicago,FL,96288,(703) 692-5063,PHL32335,4288122024,FQ3212189,DOC0222,Dr. Jones W,2308281344,AQ5651415,MD533408,Endocrinology,5405 Clinic Blvd,Houston,CA,36901,(613) 869-9473,27,PAT002109,42,F,83440,CA,Aetna,INS77597,GRP2101,876340,PCN2332,48.32,3019.25,446.93,E78.5,Diabetes,Cardiovascular,Chronic Disease,03,93,1,Phone,Electronic,73.76,39.63,117,832,53,1,0,-44.34,4,10,2,Thursday,Evening,1,1,1,Tier 3,0,1,Insurance,Paid,88,1,0,1,1,0,78.27,3.04,-25.34,0
RX00000980,2024-02-29,14:36:47,2025-09-13,7,30,Losartan,Ciprofloxacin,97973-187-26,10mg,Syrup,107,88,147.8,2031.21,2116.87,8.05,Schedule V,PH0125,Pharmacist_78,RPH538469,FL,15,PHM0020,Express Meds,Rite Aid,5020 Park St,New York,OH,56640,(904) 672-6148,PHL31351,5306252282,FF6198012,DOC0395,Dr. Jones U,9474644030,AG2792057,MD794367,Neurology,4010 Clinic Blvd,Los Angeles,NY,93704,(774) 295-4090,10,PAT000092,31,F,12980,FL,Anthem,INS29221,GRP7304,455923,PCN1491,42.67,3854.0,431.7,F33.1,Hypertension,Analgesic,Acute Condition,04,152,-30,Fax,Fax,26.53,8.12,183,695,229,1,0,107.15,1,10,1,Tuesday,Morning,0,1,0,Non-Formulary,1,1,Debit Card,Rejected,76,0,1,0,1,1,62.77,46.1,89.54,0
RX00000981,2024-04-10,18:19:45,2024-07-03,0,60,Escitalopram,Metformin,77432-188-81,100mg,Cream,30,133,229.61,185.02,2177.48,13.66,Schedule V,PH0185,Pharmacist_39,RPH319029,FL,13,PHM0009,QuickMeds,CVS,5825 Main St,Chicago,OH,30419,(955) 434-6259,PHL49223,2049011178,FJ1185316,DOC0188,Dr. Jones W,2711269950,AE9662164,MD310130,Neurology,7218 Hospital Blvd,Houston,IL,79521,(958) 379-8759,1,PAT004206,70,Other,95103,TX,BlueCross BlueShield,INS31318,GRP2106,867561,PCN4592,42.19,2257.56,472.64,E11.9,Asthma,Analgesic,Pain,03,138,10,Phone,Fax,79.99,13.03,272,887,178,0,1,59.32,5,8,8,Tuesday,Evening,1,0,1,Tier 2,1,0,Credit Card,Paid,None,1,1,1,1,1,27.7,42.79,88.91,0
RX00000982,2024-04-10,08:24:56,2024-04-10,5,60,Gabapentin,Sertraline,96035-493-35,20mg,Syrup,49,93,457.01,2110.27,1430.35,29.67,Schedule II,PH0098,Pharmacist_132,RPH200503,PA,4,PHM0021,Corner Pharmacy,Rite Aid,2293 Maple St,New York,FL,59287,(761) 242-4179,PHL92698,1222125529,FN6313533,DOC0104,Dr. Smith X,9184189011,AH6322368,MD775514,Dermatology,7950 Hospital Blvd,Los Angeles,NY,48372,(386) 822-1906,2,PAT000021,50,F,65036,OH,Anthem,INS90629,GRP5177,431469,PCN3567,89.37,2266.19,271.69,F33.1,Arthritis,Analgesic,Pain,04,23,6,Electronic,Paper,25.98,10.85,113,392,418,0,0,92.3,2,5,4,Saturday,Night,0,1,0,Tier 2,1,2,Credit Card,Paid,88,1,1,1,1,1,51.72,42.95,-12.68,0
RX00000983,2024-03-07,09:49:00,2025-12-01,10,30,Clopidogrel,Atorvastatin,26209-812-80,20mg,Capsule,104,144,213.18,1984.59,3299.62,29.51,Schedule V,PH0147,Pharmacist_53,RPH190607,PA,18,PHM0046,Metro Pharmacy,Independent,9947 Main St,Chicago,TX,84247,(988) 547-3980,PHL63852,6482513499,FO1966330,DOC0406,Dr. Garcia E,8697039827,AV3001940,MD426032,General Practice,273 Clinic Blvd,New York,TX,44480,(304) 355-8941,15,PAT001701,54,F,16181,PA,Kaiser Permanente,INS60168,GRP4085,478166,PCN4558,91.93,2910.99,147.77,M79.7,Arthritis,Analgesic,Infection,03,72,-21,Phone,Fax,27.57,32.7,238,126,256,0,1,141.9,3,9,6,Thursday,Evening,0,1,1,Tier 3,0,1,Check,Pending,79,1,1,0,1,1,5.94,99.56,-8.06,0
RX00000984,2024-07-27,11:14:03,2024-02-22,11,30,Clopidogrel,Atorvastatin,72637-550-28,500mg,Injection,32,26,315.48,1634.08,1802.24,40.68,Schedule IV,PH0180,Pharmacist_187,RPH170550,NY,28,PHM0032,QuickMeds,CVS,7003 Maple St,New York,FL,37241,(448) 321-5141,PHL13640,7337496591,FT1132709,DOC0350,Dr. Smith N,3169397629,AV3726848,MD557401,Orthopedics,814 Hospital Blvd,New York,NY,38972,(223) 796-1203,34,PAT003493,32,M,12174,IL,Medicaid,INS55054,GRP4461,164561,PCN7275,75.59,1481.9,335.45,M54.5,Diabetes,Antibiotic,Infection,03,270,25,Electronic,Paper,36.46,2.2,499,140,233,1,0,199.16,5,8,6,Sunday,Evening,1,0,0,Non-Formulary,1,0,Cash,Paid,79,1,1,0,0,1,6.72,33.2,65.22,0
RX00000985,2024-08-07,14:49:40,2024-10-04,3,90,Ibuprofen,Sertraline,67009-457-27,250mg,Syrup,55,110,98.05,2976.59,1254.12,46.26,Schedule II,PH0008,Pharmacist_119,RPH466004,FL,31,PHM0026,Prime Pharmacy,Rite Aid,1295 Oak St,New York,NY,12247,(616) 867-1095,PHL23908,7837442861,FM8375385,DOC0179,Dr. Brown G,2197351192,AY3399419,MD379192,Internal Medicine,8911 Hospital Blvd,New York,FL,83746,(891) 348-1381,22,PAT003070,55,Other,36501,IL,UnitedHealth,INS30546,GRP6854,829676,PCN9880,18.52,1213.04,430.04,E11.9,Hypertension,Analgesic,Chronic Disease,00,363,-20,Fax,Electronic,81.8,10.52,459,950,341,1,0,-46.28,2,10,8,Wednesday,Evening,0,0,0,Tier 2,1,2,Credit Card,Reversed,75,1,1,0,1,1,75.56,52.9,40.23,0
RX00000986,2024-06-03,18:23:23,2025-06-28,7,90,Ciprofloxacin,Morphine,36084-491-60,20mg,Syrup,87,138,323.93,4447.36,27.84,33.35,None,PH0059,Pharmacist_191,RPH188464,FL,17,PHM0042,Central Drug Store,Independent,8125 Main St,Chicago,CA,79076,(891) 675-8200,PHL81469,8963805921,FH1306389,DOC0380,Dr. Brown Q,9868752261,AA7416889,MD460348,Endocrinology,7568 Hospital Blvd,Los Angeles,IL,21931,(508) 876-4914,21,PAT004878,75,M,36783,TX,UnitedHealth,INS20507,GRP6604,483791,PCN3424,25.39,1566.8,241.15,R51,Diabetes,Antibiotic,Preventive,02,110,29,Written,Paper,9.72,8.23,482,902,108,1,1,123.62,5,8,2,Saturday,Afternoon,0,1,1,Tier 2,0,4,Check,Pending,76,1,0,0,1,0,89.16,74.81,-5.56,0
RX00000987,2025-07-17,10:46:36,2024-12-11,10,90,Omeprazole,Losartan,95025-541-44,100mg,Tablet,13,102,216.79,575.44,1318.64,40.77,None,PH0069,Pharmacist_144,RPH628730,FL,33,PHM0038,TrustedMeds,Rite Aid,5721 Washington St,New York,PA,44547,(629) 715-5507,PHL97230,3111696473,FQ7649915,DOC0308,Dr. Johnson A,3338853477,AE2373174,MD717693,Psychiatry,7477 Hospital Blvd,Phoenix,FL,26042,(348) 843-7224,14,PAT003935,74,M,72937,NY,BlueCross BlueShield,INS94636,GRP2683,406682,PCN1508,52.07,128.28,248.09,G89.29,Depression,Cardiovascular,Acute Condition,03,227,-9,Written,Fax,96.58,3.98,483,131,161,1,1,153.22,4,8,8,Sunday,Evening,0,0,1,Tier 1,0,4,Insurance,Paid,79,0,0,1,1,1,64.8,70.02,-77.65,0
RX00000988,2025-06-05,10:06:17,2025-08-27,8,30,Prednisone,Albuterol,48701-334-87,100mg,Cream,23,34,247.15,1426.4,4303.44,15.99,Schedule IV,PH0048,Pharmacist_189,RPH295055,NY,18,PHM0012,TrustedMeds,Independent,5331 Maple St,Los Angeles,IL,14359,(218) 667-3115,PHL97655,3443653829,FG8069013,DOC0001,Dr. Williams W,9161684963,AY9827881,MD717141,Neurology,4741 Health Blvd,Phoenix,TX,66761,(943) 462-4029,10,PAT003497,25,F,32828,CA,Medicare,INS30018,GRP6922,863982,PCN5530,73.66,163.36,127.33,G89.29,Arthritis,Cardiovascular,Infection,03,48,28,Phone,Electronic,2.51,16.66,212,133,393,1,0,143.46,3,7,1,Saturday,Afternoon,1,0,0,Non-Formulary,1,4,Credit Card,Reversed,88,1,0,0,1,0,80.85,32.38,32.48,1
RX00000989,2025-09-27,16:41:54,2024-09-13,11,60,Ibuprofen,Tramadol,72766-808-43,250mg,Cream,28,40,424.68,4153.04,895.1,6.3,None,PH0091,Pharmacist_148,RPH754505,OH,29,PHM0013,QuickMeds,Rite Aid,4860 Oak St,Chicago,PA,13656,(861) 680-1765,PHL24885,3664053354,FY7283898,DOC0015,Dr. Smith U,7524047345,AZ7544018,MD182581,Cardiology,1850 Health Blvd,Chicago,CA,47244,(846) 853-4209,37,PAT004308,24,F,10858,TX,Humana,INS31862,GRP2429,649748,PCN6245,97.9,4313.32,27.27,J45.909,Arthritis,Analgesic,Acute Condition,02,112,-17,Fax,Phone,4.28,21.24,125,442,316,1,0,108.91,0,7,5,Wednesday,Afternoon,1,1,0,Tier 2,1,4,Cash,Rejected,76,0,1,1,0,1,97.53,14.36,-33.3,1
RX00000990,2024-02-26,09:56:35,2025-12-14,10,60,Metformin,Amoxicillin,58557-219-99,500mg,Tablet,156,62,42.82,3539.07,1428.15,19.01,None,PH0162,Pharmacist_94,RPH629489,PA,9,PHM0009,QuickMeds,Independent,2509 Maple St,Phoenix,TX,71107,(923) 658-1142,PHL31992,3734738793,FO2960374,DOC0016,Dr. Jones Y,8044093276,AN1471850,MD460487,Orthopedics,8457 Clinic Blvd,Houston,NY,54643,(533) 857-9485,5,PAT001986,71,F,63552,CA,Medicaid,INS82721,GRP1543,154174,PCN8499,15.52,4142.07,428.29,M25.551,Asthma,Antibiotic,Chronic Disease,01,48,28,Phone,Paper,4.07,5.32,169,379,379,1,0,52.57,0,10,4,Saturday,Evening,0,1,1,Non-Formulary,1,3,Debit Card,Pending,79,0,1,0,1,0,85.95,72.46,29.09,1
RX00000991,2024-09-19,13:46:52,2025-01-10,10,90,Amlodipine,Lisinopril,20473-157-78,10mg,Capsule,59,78,460.55,3014.91,3694.95,14.67,Schedule III,PH0164,Pharmacist_86,RPH195587,PA,8,PHM0035,MediCare Drug Store,Rite Aid,5433 Park St,Phoenix,PA,21283,(678) 958-8061,PHL10654,3853210549,FP5756084,DOC0254,Dr. Miller M,1470603981,AB4379356,MD124595,Dermatology,5786 Health Blvd,Los Angeles,NY,21250,(394) 547-1221,26,PAT002159,78,M,98348,CA,Self-Pay,INS59034,GRP9732,591765,PCN7622,1.21,310.75,317.8,J44.9,Hypertension,Analgesic,Infection,00,173,-1,Written,Phone,59.36,5.42,452,371,2,0,0,70.51,3,2,5,Monday,Afternoon,0,1,0,Non-Formulary,1,2,Debit Card,Rejected,75,1,1,0,0,0,38.47,36.89,-57.0,0
RX00000992,2024-02-29,08:49:42,2025-06-29,6,60,Ciprofloxacin,Atorvastatin,66992-511-52,10mg,Cream,70,133,100.78,4040.95,259.52,23.57,Schedule V,PH0140,Pharmacist_19,RPH597381,FL,9,PHM0043,Metro Pharmacy,CVS,338 Main St,New York,PA,34707,(377) 727-4608,PHL21237,1353955841,FA4150240,DOC0040,Dr. Jones O,6552387457,AE7246871,MD556418,Pediatrics,7038 Clinic Blvd,Houston,CA,42340,(914) 243-8476,10,PAT000156,71,M,10885,NY,Medicaid,INS41667,GRP5516,700193,PCN8029,63.86,3568.69,312.86,J45.909,Hypertension,Antidiabetic,Chronic Disease,04,109,-23,Phone,Paper,25.01,1.67,261,77,440,0,1,149.97,5,8,7,Friday,Morning,0,0,0,Tier 3,0,3,Insurance,Reversed,None,0,0,1,0,1,31.37,69.25,-42.48,0
RX00000993,2025-06-16,11:04:12,2024-01-07,8,60,Levothyroxine,Albuterol,71102-947-35,20mg,Capsule,15,122,223.06,1024.54,3841.64,14.59,Schedule IV,PH0070,Pharmacist_120,RPH391148,OH,25,PHM0020,TrustedMeds,Independent,2564 Oak St,New York,TX,56497,(862) 514-2326,PHL26787,1491674963,FJ3437560,DOC0011,Dr. Jones G,7993755168,AM2129188,MD162369,Psychiatry,310 Medical Blvd,Chicago,CA,41707,(436) 594-9121,28,PAT004853,32,M,39086,TX,Medicare,INS85149,GRP2724,941267,PCN1469,1.01,844.81,48.7,I25.10,Arthritis,Antibiotic,Preventive,00,202,-19,Written,Fax,1.75,48.73,5,990,239,1,1,176.89,5,9,5,Monday,Evening,0,0,1,Tier 3,1,2,Debit Card,Reversed,76,1,1,0,1,0,72.46,67.02,-82.59,1
RX00000994,2025-06-20,15:38:58,2024-12-16,4,90,Ciprofloxacin,Omeprazole,17637-400-16,500mg,Injection,83,153,498.69,2242.28,54.67,26.24,None,PH0069,Pharmacist_157,RPH317140,PA,25,PHM0044,MediCare Drug Store,Walgreens,1768 Main St,Houston,FL,95336,(464) 497-5595,PHL14652,6327276340,FC7883413,DOC0403,Dr. Miller B,7272411426,AS2962428,MD205057,Cardiology,1027 Medical Blvd,New York,NY,80610,(419) 864-8205,3,PAT001230,62,Other,63473,NY,BlueCross BlueShield,INS28698,GRP9781,953734,PCN4797,81.19,1819.59,484.4,E11.9,Depression,Analgesic,Preventive,04,327,-8,Written,Electronic,19.41,16.77,36,225,181,0,1,183.21,2,8,7,Sunday,Morning,0,0,1,Tier 1,0,1,Cash,Rejected,75,1,0,0,0,0,40.79,59.93,52.76,0
RX00000995,2025-04-16,09:54:04,2024-12-11,6,90,Escitalopram,Lisinopril,71759-813-19,100mg,Capsule,116,137,448.85,659.93,4424.45,41.86,Schedule III,PH0091,Pharmacist_167,RPH503726,FL,19,PHM0046,Family Pharmacy,Rite Aid,5475 Main St,Los Angeles,FL,26063,(875) 566-9538,PHL64674,7985376239,FC4999918,DOC0217,Dr. Williams O,5588791235,AM2564801,MD791917,Dermatology,7516 Health Blvd,Houston,TX,42952,(799) 991-6851,39,PAT003922,45,F,82845,FL,Aetna,INS63142,GRP6767,824004,PCN2977,85.74,2153.73,310.52,M54.5,Asthma,Cardiovascular,Pain,03,305,-19,Phone,Paper,11.97,13.77,344,187,352,1,1,104.59,1,6,3,Friday,Morning,1,0,1,Tier 2,0,0,Insurance,Reversed,75,1,1,1,0,1,98.4,30.95,-51.08,0
RX00000996,2025-10-23,14:08:28,2024-05-11,3,30,Losartan,Montelukast,88232-927-59,50mg,Capsule,150,151,224.58,967.24,1285.36,21.89,Schedule II,PH0073,Pharmacist_182,RPH521701,TX,18,PHM0009,Family Pharmacy,Independent,7553 Oak St,Los Angeles,OH,39117,(302) 947-4082,PHL11017,8950888855,FA1099992,DOC0479,Dr. Garcia K,5070146973,AF5326576,MD654324,Psychiatry,3202 Clinic Blvd,New York,TX,89645,(567) 400-8135,19,PAT000408,48,F,30886,FL,BlueCross BlueShield,INS38009,GRP3761,106273,PCN4274,41.98,2837.27,481.11,N18.3,Hypertension,Analgesic,Acute Condition,01,204,-16,Phone,Phone,48.21,45.97,355,191,153,1,0,92.87,1,0,0,Friday,Evening,1,0,0,Tier 3,0,3,Cash,Rejected,88,0,0,1,0,0,51.56,3.19,92.47,0
RX00000997,2025-02-20,09:03:50,2024-12-13,0,30,Lisinopril,Methylprednisolone,74693-862-20,10mg,Tablet,126,177,3.78,4769.58,4192.49,38.62,Schedule II,PH0060,Pharmacist_132,RPH448599,TX,19,PHM0032,Prime Pharmacy,Rite Aid,8390 Maple St,Houston,FL,73028,(520) 233-7360,PHL36037,6497508025,FO1136085,DOC0071,Dr. Jones I,9531183427,AJ3993713,MD618620,Pediatrics,953 Health Blvd,Houston,FL,46767,(504) 494-2919,4,PAT003092,33,Other,31767,CA,Medicaid,INS93199,GRP6112,887778,PCN2123,70.46,638.03,18.2,N18.3,Diabetes,Psychotherapeutic,Acute Condition,03,231,-17,Electronic,Paper,39.16,29.27,34,522,307,1,1,67.08,0,2,2,Tuesday,Morning,0,1,1,Tier 1,1,0,Debit Card,Pending,75,1,0,0,0,1,93.25,88.93,-0.77,0
RX00000998,2025-06-10,15:56:48,2025-03-25,4,30,Metformin,Oxycodone,88395-556-98,50mg,Syrup,44,67,290.51,4576.69,2311.93,48.4,Schedule V,PH0127,Pharmacist_6,RPH959383,TX,12,PHM0033,Family Pharmacy,Walgreens,5895 Oak St,Philadelphia,CA,25293,(564) 985-9668,PHL69539,5478291304,FT2323279,DOC0075,Dr. Garcia V,4011292478,AW4162189,MD731924,General Practice,2774 Medical Blvd,New York,IL,61702,(241) 510-5400,7,PAT002836,46,Other,53064,CA,Self-Pay,INS80473,GRP2158,648606,PCN2107,28.05,1697.23,283.49,F41.9,Depression,Analgesic,Infection,03,48,16,Electronic,Fax,63.76,36.56,408,991,231,0,0,-43.0,1,4,3,Sunday,Evening,0,0,0,Tier 3,0,2,Check,Reversed,76,0,0,0,1,0,53.26,5.92,50.49,0
RX00000999,2025-02-08,18:14:41,2024-03-30,4,30,Tramadol,Sertraline,83116-499-27,10mg,Capsule,171,41,455.34,3203.69,363.67,37.32,None,PH0186,Pharmacist_123,RPH222719,PA,29,PHM0036,HealthPlus Pharmacy,Independent,9340 Park St,Phoenix,FL,59083,(790) 731-6770,PHL49483,1886826022,FG5949207,DOC0093,Dr. Garcia F,2432289107,AG9466279,MD936139,Psychiatry,2023 Health Blvd,Chicago,TX,64807,(534) 266-8543,14,PAT002115,39,F,29874,PA,BlueCross BlueShield,INS94523,GRP7928,949184,PCN2669,57.07,3915.93,404.53,M54.5,Depression,Psychotherapeutic,Chronic Disease,01,13,19,Electronic,Phone,43.85,22.83,355,655,377,0,1,81.55,2,1,2,Wednesday,Evening,1,1,0,Tier 1,0,2,Insurance,Reversed,75,1,0,1,0,0,30.26,25.58,93.59,0
RX00001000,2024-04-21,15:35:24,2024-03-08,1,30,Albuterol,Morphine,63151-107-17,20mg,Syrup,45,52,430.18,842.55,1739.94,42.1,Schedule IV,PH0183,Pharmacist_186,RPH619079,FL,21,PHM0005,Community Health Pharmacy,Rite Aid,6539 Washington St,Los Angeles,CA,41867,(278) 707-3451,PHL25128,4508377893,FN3748113,DOC0319,Dr. Garcia J,2197380053,AC7963467,MD871234,Endocrinology,6370 Medical Blvd,Houston,FL,15267,(202) 207-5899,4,PAT004370,42,Other,35110,FL,Anthem,INS99058,GRP7664,504220,PCN7486,76.29,1762.28,15.74,I25.10,Asthma,Antibiotic,Chronic Disease,04,258,24,Phone,Fax,66.11,43.71,448,47,375,0,1,178.91,5,5,8,Wednesday,Evening,0,1,1,Non-Formulary,0,2,Insurance,Reversed,76,0,1,1,0,1,91.08,96.09,-72.35,0
